strategy,sma_fast,sma_slow,rsi_threshold,upro_pct,tqqq_pct,defensive,sma_delay,bull_caution,vix_kill,total_return_pct,cagr_pct,max_drawdown_pct,sharpe,calmar,win_rate_pct,num_trades,years,final_equity
SMA100_200_RSI50_UPRO100_SHY_delay2_cautionTrue_vix35,100,200,50,100,0,SHY,2,True,35.0,6528.56,84.87,-34.9,2.1249,2.4319,51.5,168,6.8,6628555.97
SMA100_200_RSI50_UPRO100_cash_delay2_cautionTrue_vix35,100,200,50,100,0,cash,2,True,35.0,6371.71,84.22,-34.52,2.1139,2.4397,47.9,168,6.8,6471711.32
SMA50_200_RSI50_UPRO100_SHY_delay0_cautionTrue_vix35,50,200,50,100,0,SHY,0,True,35.0,5883.35,82.11,-40.48,2.1135,2.0283,50.6,163,6.8,5983353.01
SMA50_200_RSI50_UPRO100_cash_delay0_cautionTrue_vix35,50,200,50,100,0,cash,0,True,35.0,5810.96,81.79,-38.45,2.1078,2.127,47.5,163,6.8,5910963.87
SMA50_200_RSI50_UPRO100_SHY_delay2_cautionTrue_vix35,50,200,50,100,0,SHY,2,True,35.0,5672.36,81.16,-39.15,2.0985,2.0731,50.0,163,6.8,5772364.2
SMA50_200_RSI50_UPRO100_cash_delay2_cautionTrue_vix35,50,200,50,100,0,cash,2,True,35.0,5627.02,80.95,-37.08,2.095,2.1833,47.5,163,6.8,5727015.36
SMA100_200_RSI50_UPRO100_SHY_delay0_cautionTrue_vix35,100,200,50,100,0,SHY,0,True,35.0,5847.3,81.95,-34.9,2.0793,2.3484,50.9,168,6.8,5947304.67
SMA100_200_RSI50_UPRO100_cash_delay0_cautionTrue_vix35,100,200,50,100,0,cash,0,True,35.0,5742.38,81.48,-34.52,2.0708,2.3603,47.3,168,6.8,5842381.25
SMA100_200_RSI50_UPRO100_TLT_delay2_cautionTrue_vix35,100,200,50,100,0,TLT,2,True,35.0,6704.03,85.57,-46.67,2.0466,1.8336,52.1,168,6.8,6804025.87
SMA50_200_RSI50_UPRO100_TLT_delay0_cautionTrue_vix35,50,200,50,100,0,TLT,0,True,35.0,5710.45,81.33,-54.6,2.0108,1.4897,50.6,163,6.8,5810453.12
SMA100_200_RSI50_UPRO100_TLT_delay0_cautionTrue_vix35,100,200,50,100,0,TLT,0,True,35.0,5948.41,82.4,-45.48,2.0008,1.8119,52.1,168,6.8,6048408.06
SMA50_200_RSI50_UPRO100_TLT_delay2_cautionTrue_vix35,50,200,50,100,0,TLT,2,True,35.0,5495.19,80.33,-53.18,1.995,1.5106,50.6,163,6.8,5595187.04
SMA100_200_RSI50_UPRO75_SHY_delay2_cautionTrue_vix35,100,200,50,75,25,SHY,2,True,35.0,6793.73,85.93,-36.7,1.9934,2.3417,52.1,168,6.8,6893726.88
SMA100_200_RSI50_UPRO75_cash_delay2_cautionTrue_vix35,100,200,50,75,25,cash,2,True,35.0,6630.81,85.28,-36.33,1.9833,2.3475,48.5,168,6.8,6730810.79
SMA50_200_RSI50_UPRO75_SHY_delay0_cautionTrue_vix35,50,200,50,75,25,SHY,0,True,35.0,6109.68,83.11,-42.07,1.9766,1.9754,51.2,163,6.8,6209676.22
SMA50_200_RSI50_UPRO75_cash_delay0_cautionTrue_vix35,50,200,50,75,25,cash,0,True,35.0,6034.72,82.78,-39.63,1.9715,2.0887,48.1,163,6.8,6134720.36
SMA50_200_RSI50_UPRO75_SHY_delay2_cautionTrue_vix35,50,200,50,75,25,SHY,2,True,35.0,5803.12,81.75,-41.0,1.9559,1.9938,50.6,163,6.8,5903116.49
SMA50_200_RSI50_UPRO75_cash_delay2_cautionTrue_vix35,50,200,50,75,25,cash,2,True,35.0,5756.94,81.54,-38.53,1.9528,2.1166,48.1,163,6.8,5856935.03
SMA100_200_RSI50_UPRO75_SHY_delay0_cautionTrue_vix35,100,200,50,75,25,SHY,0,True,35.0,6064.11,82.91,-36.7,1.9484,2.2594,52.1,168,6.8,6164114.21
SMA100_200_RSI50_UPRO75_cash_delay0_cautionTrue_vix35,100,200,50,75,25,cash,0,True,35.0,5955.55,82.43,-36.33,1.9407,2.2691,47.9,168,6.8,6055547.6
SMA100_200_RSI50_UPRO75_TLT_delay2_cautionTrue_vix35,100,200,50,75,25,TLT,2,True,35.0,6976.28,86.64,-48.22,1.9338,1.7969,52.7,168,6.8,7076282.94
SMA50_200_RSI50_UPRO75_TLT_delay0_cautionTrue_vix35,50,200,50,75,25,TLT,0,True,35.0,5930.75,82.32,-55.94,1.8952,1.4716,51.2,163,6.8,6030745.54
SMA100_200_RSI50_UPRO75_TLT_delay0_cautionTrue_vix35,100,200,50,75,25,TLT,0,True,35.0,6168.89,83.36,-47.22,1.8883,1.7653,52.7,168,6.8,6268887.64
SMA50_200_RSI50_UPRO75_TLT_delay2_cautionTrue_vix35,50,200,50,75,25,TLT,2,True,35.0,5622.23,80.93,-54.59,1.874,1.4825,51.9,163,6.8,5722228.47
SMA100_200_RSI50_UPRO100_SHY_delay2_cautionTrue_vixNone,100,200,50,100,0,SHY,2,True,,4190.91,73.45,-48.48,1.6793,1.515,49.0,154,6.8,4290911.27
SMA100_200_RSI50_UPRO100_cash_delay2_cautionTrue_vixNone,100,200,50,100,0,cash,2,True,,4114.42,73.0,-49.01,1.671,1.4895,48.4,154,6.8,4214416.7
SMA100_200_RSI50_UPRO100_TLT_delay2_cautionTrue_vixNone,100,200,50,100,0,TLT,2,True,,4325.39,74.24,-49.05,1.6696,1.5136,50.3,154,6.8,4425389.39
SMA100_200_RSI45_UPRO100_SHY_delay2_cautionTrue_vix35,100,200,45,100,0,SHY,2,True,35.0,4576.43,75.65,-60.06,1.6499,1.2597,50.8,133,6.8,4676431.37
SMA100_200_RSI45_UPRO100_cash_delay2_cautionTrue_vix35,100,200,45,100,0,cash,2,True,35.0,4463.43,75.03,-60.03,1.641,1.2498,46.2,133,6.8,4563429.63
SMA100_200_RSI50_UPRO100_SHY_delay0_cautionTrue_vixNone,100,200,50,100,0,SHY,0,True,,3749.91,70.72,-48.48,1.6389,1.4586,48.4,154,6.8,3849911.92
SMA100_200_RSI50_UPRO100_cash_delay0_cautionTrue_vixNone,100,200,50,100,0,cash,0,True,,3704.59,70.42,-49.01,1.633,1.437,47.7,154,6.8,3804593.24
SMA100_200_RSI50_UPRO75_SHY_delay2_cautionTrue_vixNone,100,200,50,75,25,SHY,2,True,,4525.28,75.37,-47.29,1.6294,1.5937,49.7,154,6.8,4625279.36
SMA100_200_RSI50_UPRO100_TLT_delay0_cautionTrue_vixNone,100,200,50,100,0,TLT,0,True,,3833.93,71.26,-47.91,1.6274,1.4874,50.3,154,6.8,3933929.91
SMA50_200_RSI50_UPRO100_SHY_delay0_cautionTrue_vixNone,50,200,50,100,0,SHY,0,True,,2779.79,63.61,-48.48,1.6268,1.312,48.3,152,6.8,2879785.51
SMA50_200_RSI50_UPRO100_cash_delay0_cautionTrue_vixNone,50,200,50,100,0,cash,0,True,,2757.11,63.42,-49.01,1.6221,1.2941,47.7,152,6.8,2857112.8
SMA100_200_RSI50_UPRO75_TLT_delay2_cautionTrue_vixNone,100,200,50,75,25,TLT,2,True,,4669.9,76.16,-50.63,1.6221,1.5044,51.0,154,6.8,4769900.44
SMA100_200_RSI50_UPRO75_cash_delay2_cautionTrue_vixNone,100,200,50,75,25,cash,2,True,,4443.02,74.91,-47.8,1.6219,1.5671,49.0,154,6.8,4543023.94
SMA100_200_RSI45_UPRO100_TLT_delay2_cautionTrue_vix35,100,200,45,100,0,TLT,2,True,35.0,4731.05,76.49,-64.89,1.6217,1.1788,50.8,133,6.8,4831053.02
SMA50_200_RSI50_UPRO100_SHY_delay2_cautionTrue_vixNone,50,200,50,100,0,SHY,2,True,,2716.92,63.08,-48.48,1.614,1.3011,47.7,152,6.8,2816922.36
SMA50_200_RSI50_UPRO100_cash_delay2_cautionTrue_vixNone,50,200,50,100,0,cash,2,True,,2709.5,63.02,-49.01,1.6116,1.2859,47.7,152,6.8,2809496.19
SMA100_200_RSI45_UPRO100_SHY_delay0_cautionTrue_vix35,100,200,45,100,0,SHY,0,True,35.0,4074.16,72.75,-60.06,1.6099,1.2114,49.6,134,6.8,4174155.5
SMA100_200_RSI45_UPRO100_cash_delay0_cautionTrue_vix35,100,200,45,100,0,cash,0,True,35.0,4000.86,72.31,-60.03,1.6033,1.2045,45.1,134,6.8,4100855.76
SMA50_200_RSI50_UPRO100_TLT_delay0_cautionTrue_vixNone,50,200,50,100,0,TLT,0,True,,2747.79,63.34,-56.62,1.597,1.1187,49.0,152,6.8,2847785.39
SMA50_200_RSI45_UPRO100_SHY_delay0_cautionTrue_vix35,50,200,45,100,0,SHY,0,True,35.0,3680.53,70.27,-62.18,1.5922,1.13,50.0,133,6.8,3780531.53
SMA100_200_RSI50_UPRO75_SHY_delay0_cautionTrue_vixNone,100,200,50,75,25,SHY,0,True,,4035.75,72.52,-47.29,1.5894,1.5334,49.7,154,6.8,4135752.8
SMA50_200_RSI45_UPRO100_cash_delay0_cautionTrue_vix35,50,200,45,100,0,cash,0,True,35.0,3631.77,69.94,-61.12,1.5874,1.1443,46.2,133,6.8,3731770.45
SMA50_200_RSI50_UPRO100_TLT_delay2_cautionTrue_vixNone,50,200,50,100,0,TLT,2,True,,2688.81,62.84,-55.27,1.5854,1.1371,49.0,152,6.8,2788811.28
SMA100_200_RSI50_UPRO75_cash_delay0_cautionTrue_vixNone,100,200,50,75,25,cash,0,True,,3987.25,72.22,-47.8,1.584,1.5109,48.4,154,6.8,4087248.71
SMA100_200_RSI50_UPRO75_TLT_delay0_cautionTrue_vixNone,100,200,50,75,25,TLT,0,True,,4125.66,73.07,-49.68,1.5802,1.4707,51.0,154,6.8,4225660.58
SMA50_200_RSI45_UPRO100_SHY_delay2_cautionTrue_vix35,50,200,45,100,0,SHY,2,True,35.0,3547.22,69.37,-61.33,1.5796,1.1311,49.2,133,6.8,3647220.01
SMA100_200_RSI45_UPRO100_TLT_delay0_cautionTrue_vix35,100,200,45,100,0,TLT,0,True,35.0,4160.6,73.27,-64.11,1.5795,1.143,50.4,134,6.8,4260601.29
SMA50_200_RSI45_UPRO100_cash_delay2_cautionTrue_vix35,50,200,45,100,0,cash,2,True,35.0,3515.64,69.16,-60.25,1.5764,1.1477,46.2,133,6.8,3615638.19
SMA100_200_RSI45_UPRO75_SHY_delay2_cautionTrue_vix35,100,200,45,75,25,SHY,2,True,35.0,4652.55,76.07,-61.91,1.5761,1.2288,50.8,133,6.8,4752550.56
SMA100_200_RSI45_UPRO75_cash_delay2_cautionTrue_vix35,100,200,45,75,25,cash,2,True,35.0,4537.81,75.44,-61.88,1.5678,1.2191,46.2,133,6.8,4637805.99
SMA100_200_RSI45_UPRO75_TLT_delay2_cautionTrue_vix35,100,200,45,75,25,TLT,2,True,35.0,4810.94,76.92,-66.79,1.5548,1.1516,50.8,133,6.8,4910939.67
SMA50_200_RSI50_UPRO75_SHY_delay0_cautionTrue_vixNone,50,200,50,75,25,SHY,0,True,,2898.39,64.58,-47.29,1.5531,1.3655,49.0,152,6.8,2998386.58
SMA50_200_RSI50_UPRO75_cash_delay0_cautionTrue_vixNone,50,200,50,75,25,cash,0,True,,2874.91,64.39,-47.8,1.5489,1.347,48.3,152,6.8,2974905.56
SMA50_200_RSI45_UPRO100_TLT_delay0_cautionTrue_vix35,50,200,45,100,0,TLT,0,True,35.0,3542.38,69.34,-70.12,1.5395,0.9889,50.0,133,6.8,3642376.64
SMA50_200_RSI50_UPRO75_SHY_delay2_cautionTrue_vixNone,50,200,50,75,25,SHY,2,True,,2796.25,63.75,-47.29,1.5366,1.3479,48.3,152,6.8,2896250.87
SMA100_200_RSI45_UPRO75_SHY_delay0_cautionTrue_vix35,100,200,45,75,25,SHY,0,True,35.0,4121.25,73.04,-61.91,1.5363,1.1798,49.6,134,6.8,4221246.31
SMA50_200_RSI50_UPRO75_cash_delay2_cautionTrue_vixNone,50,200,50,75,25,cash,2,True,,2788.75,63.69,-47.8,1.5347,1.3322,48.3,152,6.8,2888748.62
SMA100_200_RSI45_UPRO75_cash_delay0_cautionTrue_vix35,100,200,45,75,25,cash,0,True,35.0,4047.21,72.59,-61.88,1.5302,1.1731,45.1,134,6.8,4147209.07
SMA50_200_RSI50_UPRO75_TLT_delay0_cautionTrue_vixNone,50,200,50,75,25,TLT,0,True,,2865.07,64.31,-57.99,1.5281,1.1089,50.3,152,6.8,2965072.99
SMA50_200_RSI45_UPRO100_TLT_delay2_cautionTrue_vix35,50,200,45,100,0,TLT,2,True,35.0,3407.43,68.41,-69.19,1.5263,0.9887,50.0,133,6.8,3507433.61
SMA50_200_RSI45_UPRO75_SHY_delay0_cautionTrue_vix35,50,200,45,75,25,SHY,0,True,35.0,3721.93,70.54,-63.79,1.5182,1.1057,50.0,133,6.8,3821928.96
SMA50_200_RSI45_UPRO75_cash_delay0_cautionTrue_vix35,50,200,45,75,25,cash,0,True,35.0,3672.72,70.21,-62.63,1.5137,1.1212,46.2,133,6.8,3772723.68
SMA50_200_RSI50_UPRO75_TLT_delay2_cautionTrue_vixNone,50,200,50,75,25,TLT,2,True,,2767.31,63.51,-56.7,1.5127,1.12,50.3,152,6.8,2867305.02
SMA100_200_RSI45_UPRO75_TLT_delay0_cautionTrue_vix35,100,200,45,75,25,TLT,0,True,35.0,4209.7,73.57,-66.15,1.5127,1.1121,50.4,134,6.8,4309695.81
SMA50_200_RSI45_UPRO75_SHY_delay2_cautionTrue_vix35,50,200,45,75,25,SHY,2,True,35.0,3533.25,69.28,-63.12,1.5009,1.0975,49.2,133,6.8,3633247.71
SMA50_200_RSI45_UPRO75_cash_delay2_cautionTrue_vix35,50,200,45,75,25,cash,2,True,35.0,3501.89,69.06,-61.94,1.498,1.115,46.2,133,6.8,3601891.56
SMA50_200_RSI45_UPRO75_TLT_delay0_cautionTrue_vix35,50,200,45,75,25,TLT,0,True,35.0,3583.29,69.62,-71.65,1.4739,0.9716,49.2,133,6.8,3683286.77
SMA50_200_RSI45_UPRO75_TLT_delay2_cautionTrue_vix35,50,200,45,75,25,TLT,2,True,35.0,3394.86,68.32,-70.78,1.4563,0.9653,50.0,133,6.8,3494859.52
SMA100_200_RSI45_UPRO100_TLT_delay2_cautionTrue_vixNone,100,200,45,100,0,TLT,2,True,,3649.66,70.06,-66.46,1.4191,1.0542,48.8,124,6.8,3749663.57
SMA100_200_RSI45_UPRO100_SHY_delay2_cautionTrue_vixNone,100,200,45,100,0,SHY,2,True,,3479.05,68.91,-60.06,1.4153,1.1473,48.0,124,6.8,3579046.62
SMA100_200_RSI45_UPRO100_cash_delay2_cautionTrue_vixNone,100,200,45,100,0,cash,2,True,,3413.29,68.45,-60.03,1.4087,1.1402,47.2,124,6.8,3513289.5
SMA100_200_RSI45_UPRO75_TLT_delay2_cautionTrue_vixNone,100,200,45,75,25,TLT,2,True,,3837.87,71.29,-68.34,1.3887,1.0431,48.8,124,6.8,3937874.56
SMA100_200_RSI45_UPRO75_SHY_delay2_cautionTrue_vixNone,100,200,45,75,25,SHY,2,True,,3657.98,70.12,-61.91,1.384,1.1326,48.0,124,6.8,3757979.97
SMA100_200_RSI45_UPRO100_TLT_delay0_cautionTrue_vixNone,100,200,45,100,0,TLT,0,True,,3206.9,66.96,-65.71,1.3803,1.019,48.4,125,6.8,3306902.53
SMA100_200_RSI45_UPRO100_SHY_delay0_cautionTrue_vixNone,100,200,45,100,0,SHY,0,True,,3094.64,66.12,-60.06,1.3794,1.1009,46.8,125,6.8,3194636.24
SMA100_200_RSI45_UPRO75_cash_delay2_cautionTrue_vixNone,100,200,45,75,25,cash,2,True,,3589.07,69.66,-61.88,1.3779,1.1256,47.2,124,6.8,3689072.68
SMA100_200_RSI45_UPRO100_cash_delay0_cautionTrue_vixNone,100,200,45,100,0,cash,0,True,,3057.16,65.83,-60.03,1.375,1.0966,46.0,125,6.8,3157163.5
SMA100_200_RSI45_UPRO75_TLT_delay0_cautionTrue_vixNone,100,200,45,75,25,TLT,0,True,,3355.76,68.04,-67.73,1.3497,1.0046,48.4,125,6.8,3455762.57
SMA100_200_RSI45_UPRO75_SHY_delay0_cautionTrue_vixNone,100,200,45,75,25,SHY,0,True,,3237.86,67.19,-61.91,1.348,1.0853,46.8,125,6.8,3337862.25
SMA100_200_RSI45_UPRO75_cash_delay0_cautionTrue_vixNone,100,200,45,75,25,cash,0,True,,3198.83,66.9,-61.88,1.3438,1.0811,46.0,125,6.8,3298834.78
SMA100_200_RSI40_UPRO100_SHY_delay2_cautionTrue_vix35,100,200,40,100,0,SHY,2,True,35.0,2251.3,58.82,-60.18,1.3406,0.9774,50.5,92,6.8,2351304.15
SMA100_200_RSI40_UPRO100_cash_delay2_cautionTrue_vix35,100,200,40,100,0,cash,2,True,35.0,2218.13,58.49,-60.07,1.336,0.9738,42.9,92,6.8,2318127.76
SMA100_200_RSI40_UPRO100_SHY_delay0_cautionTrue_vix35,100,200,40,100,0,SHY,0,True,35.0,2031.6,56.56,-60.18,1.3088,0.9398,49.5,92,6.8,2131598.36
SMA100_200_RSI40_UPRO100_cash_delay0_cautionTrue_vix35,100,200,40,100,0,cash,0,True,35.0,2020.3,56.43,-60.07,1.3072,0.9395,42.9,92,6.8,2120301.43
SMA100_200_RSI40_UPRO100_TLT_delay2_cautionTrue_vix35,100,200,40,100,0,TLT,2,True,35.0,2200.28,58.31,-65.56,1.3048,0.8894,48.4,92,6.8,2300275.32
SMA50_200_RSI40_UPRO100_SHY_delay0_cautionTrue_vix35,50,200,40,100,0,SHY,0,True,35.0,1868.53,54.74,-64.02,1.2947,0.855,50.6,84,6.8,1968534.29
SMA50_200_RSI40_UPRO100_cash_delay0_cautionTrue_vix35,50,200,40,100,0,cash,0,True,35.0,1861.35,54.66,-63.05,1.2937,0.8669,44.6,84,6.8,1961347.83
SMA50_200_RSI45_UPRO100_SHY_delay0_cautionTrue_vixNone,50,200,45,100,0,SHY,0,True,,1948.77,55.65,-64.07,1.2882,0.8686,47.6,127,6.8,2048771.34
SMA50_200_RSI45_UPRO100_cash_delay0_cautionTrue_vixNone,50,200,45,100,0,cash,0,True,,1931.6,55.46,-63.1,1.2847,0.8789,46.8,127,6.8,2031598.09
SMA50_200_RSI40_UPRO100_cash_delay2_cautionTrue_vix35,50,200,40,100,0,cash,2,True,35.0,1800.31,53.94,-62.23,1.2831,0.8669,44.6,84,6.8,1900310.91
SMA50_200_RSI40_UPRO100_SHY_delay2_cautionTrue_vix35,50,200,40,100,0,SHY,2,True,35.0,1799.12,53.93,-63.21,1.2825,0.8531,49.4,84,6.8,1899118.58
SMA50_200_RSI45_UPRO100_SHY_delay2_cautionTrue_vixNone,50,200,45,100,0,SHY,2,True,,1898.99,55.09,-63.26,1.278,0.8708,46.8,127,6.8,1998991.57
SMA50_200_RSI45_UPRO100_cash_delay2_cautionTrue_vixNone,50,200,45,100,0,cash,2,True,,1895.1,55.05,-62.27,1.2768,0.884,46.8,127,6.8,1995099.25
SMA100_200_RSI40_UPRO75_SHY_delay2_cautionTrue_vix35,100,200,40,75,25,SHY,2,True,35.0,2157.59,57.88,-61.96,1.2697,0.9342,49.5,92,6.8,2257585.08
SMA50_200_RSI45_UPRO100_TLT_delay0_cautionTrue_vixNone,50,200,45,100,0,TLT,0,True,,1907.84,55.19,-71.45,1.2691,0.7724,48.4,127,6.8,2007842.73
SMA100_200_RSI40_UPRO75_cash_delay2_cautionTrue_vix35,100,200,40,75,25,cash,2,True,35.0,2125.81,57.55,-61.85,1.2654,0.9305,41.8,92,6.8,2225807.4
SMA100_200_RSI40_UPRO100_TLT_delay0_cautionTrue_vix35,100,200,40,100,0,TLT,0,True,35.0,1920.54,55.33,-63.97,1.2632,0.865,49.5,92,6.8,2020541.69
SMA50_200_RSI45_UPRO100_TLT_delay2_cautionTrue_vixNone,50,200,45,100,0,TLT,2,True,,1849.35,54.52,-70.56,1.2575,0.7726,48.4,127,6.8,1949348.58
SMA50_200_RSI45_UPRO75_SHY_delay0_cautionTrue_vixNone,50,200,45,75,25,SHY,0,True,,1970.72,55.89,-65.67,1.2449,0.8511,47.6,127,6.8,2070723.29
SMA50_200_RSI45_UPRO75_cash_delay0_cautionTrue_vixNone,50,200,45,75,25,cash,0,True,,1953.45,55.7,-64.6,1.2417,0.8623,46.8,127,6.8,2053449.24
SMA100_200_RSI40_UPRO75_TLT_delay2_cautionTrue_vix35,100,200,40,75,25,TLT,2,True,35.0,2109.16,57.38,-67.55,1.2403,0.8495,48.4,92,6.8,2209158.92
SMA100_200_RSI40_UPRO75_SHY_delay0_cautionTrue_vix35,100,200,40,75,25,SHY,0,True,35.0,1930.81,55.45,-61.96,1.2367,0.8949,48.4,92,6.8,2030806.35
SMA100_200_RSI40_UPRO75_cash_delay0_cautionTrue_vix35,100,200,40,75,25,cash,0,True,35.0,1920.11,55.33,-61.85,1.2353,0.8946,41.8,92,6.8,2020113.12
SMA50_200_RSI45_UPRO75_SHY_delay2_cautionTrue_vixNone,50,200,45,75,25,SHY,2,True,,1893.04,55.02,-65.04,1.231,0.846,46.8,127,6.8,1993040.5
SMA50_200_RSI45_UPRO75_cash_delay2_cautionTrue_vixNone,50,200,45,75,25,cash,2,True,,1889.25,54.98,-63.95,1.23,0.8598,46.8,127,6.8,1989250.46
SMA50_200_RSI45_UPRO75_TLT_delay0_cautionTrue_vixNone,50,200,45,75,25,TLT,0,True,,1929.79,55.44,-72.97,1.2282,0.7597,48.4,127,6.8,2029787.02
SMA50_200_RSI40_UPRO100_TLT_delay0_cautionTrue_vix35,50,200,40,100,0,TLT,0,True,35.0,1648.46,52.08,-70.01,1.2254,0.7439,49.4,84,6.8,1748455.66
SMA50_200_RSI40_UPRO75_SHY_delay0_cautionTrue_vix35,50,200,40,75,25,SHY,0,True,35.0,1786.12,53.77,-65.64,1.2241,0.8193,49.4,84,6.8,1886122.22
SMA50_200_RSI40_UPRO75_cash_delay0_cautionTrue_vix35,50,200,40,75,25,cash,0,True,35.0,1779.3,53.69,-64.57,1.2232,0.8316,43.4,84,6.8,1879295.68
SMA50_200_RSI45_UPRO75_TLT_delay2_cautionTrue_vixNone,50,200,45,75,25,TLT,2,True,,1843.91,54.46,-72.14,1.213,0.7549,48.4,127,6.8,1943912.81
SMA50_200_RSI40_UPRO100_TLT_delay2_cautionTrue_vix35,50,200,40,100,0,TLT,2,True,35.0,1583.68,51.24,-69.2,1.2127,0.7404,49.4,84,6.8,1683678.75
SMA50_200_RSI40_UPRO75_cash_delay2_cautionTrue_vix35,50,200,40,75,25,cash,2,True,35.0,1694.2,52.65,-63.92,1.2082,0.8238,43.4,84,6.8,1794199.58
SMA50_200_RSI40_UPRO75_SHY_delay2_cautionTrue_vix35,50,200,40,75,25,SHY,2,True,35.0,1693.01,52.64,-65.0,1.2076,0.8098,48.2,84,6.8,1793008.0
SMA100_200_RSI40_UPRO75_TLT_delay0_cautionTrue_vix35,100,200,40,75,25,TLT,0,True,35.0,1825.5,54.24,-66.25,1.1981,0.8187,48.4,92,6.8,1925496.89
SMA50_200_RSI40_UPRO75_TLT_delay0_cautionTrue_vix35,50,200,40,75,25,TLT,0,True,35.0,1575.74,51.13,-71.57,1.1634,0.7144,48.2,84,6.8,1675741.19
SMA50_200_RSI40_UPRO75_TLT_delay2_cautionTrue_vix35,50,200,40,75,25,TLT,2,True,35.0,1490.01,49.97,-70.78,1.1466,0.7061,48.2,84,6.8,1590014.69
SMA100_200_RSI35_UPRO100_SHY_delay2_cautionTrue_vix35,100,200,35,100,0,SHY,2,True,35.0,1287.64,47.01,-62.19,1.1322,0.756,44.8,59,6.8,1387638.14
SMA100_200_RSI35_UPRO100_cash_delay2_cautionTrue_vix35,100,200,35,100,0,cash,2,True,35.0,1269.43,46.73,-62.15,1.128,0.7519,32.8,59,6.8,1369430.75
SMA100_200_RSI35_UPRO100_TLT_delay2_cautionTrue_vix35,100,200,35,100,0,TLT,2,True,35.0,1262.61,46.62,-68.61,1.1055,0.6796,41.4,59,6.8,1362609.43
SMA50_200_RSI35_UPRO100_SHY_delay0_cautionTrue_vix35,50,200,35,100,0,SHY,0,True,35.0,1093.62,43.8,-67.68,1.0947,0.6473,43.4,54,6.8,1193623.09
SMA50_200_RSI35_UPRO100_cash_delay0_cautionTrue_vix35,50,200,35,100,0,cash,0,True,35.0,1092.03,43.78,-66.85,1.0945,0.6549,34.0,54,6.8,1192027.11
SMA50_200_RSI35_UPRO100_cash_delay2_cautionTrue_vix35,50,200,35,100,0,cash,2,True,35.0,1075.2,43.48,-65.51,1.0894,0.6636,34.0,54,6.8,1175196.83
SMA100_200_RSI35_UPRO100_SHY_delay0_cautionTrue_vix35,100,200,35,100,0,SHY,0,True,35.0,1116.86,44.21,-62.19,1.0886,0.711,44.1,60,6.8,1216864.9
SMA50_200_RSI35_UPRO100_SHY_delay2_cautionTrue_vix35,50,200,35,100,0,SHY,2,True,35.0,1072.74,43.43,-66.34,1.0884,0.6547,41.5,54,6.8,1172736.16
SMA100_200_RSI35_UPRO100_cash_delay0_cautionTrue_vix35,100,200,35,100,0,cash,0,True,35.0,1112.95,44.14,-62.15,1.0878,0.7103,33.9,60,6.8,1212949.77
SMA100_200_RSI40_UPRO100_SHY_delay2_cautionTrue_vixNone,100,200,40,100,0,SHY,2,True,,1267.74,46.7,-60.39,1.064,0.7733,48.1,80,6.8,1367736.05
SMA100_200_RSI40_UPRO100_cash_delay2_cautionTrue_vixNone,100,200,40,100,0,cash,2,True,,1255.49,46.51,-60.26,1.0611,0.7718,45.6,80,6.8,1355488.53
SMA100_200_RSI35_UPRO100_TLT_delay0_cautionTrue_vix35,100,200,35,100,0,TLT,0,True,35.0,1055.3,43.12,-67.15,1.0521,0.6421,44.1,60,6.8,1155300.6
SMA100_200_RSI40_UPRO100_TLT_delay2_cautionTrue_vixNone,100,200,40,100,0,TLT,2,True,,1238.61,46.24,-67.1,1.0496,0.6891,46.8,80,6.8,1338605.5
SMA100_200_RSI35_UPRO75_SHY_delay2_cautionTrue_vix35,100,200,35,75,25,SHY,2,True,35.0,1117.16,44.22,-63.99,1.044,0.691,44.8,59,6.8,1217163.95
SMA100_200_RSI35_UPRO75_cash_delay2_cautionTrue_vix35,100,200,35,75,25,cash,2,True,35.0,1101.25,43.94,-63.95,1.0401,0.687,32.8,59,6.8,1201251.16
SMA100_200_RSI40_UPRO100_SHY_delay0_cautionTrue_vixNone,100,200,40,100,0,SHY,0,True,,1139.93,44.61,-60.39,1.035,0.7387,46.8,80,6.8,1239934.84
SMA100_200_RSI40_UPRO100_cash_delay0_cautionTrue_vixNone,100,200,40,100,0,cash,0,True,,1139.81,44.61,-60.26,1.0349,0.7402,45.6,80,6.8,1239812.71
SMA100_200_RSI40_UPRO75_SHY_delay2_cautionTrue_vixNone,100,200,40,75,25,SHY,2,True,,1252.01,46.45,-62.48,1.0331,0.7435,46.8,80,6.8,1352014.58
SMA100_200_RSI40_UPRO75_cash_delay2_cautionTrue_vixNone,100,200,40,75,25,cash,2,True,,1239.97,46.26,-62.36,1.0304,0.7419,44.3,80,6.8,1339973.88
SMA50_200_RSI35_UPRO100_TLT_delay0_cautionTrue_vix35,50,200,35,100,0,TLT,0,True,35.0,939.33,40.92,-73.24,1.0271,0.5587,41.5,54,6.8,1039326.07
SMA50_200_RSI35_UPRO100_TLT_delay2_cautionTrue_vix35,50,200,35,100,0,TLT,2,True,35.0,931.34,40.76,-71.73,1.0243,0.5682,41.5,54,6.8,1031336.04
SMA100_200_RSI35_UPRO75_TLT_delay2_cautionTrue_vix35,100,200,35,75,25,TLT,2,True,35.0,1095.42,43.84,-70.55,1.0232,0.6213,43.1,59,6.8,1195419.89
SMA100_200_RSI40_UPRO75_TLT_delay2_cautionTrue_vixNone,100,200,40,75,25,TLT,2,True,,1223.55,46.0,-69.06,1.0203,0.6661,46.8,80,6.8,1323553.19
SMA100_200_RSI40_UPRO100_TLT_delay0_cautionTrue_vixNone,100,200,40,100,0,TLT,0,True,,1075.82,43.49,-65.58,1.0113,0.6632,48.1,80,6.8,1175819.34
SMA50_200_RSI35_UPRO75_SHY_delay0_cautionTrue_vix35,50,200,35,75,25,SHY,0,True,35.0,944.93,41.03,-69.3,1.0061,0.592,43.4,54,6.8,1044930.86
SMA50_200_RSI35_UPRO75_cash_delay0_cautionTrue_vix35,50,200,35,75,25,cash,0,True,35.0,943.59,41.0,-68.39,1.0059,0.5996,34.0,54,6.8,1043585.55
SMA100_200_RSI40_UPRO75_SHY_delay0_cautionTrue_vixNone,100,200,40,75,25,SHY,0,True,,1116.2,44.2,-62.48,1.003,0.7074,45.6,80,6.8,1216202.13
SMA100_200_RSI40_UPRO75_cash_delay0_cautionTrue_vixNone,100,200,40,75,25,cash,0,True,,1116.14,44.2,-62.36,1.0029,0.7088,44.3,80,6.8,1216142.42
SMA100_200_RSI35_UPRO75_SHY_delay0_cautionTrue_vix35,100,200,35,75,25,SHY,0,True,35.0,959.49,41.31,-64.04,1.0009,0.6451,44.1,60,6.8,1059488.8
SMA100_200_RSI35_UPRO75_cash_delay0_cautionTrue_vix35,100,200,35,75,25,cash,0,True,35.0,956.13,41.25,-63.95,1.0001,0.645,33.9,60,6.8,1056130.56
SMA50_200_RSI35_UPRO75_cash_delay2_cautionTrue_vix35,50,200,35,75,25,cash,2,True,35.0,913.13,40.39,-67.26,0.9961,0.6005,34.0,54,6.8,1013125.97
SMA50_200_RSI35_UPRO75_SHY_delay2_cautionTrue_vix35,50,200,35,75,25,SHY,2,True,35.0,910.95,40.35,-68.18,0.9952,0.5918,41.5,54,6.8,1010954.41
SMA100_200_RSI40_UPRO75_TLT_delay0_cautionTrue_vixNone,100,200,40,75,25,TLT,0,True,,1053.61,43.09,-67.82,0.9813,0.6353,46.8,80,6.8,1153605.35
SMA100_200_RSI35_UPRO75_TLT_delay0_cautionTrue_vix35,100,200,35,75,25,TLT,0,True,35.0,906.06,40.25,-69.38,0.9707,0.5801,45.8,60,6.8,1006063.97
SMA50_200_RSI40_UPRO100_cash_delay0_cautionTrue_vixNone,50,200,40,100,0,cash,0,True,,787.69,37.7,-64.93,0.9636,0.5806,46.8,78,6.8,887686.25
SMA50_200_RSI40_UPRO100_SHY_delay0_cautionTrue_vixNone,50,200,40,100,0,SHY,0,True,,787.13,37.69,-65.81,0.9635,0.5726,48.1,78,6.8,887125.97
SMA50_200_RSI40_UPRO100_cash_delay2_cautionTrue_vixNone,50,200,40,100,0,cash,2,True,,781.13,37.55,-64.14,0.9572,0.5854,46.8,78,6.8,881132.27
SMA50_200_RSI40_UPRO100_SHY_delay2_cautionTrue_vixNone,50,200,40,100,0,SHY,2,True,,775.09,37.41,-65.05,0.955,0.5751,46.8,78,6.8,875093.85
SMA50_200_RSI35_UPRO75_TLT_delay0_cautionTrue_vix35,50,200,35,75,25,TLT,0,True,35.0,810.01,38.2,-74.49,0.9474,0.5128,43.4,54,6.8,910008.47
SMA50_200_RSI35_UPRO75_TLT_delay2_cautionTrue_vix35,50,200,35,75,25,TLT,2,True,35.0,789.21,37.73,-73.18,0.9399,0.5156,43.4,54,6.8,889210.78
SMA50_200_RSI40_UPRO75_cash_delay0_cautionTrue_vixNone,50,200,40,75,25,cash,0,True,,745.25,36.71,-66.43,0.9214,0.5526,45.5,78,6.8,845252.85
SMA50_200_RSI40_UPRO75_SHY_delay0_cautionTrue_vixNone,50,200,40,75,25,SHY,0,True,,744.68,36.7,-67.42,0.9213,0.5444,46.8,78,6.8,844680.14
SMA50_200_RSI40_UPRO100_TLT_delay0_cautionTrue_vixNone,50,200,40,100,0,TLT,0,True,,697.32,35.55,-71.34,0.9205,0.4983,48.1,78,6.8,797316.37
SMA50_200_RSI40_UPRO100_TLT_delay2_cautionTrue_vixNone,50,200,40,100,0,TLT,2,True,,689.33,35.35,-70.57,0.9137,0.5009,48.1,78,6.8,789327.3
SMA50_200_RSI40_UPRO75_cash_delay2_cautionTrue_vixNone,50,200,40,75,25,cash,2,True,,730.52,36.36,-65.82,0.913,0.5525,45.5,78,6.8,830519.45
SMA50_200_RSI40_UPRO75_SHY_delay2_cautionTrue_vixNone,50,200,40,75,25,SHY,2,True,,724.79,36.22,-66.82,0.9109,0.5421,45.5,78,6.8,824785.25
SMA100_200_RSI35_UPRO100_SHY_delay2_cautionTrue_vixNone,100,200,35,100,0,SHY,2,True,,731.9,36.4,-63.26,0.8945,0.5753,38.3,48,6.8,831898.93
SMA100_200_RSI35_UPRO100_cash_delay2_cautionTrue_vixNone,100,200,35,100,0,cash,2,True,,725.97,36.25,-62.35,0.8924,0.5814,34.0,48,6.8,825966.92
SMA100_200_RSI50_UPRO100_SHY_delay2_cautionFalse_vix35,100,200,50,100,0,SHY,2,False,35.0,601.76,33.04,-66.6,0.8889,0.496,57.7,27,6.8,701762.83
SMA100_200_RSI45_UPRO100_SHY_delay2_cautionFalse_vix35,100,200,45,100,0,SHY,2,False,35.0,601.76,33.04,-66.6,0.8889,0.496,57.7,27,6.8,701762.83
SMA100_200_RSI40_UPRO100_SHY_delay2_cautionFalse_vix35,100,200,40,100,0,SHY,2,False,35.0,601.76,33.04,-66.6,0.8889,0.496,57.7,27,6.8,701762.83
SMA100_200_RSI35_UPRO100_SHY_delay2_cautionFalse_vix35,100,200,35,100,0,SHY,2,False,35.0,601.76,33.04,-66.6,0.8889,0.496,57.7,27,6.8,701762.83
SMA100_200_RSI35_UPRO100_cash_delay2_cautionFalse_vix35,100,200,35,100,0,cash,2,False,35.0,600.63,33.01,-66.3,0.8887,0.4978,34.6,27,6.8,700627.0
SMA100_200_RSI50_UPRO100_cash_delay2_cautionFalse_vix35,100,200,50,100,0,cash,2,False,35.0,600.63,33.01,-66.3,0.8887,0.4978,34.6,27,6.8,700627.0
SMA100_200_RSI45_UPRO100_cash_delay2_cautionFalse_vix35,100,200,45,100,0,cash,2,False,35.0,600.63,33.01,-66.3,0.8887,0.4978,34.6,27,6.8,700627.0
SMA100_200_RSI40_UPRO100_cash_delay2_cautionFalse_vix35,100,200,40,100,0,cash,2,False,35.0,600.63,33.01,-66.3,0.8887,0.4978,34.6,27,6.8,700627.0
SMA100_200_RSI35_UPRO100_TLT_delay2_cautionTrue_vixNone,100,200,35,100,0,TLT,2,True,,721.27,36.14,-70.01,0.8849,0.5162,36.2,48,6.8,821268.39
SMA50_200_RSI40_UPRO75_TLT_delay0_cautionTrue_vixNone,50,200,40,75,25,TLT,0,True,,659.38,34.58,-72.9,0.8818,0.4744,46.8,78,6.8,759383.29
SMA100_200_RSI50_UPRO100_TLT_delay2_cautionFalse_vix35,100,200,50,100,0,TLT,2,False,35.0,598.98,32.96,-73.17,0.8743,0.4505,53.8,27,6.8,698977.84
SMA100_200_RSI40_UPRO100_TLT_delay2_cautionFalse_vix35,100,200,40,100,0,TLT,2,False,35.0,598.98,32.96,-73.17,0.8743,0.4505,53.8,27,6.8,698977.84
SMA100_200_RSI45_UPRO100_TLT_delay2_cautionFalse_vix35,100,200,45,100,0,TLT,2,False,35.0,598.98,32.96,-73.17,0.8743,0.4505,53.8,27,6.8,698977.84
SMA100_200_RSI35_UPRO100_TLT_delay2_cautionFalse_vix35,100,200,35,100,0,TLT,2,False,35.0,598.98,32.96,-73.17,0.8743,0.4505,53.8,27,6.8,698977.84
SMA50_200_RSI40_UPRO75_TLT_delay2_cautionTrue_vixNone,50,200,40,75,25,TLT,2,True,,644.14,34.19,-72.14,0.8729,0.4739,46.8,78,6.8,744137.22
SMA100_200_RSI35_UPRO100_cash_delay0_cautionTrue_vixNone,100,200,35,100,0,cash,0,True,,631.59,33.85,-62.48,0.8568,0.5418,35.4,49,6.8,731586.02
SMA100_200_RSI35_UPRO100_SHY_delay0_cautionTrue_vixNone,100,200,35,100,0,SHY,0,True,,629.52,33.8,-63.37,0.856,0.5333,37.5,49,6.8,729519.16
SMA50_200_RSI35_UPRO100_cash_delay0_cautionFalse_vix35,50,200,35,100,0,cash,0,False,35.0,498.93,29.99,-70.66,0.8446,0.4243,40.0,21,6.8,598934.47
SMA50_200_RSI45_UPRO100_cash_delay0_cautionFalse_vix35,50,200,45,100,0,cash,0,False,35.0,498.93,29.99,-70.66,0.8446,0.4243,40.0,21,6.8,598934.47
SMA50_200_RSI50_UPRO100_cash_delay0_cautionFalse_vix35,50,200,50,100,0,cash,0,False,35.0,498.93,29.99,-70.66,0.8446,0.4243,40.0,21,6.8,598934.47
SMA50_200_RSI40_UPRO100_cash_delay0_cautionFalse_vix35,50,200,40,100,0,cash,0,False,35.0,498.93,29.99,-70.66,0.8446,0.4243,40.0,21,6.8,598934.47
SMA100_200_RSI35_UPRO100_cash_delay0_cautionFalse_vix35,100,200,35,100,0,cash,0,False,35.0,510.84,30.36,-66.52,0.8438,0.4564,38.5,27,6.8,610836.87
SMA100_200_RSI40_UPRO100_cash_delay0_cautionFalse_vix35,100,200,40,100,0,cash,0,False,35.0,510.84,30.36,-66.52,0.8438,0.4564,38.5,27,6.8,610836.87
SMA100_200_RSI45_UPRO100_cash_delay0_cautionFalse_vix35,100,200,45,100,0,cash,0,False,35.0,510.84,30.36,-66.52,0.8438,0.4564,38.5,27,6.8,610836.87
SMA100_200_RSI50_UPRO100_cash_delay0_cautionFalse_vix35,100,200,50,100,0,cash,0,False,35.0,510.84,30.36,-66.52,0.8438,0.4564,38.5,27,6.8,610836.87
SMA100_200_RSI35_UPRO75_SHY_delay2_cautionTrue_vixNone,100,200,35,75,25,SHY,2,True,,639.27,34.06,-65.62,0.8424,0.519,38.3,48,6.8,739273.45
SMA100_200_RSI35_UPRO75_cash_delay2_cautionTrue_vixNone,100,200,35,75,25,cash,2,True,,634.05,33.92,-64.99,0.8405,0.5219,34.0,48,6.8,734047.5
SMA50_200_RSI35_UPRO100_SHY_delay0_cautionFalse_vix35,50,200,35,100,0,SHY,0,False,35.0,490.97,29.73,-71.62,0.8398,0.4151,65.0,21,6.8,590969.72
SMA50_200_RSI40_UPRO100_SHY_delay0_cautionFalse_vix35,50,200,40,100,0,SHY,0,False,35.0,490.97,29.73,-71.62,0.8398,0.4151,65.0,21,6.8,590969.72
SMA50_200_RSI50_UPRO100_SHY_delay0_cautionFalse_vix35,50,200,50,100,0,SHY,0,False,35.0,490.97,29.73,-71.62,0.8398,0.4151,65.0,21,6.8,590969.72
SMA50_200_RSI45_UPRO100_SHY_delay0_cautionFalse_vix35,50,200,45,100,0,SHY,0,False,35.0,490.97,29.73,-71.62,0.8398,0.4151,65.0,21,6.8,590969.72
SMA100_200_RSI35_UPRO100_SHY_delay0_cautionFalse_vix35,100,200,35,100,0,SHY,0,False,35.0,503.66,30.13,-67.63,0.8397,0.4456,61.5,27,6.8,603657.56
SMA50_200_RSI40_UPRO100_cash_delay2_cautionFalse_vix35,50,200,40,100,0,cash,2,False,35.0,490.48,29.71,-69.48,0.8397,0.4277,40.0,21,6.8,590478.09
SMA50_200_RSI45_UPRO100_cash_delay2_cautionFalse_vix35,50,200,45,100,0,cash,2,False,35.0,490.48,29.71,-69.48,0.8397,0.4277,40.0,21,6.8,590478.09
SMA50_200_RSI35_UPRO100_cash_delay2_cautionFalse_vix35,50,200,35,100,0,cash,2,False,35.0,490.48,29.71,-69.48,0.8397,0.4277,40.0,21,6.8,590478.09
SMA50_200_RSI50_UPRO100_cash_delay2_cautionFalse_vix35,50,200,50,100,0,cash,2,False,35.0,490.48,29.71,-69.48,0.8397,0.4277,40.0,21,6.8,590478.09
SMA100_200_RSI45_UPRO100_SHY_delay0_cautionFalse_vix35,100,200,45,100,0,SHY,0,False,35.0,503.66,30.13,-67.63,0.8397,0.4456,61.5,27,6.8,603657.56
SMA100_200_RSI40_UPRO100_SHY_delay0_cautionFalse_vix35,100,200,40,100,0,SHY,0,False,35.0,503.66,30.13,-67.63,0.8397,0.4456,61.5,27,6.8,603657.56
SMA100_200_RSI50_UPRO100_SHY_delay0_cautionFalse_vix35,100,200,50,100,0,SHY,0,False,35.0,503.66,30.13,-67.63,0.8397,0.4456,61.5,27,6.8,603657.56
SMA100_200_RSI35_UPRO100_TLT_delay0_cautionTrue_vixNone,100,200,35,100,0,TLT,0,True,,596.32,32.89,-68.62,0.8369,0.4793,39.6,49,6.8,696319.75
SMA100_200_RSI35_UPRO75_TLT_delay2_cautionTrue_vixNone,100,200,35,75,25,TLT,2,True,,630.01,33.81,-71.92,0.8343,0.4701,38.3,48,6.8,730014.97
SMA50_200_RSI50_UPRO100_SHY_delay2_cautionFalse_vix35,50,200,50,100,0,SHY,2,False,35.0,480.63,29.4,-70.45,0.8338,0.4173,60.0,21,6.8,580628.48
SMA50_200_RSI45_UPRO100_SHY_delay2_cautionFalse_vix35,50,200,45,100,0,SHY,2,False,35.0,480.63,29.4,-70.45,0.8338,0.4173,60.0,21,6.8,580628.48
SMA50_200_RSI35_UPRO100_SHY_delay2_cautionFalse_vix35,50,200,35,100,0,SHY,2,False,35.0,480.63,29.4,-70.45,0.8338,0.4173,60.0,21,6.8,580628.48
SMA50_200_RSI40_UPRO100_SHY_delay2_cautionFalse_vix35,50,200,40,100,0,SHY,2,False,35.0,480.63,29.4,-70.45,0.8338,0.4173,60.0,21,6.8,580628.48
SMA100_200_RSI35_UPRO100_TLT_delay0_cautionFalse_vix35,100,200,35,100,0,TLT,0,False,35.0,474.54,29.2,-72.24,0.8117,0.4041,61.5,27,6.8,574535.01
SMA100_200_RSI50_UPRO100_TLT_delay0_cautionFalse_vix35,100,200,50,100,0,TLT,0,False,35.0,474.54,29.2,-72.24,0.8117,0.4041,61.5,27,6.8,574535.01
SMA100_200_RSI45_UPRO100_TLT_delay0_cautionFalse_vix35,100,200,45,100,0,TLT,0,False,35.0,474.54,29.2,-72.24,0.8117,0.4041,61.5,27,6.8,574535.01
SMA100_200_RSI40_UPRO100_TLT_delay0_cautionFalse_vix35,100,200,40,100,0,TLT,0,False,35.0,474.54,29.2,-72.24,0.8117,0.4041,61.5,27,6.8,574535.01
SMA100_200_RSI40_UPRO75_SHY_delay2_cautionFalse_vix35,100,200,40,75,25,SHY,2,False,35.0,495.56,29.88,-69.05,0.81,0.4327,57.7,27,6.8,595559.22
SMA100_200_RSI45_UPRO75_SHY_delay2_cautionFalse_vix35,100,200,45,75,25,SHY,2,False,35.0,495.56,29.88,-69.05,0.81,0.4327,57.7,27,6.8,595559.22
SMA100_200_RSI35_UPRO75_SHY_delay2_cautionFalse_vix35,100,200,35,75,25,SHY,2,False,35.0,495.56,29.88,-69.05,0.81,0.4327,57.7,27,6.8,595559.22
SMA100_200_RSI50_UPRO75_SHY_delay2_cautionFalse_vix35,100,200,50,75,25,SHY,2,False,35.0,495.56,29.88,-69.05,0.81,0.4327,57.7,27,6.8,595559.22
SMA100_200_RSI35_UPRO75_cash_delay2_cautionFalse_vix35,100,200,35,75,25,cash,2,False,35.0,494.6,29.85,-68.45,0.8097,0.4361,34.6,27,6.8,594595.29
SMA100_200_RSI40_UPRO75_cash_delay2_cautionFalse_vix35,100,200,40,75,25,cash,2,False,35.0,494.6,29.85,-68.45,0.8097,0.4361,34.6,27,6.8,594595.29
SMA100_200_RSI50_UPRO75_cash_delay2_cautionFalse_vix35,100,200,50,75,25,cash,2,False,35.0,494.6,29.85,-68.45,0.8097,0.4361,34.6,27,6.8,594595.29
SMA100_200_RSI45_UPRO75_cash_delay2_cautionFalse_vix35,100,200,45,75,25,cash,2,False,35.0,494.6,29.85,-68.45,0.8097,0.4361,34.6,27,6.8,594595.29
SMA100_200_RSI35_UPRO75_cash_delay0_cautionTrue_vixNone,100,200,35,75,25,cash,0,True,,545.37,31.42,-64.93,0.8045,0.4838,35.4,49,6.8,645368.78
SMA100_200_RSI35_UPRO75_SHY_delay0_cautionTrue_vixNone,100,200,35,75,25,SHY,0,True,,543.51,31.36,-65.9,0.8037,0.4758,37.5,49,6.8,643505.71
SMA100_200_RSI35_UPRO75_TLT_delay2_cautionFalse_vix35,100,200,35,75,25,TLT,2,False,35.0,493.2,29.8,-75.15,0.7995,0.3966,53.8,27,6.8,593195.71
SMA100_200_RSI40_UPRO75_TLT_delay2_cautionFalse_vix35,100,200,40,75,25,TLT,2,False,35.0,493.2,29.8,-75.15,0.7995,0.3966,53.8,27,6.8,593195.71
SMA100_200_RSI45_UPRO75_TLT_delay2_cautionFalse_vix35,100,200,45,75,25,TLT,2,False,35.0,493.2,29.8,-75.15,0.7995,0.3966,53.8,27,6.8,593195.71
SMA100_200_RSI50_UPRO75_TLT_delay2_cautionFalse_vix35,100,200,50,75,25,TLT,2,False,35.0,493.2,29.8,-75.15,0.7995,0.3966,53.8,27,6.8,593195.71
SMA50_200_RSI35_UPRO100_cash_delay2_cautionTrue_vixNone,50,200,35,100,0,cash,2,True,,462.07,28.78,-67.26,0.7961,0.4279,35.4,49,6.8,562070.97
SMA50_200_RSI35_UPRO100_cash_delay0_cautionTrue_vixNone,50,200,35,100,0,cash,0,True,,456.49,28.59,-68.53,0.7956,0.4172,35.4,49,6.8,556487.11
SMA50_200_RSI35_UPRO100_SHY_delay0_cautionTrue_vixNone,50,200,35,100,0,SHY,0,True,,454.38,28.52,-69.29,0.7944,0.4116,37.5,49,6.8,554383.6
SMA50_200_RSI35_UPRO100_SHY_delay2_cautionTrue_vixNone,50,200,35,100,0,SHY,2,True,,456.93,28.61,-68.02,0.7932,0.4206,35.4,49,6.8,556933.99
SMA100_200_RSI35_UPRO75_TLT_delay0_cautionTrue_vixNone,100,200,35,75,25,TLT,0,True,,514.38,30.47,-70.8,0.7865,0.4304,41.7,49,6.8,614379.73
SMA50_200_RSI45_UPRO100_TLT_delay0_cautionFalse_vix35,50,200,45,100,0,TLT,0,False,35.0,416.45,27.19,-76.84,0.7827,0.3539,60.0,21,6.8,516449.29
SMA50_200_RSI50_UPRO100_TLT_delay0_cautionFalse_vix35,50,200,50,100,0,TLT,0,False,35.0,416.45,27.19,-76.84,0.7827,0.3539,60.0,21,6.8,516449.29
SMA50_200_RSI40_UPRO100_TLT_delay0_cautionFalse_vix35,50,200,40,100,0,TLT,0,False,35.0,416.45,27.19,-76.84,0.7827,0.3539,60.0,21,6.8,516449.29
SMA50_200_RSI35_UPRO100_TLT_delay0_cautionFalse_vix35,50,200,35,100,0,TLT,0,False,35.0,416.45,27.19,-76.84,0.7827,0.3539,60.0,21,6.8,516449.29
SMA50_200_RSI45_UPRO100_TLT_delay2_cautionFalse_vix35,50,200,45,100,0,TLT,2,False,35.0,412.48,27.05,-75.53,0.7801,0.3581,60.0,21,6.8,512478.98
SMA50_200_RSI35_UPRO100_TLT_delay2_cautionFalse_vix35,50,200,35,100,0,TLT,2,False,35.0,412.48,27.05,-75.53,0.7801,0.3581,60.0,21,6.8,512478.98
SMA50_200_RSI40_UPRO100_TLT_delay2_cautionFalse_vix35,50,200,40,100,0,TLT,2,False,35.0,412.48,27.05,-75.53,0.7801,0.3581,60.0,21,6.8,512478.98
SMA50_200_RSI50_UPRO100_TLT_delay2_cautionFalse_vix35,50,200,50,100,0,TLT,2,False,35.0,412.48,27.05,-75.53,0.7801,0.3581,60.0,21,6.8,512478.98
SMA50_200_RSI35_UPRO75_cash_delay0_cautionFalse_vix35,50,200,35,75,25,cash,0,False,35.0,407.58,26.87,-72.13,0.7663,0.3726,40.0,21,6.8,507575.56
SMA50_200_RSI45_UPRO75_cash_delay0_cautionFalse_vix35,50,200,45,75,25,cash,0,False,35.0,407.58,26.87,-72.13,0.7663,0.3726,40.0,21,6.8,507575.56
SMA50_200_RSI50_UPRO75_cash_delay0_cautionFalse_vix35,50,200,50,75,25,cash,0,False,35.0,407.58,26.87,-72.13,0.7663,0.3726,40.0,21,6.8,507575.56
SMA50_200_RSI40_UPRO75_cash_delay0_cautionFalse_vix35,50,200,40,75,25,cash,0,False,35.0,407.58,26.87,-72.13,0.7663,0.3726,40.0,21,6.8,507575.56
SMA100_200_RSI45_UPRO75_cash_delay0_cautionFalse_vix35,100,200,45,75,25,cash,0,False,35.0,414.53,27.12,-68.91,0.7655,0.3936,38.5,27,6.8,514528.08
SMA100_200_RSI35_UPRO75_cash_delay0_cautionFalse_vix35,100,200,35,75,25,cash,0,False,35.0,414.53,27.12,-68.91,0.7655,0.3936,38.5,27,6.8,514528.08
SMA100_200_RSI50_UPRO75_cash_delay0_cautionFalse_vix35,100,200,50,75,25,cash,0,False,35.0,414.53,27.12,-68.91,0.7655,0.3936,38.5,27,6.8,514528.08
SMA100_200_RSI40_UPRO75_cash_delay0_cautionFalse_vix35,100,200,40,75,25,cash,0,False,35.0,414.53,27.12,-68.91,0.7655,0.3936,38.5,27,6.8,514528.08
SMA50_200_RSI40_UPRO75_SHY_delay0_cautionFalse_vix35,50,200,40,75,25,SHY,0,False,35.0,400.83,26.62,-73.03,0.7619,0.3645,65.0,21,6.8,500825.72
SMA50_200_RSI45_UPRO75_SHY_delay0_cautionFalse_vix35,50,200,45,75,25,SHY,0,False,35.0,400.83,26.62,-73.03,0.7619,0.3645,65.0,21,6.8,500825.72
SMA50_200_RSI35_UPRO75_SHY_delay0_cautionFalse_vix35,50,200,35,75,25,SHY,0,False,35.0,400.83,26.62,-73.03,0.7619,0.3645,65.0,21,6.8,500825.72
SMA50_200_RSI50_UPRO75_SHY_delay0_cautionFalse_vix35,50,200,50,75,25,SHY,0,False,35.0,400.83,26.62,-73.03,0.7619,0.3645,65.0,21,6.8,500825.72
SMA100_200_RSI50_UPRO75_SHY_delay0_cautionFalse_vix35,100,200,50,75,25,SHY,0,False,35.0,408.48,26.9,-69.94,0.7616,0.3847,61.5,27,6.8,508480.71
SMA100_200_RSI45_UPRO75_SHY_delay0_cautionFalse_vix35,100,200,45,75,25,SHY,0,False,35.0,408.48,26.9,-69.94,0.7616,0.3847,61.5,27,6.8,508480.71
SMA100_200_RSI35_UPRO75_SHY_delay0_cautionFalse_vix35,100,200,35,75,25,SHY,0,False,35.0,408.48,26.9,-69.94,0.7616,0.3847,61.5,27,6.8,508480.71
SMA100_200_RSI40_UPRO75_SHY_delay0_cautionFalse_vix35,100,200,40,75,25,SHY,0,False,35.0,408.48,26.9,-69.94,0.7616,0.3847,61.5,27,6.8,508480.71
SMA50_200_RSI40_UPRO75_cash_delay2_cautionFalse_vix35,50,200,40,75,25,cash,2,False,35.0,392.76,26.32,-71.14,0.7569,0.37,40.0,21,6.8,492760.74
SMA50_200_RSI50_UPRO75_cash_delay2_cautionFalse_vix35,50,200,50,75,25,cash,2,False,35.0,392.76,26.32,-71.14,0.7569,0.37,40.0,21,6.8,492760.74
SMA50_200_RSI35_UPRO75_cash_delay2_cautionFalse_vix35,50,200,35,75,25,cash,2,False,35.0,392.76,26.32,-71.14,0.7569,0.37,40.0,21,6.8,492760.74
SMA50_200_RSI45_UPRO75_cash_delay2_cautionFalse_vix35,50,200,45,75,25,cash,2,False,35.0,392.76,26.32,-71.14,0.7569,0.37,40.0,21,6.8,492760.74
SMA50_200_RSI35_UPRO100_TLT_delay2_cautionTrue_vixNone,50,200,35,100,0,TLT,2,True,,400.77,26.62,-72.99,0.7544,0.3647,37.5,49,6.8,500770.82
SMA50_200_RSI40_UPRO75_SHY_delay2_cautionFalse_vix35,50,200,40,75,25,SHY,2,False,35.0,384.54,26.01,-72.05,0.7514,0.361,60.0,21,6.8,484541.12
SMA50_200_RSI50_UPRO75_SHY_delay2_cautionFalse_vix35,50,200,50,75,25,SHY,2,False,35.0,384.54,26.01,-72.05,0.7514,0.361,60.0,21,6.8,484541.12
SMA50_200_RSI45_UPRO75_SHY_delay2_cautionFalse_vix35,50,200,45,75,25,SHY,2,False,35.0,384.54,26.01,-72.05,0.7514,0.361,60.0,21,6.8,484541.12
SMA50_200_RSI35_UPRO75_SHY_delay2_cautionFalse_vix35,50,200,35,75,25,SHY,2,False,35.0,384.54,26.01,-72.05,0.7514,0.361,60.0,21,6.8,484541.12
SMA50_200_RSI35_UPRO100_TLT_delay0_cautionTrue_vixNone,50,200,35,100,0,TLT,0,True,,390.87,26.25,-74.43,0.7504,0.3527,37.5,49,6.8,490872.62
SMA100_200_RSI35_UPRO75_TLT_delay0_cautionFalse_vix35,100,200,35,75,25,TLT,0,False,35.0,383.95,25.99,-74.23,0.7385,0.3501,61.5,27,6.8,483949.82
SMA100_200_RSI45_UPRO75_TLT_delay0_cautionFalse_vix35,100,200,45,75,25,TLT,0,False,35.0,383.95,25.99,-74.23,0.7385,0.3501,61.5,27,6.8,483949.82
SMA100_200_RSI50_UPRO75_TLT_delay0_cautionFalse_vix35,100,200,50,75,25,TLT,0,False,35.0,383.95,25.99,-74.23,0.7385,0.3501,61.5,27,6.8,483949.82
SMA100_200_RSI40_UPRO75_TLT_delay0_cautionFalse_vix35,100,200,40,75,25,TLT,0,False,35.0,383.95,25.99,-74.23,0.7385,0.3501,61.5,27,6.8,483949.82
SMA50_200_RSI35_UPRO75_cash_delay0_cautionTrue_vixNone,50,200,35,75,25,cash,0,True,,376.43,25.7,-70.05,0.7325,0.3669,35.4,49,6.8,476432.28
SMA50_200_RSI35_UPRO75_SHY_delay0_cautionTrue_vixNone,50,200,35,75,25,SHY,0,True,,374.6,25.63,-70.89,0.7314,0.3615,37.5,49,6.8,474601.15
SMA50_200_RSI35_UPRO75_cash_delay2_cautionTrue_vixNone,50,200,35,75,25,cash,2,True,,376.02,25.68,-68.99,0.7306,0.3723,35.4,49,6.8,476018.8
SMA50_200_RSI35_UPRO75_SHY_delay2_cautionTrue_vixNone,50,200,35,75,25,SHY,2,True,,371.64,25.51,-69.83,0.7278,0.3654,35.4,49,6.8,471638.24
SMA50_200_RSI35_UPRO75_TLT_delay0_cautionFalse_vix35,50,200,35,75,25,TLT,0,False,35.0,337.67,24.15,-77.99,0.7119,0.3096,60.0,21,6.8,437672.32
SMA50_200_RSI40_UPRO75_TLT_delay0_cautionFalse_vix35,50,200,40,75,25,TLT,0,False,35.0,337.67,24.15,-77.99,0.7119,0.3096,60.0,21,6.8,437672.32
SMA50_200_RSI45_UPRO75_TLT_delay0_cautionFalse_vix35,50,200,45,75,25,TLT,0,False,35.0,337.67,24.15,-77.99,0.7119,0.3096,60.0,21,6.8,437672.32
SMA50_200_RSI50_UPRO75_TLT_delay0_cautionFalse_vix35,50,200,50,75,25,TLT,0,False,35.0,337.67,24.15,-77.99,0.7119,0.3096,60.0,21,6.8,437672.32
SMA50_200_RSI50_UPRO75_TLT_delay2_cautionFalse_vix35,50,200,50,75,25,TLT,2,False,35.0,327.67,23.73,-76.86,0.7047,0.3087,60.0,21,6.8,427669.58
SMA50_200_RSI45_UPRO75_TLT_delay2_cautionFalse_vix35,50,200,45,75,25,TLT,2,False,35.0,327.67,23.73,-76.86,0.7047,0.3087,60.0,21,6.8,427669.58
SMA50_200_RSI35_UPRO75_TLT_delay2_cautionFalse_vix35,50,200,35,75,25,TLT,2,False,35.0,327.67,23.73,-76.86,0.7047,0.3087,60.0,21,6.8,427669.58
SMA50_200_RSI40_UPRO75_TLT_delay2_cautionFalse_vix35,50,200,40,75,25,TLT,2,False,35.0,327.67,23.73,-76.86,0.7047,0.3087,60.0,21,6.8,427669.58
SMA50_200_RSI35_UPRO75_TLT_delay2_cautionTrue_vixNone,50,200,35,75,25,TLT,2,True,,324.18,23.58,-74.43,0.6924,0.3168,39.6,49,6.8,424183.19
SMA50_200_RSI35_UPRO75_TLT_delay0_cautionTrue_vixNone,50,200,35,75,25,TLT,0,True,,320.34,23.41,-75.68,0.6911,0.3094,39.6,49,6.8,420335.79
SMA100_200_RSI40_UPRO100_cash_delay2_cautionFalse_vixNone,100,200,40,100,0,cash,2,False,,69.97,8.08,-75.73,0.4392,0.1067,16.7,7,6.8,169966.06
SMA100_200_RSI35_UPRO100_cash_delay2_cautionFalse_vixNone,100,200,35,100,0,cash,2,False,,69.97,8.08,-75.73,0.4392,0.1067,16.7,7,6.8,169966.06
SMA100_200_RSI50_UPRO100_cash_delay2_cautionFalse_vixNone,100,200,50,100,0,cash,2,False,,69.97,8.08,-75.73,0.4392,0.1067,16.7,7,6.8,169966.06
SMA100_200_RSI45_UPRO100_cash_delay2_cautionFalse_vixNone,100,200,45,100,0,cash,2,False,,69.97,8.08,-75.73,0.4392,0.1067,16.7,7,6.8,169966.06
SMA100_200_RSI45_UPRO100_SHY_delay2_cautionFalse_vixNone,100,200,45,100,0,SHY,2,False,,68.27,7.92,-75.73,0.4365,0.1046,33.3,7,6.8,168272.39
SMA100_200_RSI40_UPRO100_SHY_delay2_cautionFalse_vixNone,100,200,40,100,0,SHY,2,False,,68.27,7.92,-75.73,0.4365,0.1046,33.3,7,6.8,168272.39
SMA100_200_RSI50_UPRO100_SHY_delay2_cautionFalse_vixNone,100,200,50,100,0,SHY,2,False,,68.27,7.92,-75.73,0.4365,0.1046,33.3,7,6.8,168272.39
SMA100_200_RSI35_UPRO100_SHY_delay2_cautionFalse_vixNone,100,200,35,100,0,SHY,2,False,,68.27,7.92,-75.73,0.4365,0.1046,33.3,7,6.8,168272.39
SMA100_200_RSI35_UPRO100_TLT_delay2_cautionFalse_vixNone,100,200,35,100,0,TLT,2,False,,65.44,7.65,-75.73,0.4312,0.1011,33.3,7,6.8,165438.89
SMA100_200_RSI40_UPRO100_TLT_delay2_cautionFalse_vixNone,100,200,40,100,0,TLT,2,False,,65.44,7.65,-75.73,0.4312,0.1011,33.3,7,6.8,165438.89
SMA100_200_RSI45_UPRO100_TLT_delay2_cautionFalse_vixNone,100,200,45,100,0,TLT,2,False,,65.44,7.65,-75.73,0.4312,0.1011,33.3,7,6.8,165438.89
SMA100_200_RSI50_UPRO100_TLT_delay2_cautionFalse_vixNone,100,200,50,100,0,TLT,2,False,,65.44,7.65,-75.73,0.4312,0.1011,33.3,7,6.8,165438.89
SMA100_200_RSI35_UPRO75_cash_delay2_cautionFalse_vixNone,100,200,35,75,25,cash,2,False,,50.72,6.2,-74.25,0.4154,0.0834,16.7,7,6.8,150722.81
SMA100_200_RSI40_UPRO75_cash_delay2_cautionFalse_vixNone,100,200,40,75,25,cash,2,False,,50.72,6.2,-74.25,0.4154,0.0834,16.7,7,6.8,150722.81
SMA100_200_RSI45_UPRO75_cash_delay2_cautionFalse_vixNone,100,200,45,75,25,cash,2,False,,50.72,6.2,-74.25,0.4154,0.0834,16.7,7,6.8,150722.81
SMA100_200_RSI50_UPRO75_cash_delay2_cautionFalse_vixNone,100,200,50,75,25,cash,2,False,,50.72,6.2,-74.25,0.4154,0.0834,16.7,7,6.8,150722.81
SMA100_200_RSI45_UPRO75_SHY_delay2_cautionFalse_vixNone,100,200,45,75,25,SHY,2,False,,49.22,6.04,-74.25,0.4128,0.0813,33.3,7,6.8,149220.89
SMA100_200_RSI40_UPRO75_SHY_delay2_cautionFalse_vixNone,100,200,40,75,25,SHY,2,False,,49.22,6.04,-74.25,0.4128,0.0813,33.3,7,6.8,149220.89
SMA100_200_RSI50_UPRO75_SHY_delay2_cautionFalse_vixNone,100,200,50,75,25,SHY,2,False,,49.22,6.04,-74.25,0.4128,0.0813,33.3,7,6.8,149220.89
SMA100_200_RSI35_UPRO75_SHY_delay2_cautionFalse_vixNone,100,200,35,75,25,SHY,2,False,,49.22,6.04,-74.25,0.4128,0.0813,33.3,7,6.8,149220.89
SMA100_200_RSI40_UPRO75_TLT_delay2_cautionFalse_vixNone,100,200,40,75,25,TLT,2,False,,46.71,5.78,-77.47,0.4082,0.0746,33.3,7,6.8,146708.19
SMA100_200_RSI35_UPRO75_TLT_delay2_cautionFalse_vixNone,100,200,35,75,25,TLT,2,False,,46.71,5.78,-77.47,0.4082,0.0746,33.3,7,6.8,146708.19
SMA100_200_RSI45_UPRO75_TLT_delay2_cautionFalse_vixNone,100,200,45,75,25,TLT,2,False,,46.71,5.78,-77.47,0.4082,0.0746,33.3,7,6.8,146708.19
SMA100_200_RSI50_UPRO75_TLT_delay2_cautionFalse_vixNone,100,200,50,75,25,TLT,2,False,,46.71,5.78,-77.47,0.4082,0.0746,33.3,7,6.8,146708.19
SMA100_200_RSI35_UPRO100_cash_delay0_cautionFalse_vixNone,100,200,35,100,0,cash,0,False,,48.18,5.93,-75.73,0.4023,0.0783,16.7,7,6.8,148183.75
SMA100_200_RSI40_UPRO100_cash_delay0_cautionFalse_vixNone,100,200,40,100,0,cash,0,False,,48.18,5.93,-75.73,0.4023,0.0783,16.7,7,6.8,148183.75
SMA100_200_RSI50_UPRO100_cash_delay0_cautionFalse_vixNone,100,200,50,100,0,cash,0,False,,48.18,5.93,-75.73,0.4023,0.0783,16.7,7,6.8,148183.75
SMA100_200_RSI45_UPRO100_cash_delay0_cautionFalse_vixNone,100,200,45,100,0,cash,0,False,,48.18,5.93,-75.73,0.4023,0.0783,16.7,7,6.8,148183.75
SMA100_200_RSI40_UPRO100_SHY_delay0_cautionFalse_vixNone,100,200,40,100,0,SHY,0,False,,44.75,5.57,-75.73,0.396,0.0735,33.3,7,6.8,144748.19
SMA100_200_RSI45_UPRO100_SHY_delay0_cautionFalse_vixNone,100,200,45,100,0,SHY,0,False,,44.75,5.57,-75.73,0.396,0.0735,33.3,7,6.8,144748.19
SMA100_200_RSI50_UPRO100_SHY_delay0_cautionFalse_vixNone,100,200,50,100,0,SHY,0,False,,44.75,5.57,-75.73,0.396,0.0735,33.3,7,6.8,144748.19
SMA100_200_RSI35_UPRO100_SHY_delay0_cautionFalse_vixNone,100,200,35,100,0,SHY,0,False,,44.75,5.57,-75.73,0.396,0.0735,33.3,7,6.8,144748.19
SMA100_200_RSI45_UPRO100_TLT_delay0_cautionFalse_vixNone,100,200,45,100,0,TLT,0,False,,35.98,4.61,-75.73,0.379,0.0608,50.0,7,6.8,135984.9
SMA100_200_RSI50_UPRO100_TLT_delay0_cautionFalse_vixNone,100,200,50,100,0,TLT,0,False,,35.98,4.61,-75.73,0.379,0.0608,50.0,7,6.8,135984.9
SMA100_200_RSI35_UPRO100_TLT_delay0_cautionFalse_vixNone,100,200,35,100,0,TLT,0,False,,35.98,4.61,-75.73,0.379,0.0608,50.0,7,6.8,135984.9
SMA100_200_RSI40_UPRO100_TLT_delay0_cautionFalse_vixNone,100,200,40,100,0,TLT,0,False,,35.98,4.61,-75.73,0.379,0.0608,50.0,7,6.8,135984.9
SMA100_200_RSI40_UPRO75_cash_delay0_cautionFalse_vixNone,100,200,40,75,25,cash,0,False,,30.43,3.97,-74.25,0.3783,0.0535,16.7,7,6.8,130426.72
SMA100_200_RSI35_UPRO75_cash_delay0_cautionFalse_vixNone,100,200,35,75,25,cash,0,False,,30.43,3.97,-74.25,0.3783,0.0535,16.7,7,6.8,130426.72
SMA100_200_RSI45_UPRO75_cash_delay0_cautionFalse_vixNone,100,200,45,75,25,cash,0,False,,30.43,3.97,-74.25,0.3783,0.0535,16.7,7,6.8,130426.72
SMA100_200_RSI50_UPRO75_cash_delay0_cautionFalse_vixNone,100,200,50,75,25,cash,0,False,,30.43,3.97,-74.25,0.3783,0.0535,16.7,7,6.8,130426.72
SMA100_200_RSI45_UPRO75_SHY_delay0_cautionFalse_vixNone,100,200,45,75,25,SHY,0,False,,27.4,3.61,-74.25,0.3723,0.0486,33.3,7,6.8,127402.85
SMA100_200_RSI35_UPRO75_SHY_delay0_cautionFalse_vixNone,100,200,35,75,25,SHY,0,False,,27.4,3.61,-74.25,0.3723,0.0486,33.3,7,6.8,127402.85
SMA100_200_RSI50_UPRO75_SHY_delay0_cautionFalse_vixNone,100,200,50,75,25,SHY,0,False,,27.4,3.61,-74.25,0.3723,0.0486,33.3,7,6.8,127402.85
SMA100_200_RSI40_UPRO75_SHY_delay0_cautionFalse_vixNone,100,200,40,75,25,SHY,0,False,,27.4,3.61,-74.25,0.3723,0.0486,33.3,7,6.8,127402.85
SMA100_200_RSI45_UPRO75_TLT_delay0_cautionFalse_vixNone,100,200,45,75,25,TLT,0,False,,19.69,2.67,-76.63,0.3564,0.0348,50.0,7,6.8,119689.68
SMA100_200_RSI40_UPRO75_TLT_delay0_cautionFalse_vixNone,100,200,40,75,25,TLT,0,False,,19.69,2.67,-76.63,0.3564,0.0348,50.0,7,6.8,119689.68
SMA100_200_RSI50_UPRO75_TLT_delay0_cautionFalse_vixNone,100,200,50,75,25,TLT,0,False,,19.69,2.67,-76.63,0.3564,0.0348,50.0,7,6.8,119689.68
SMA100_200_RSI35_UPRO75_TLT_delay0_cautionFalse_vixNone,100,200,35,75,25,TLT,0,False,,19.69,2.67,-76.63,0.3564,0.0348,50.0,7,6.8,119689.68
SMA50_200_RSI40_UPRO100_cash_delay2_cautionFalse_vixNone,50,200,40,100,0,cash,2,False,,13.59,1.88,-75.73,0.3232,0.0249,33.3,7,6.8,113589.21
SMA50_200_RSI50_UPRO100_cash_delay2_cautionFalse_vixNone,50,200,50,100,0,cash,2,False,,13.59,1.88,-75.73,0.3232,0.0249,33.3,7,6.8,113589.21
SMA50_200_RSI45_UPRO100_cash_delay2_cautionFalse_vixNone,50,200,45,100,0,cash,2,False,,13.59,1.88,-75.73,0.3232,0.0249,33.3,7,6.8,113589.21
SMA50_200_RSI35_UPRO100_cash_delay2_cautionFalse_vixNone,50,200,35,100,0,cash,2,False,,13.59,1.88,-75.73,0.3232,0.0249,33.3,7,6.8,113589.21
SMA50_200_RSI45_UPRO100_cash_delay0_cautionFalse_vixNone,50,200,45,100,0,cash,0,False,,12.46,1.74,-75.73,0.3193,0.0229,33.3,7,6.8,112460.77
SMA50_200_RSI40_UPRO100_cash_delay0_cautionFalse_vixNone,50,200,40,100,0,cash,0,False,,12.46,1.74,-75.73,0.3193,0.0229,33.3,7,6.8,112460.77
SMA50_200_RSI35_UPRO100_cash_delay0_cautionFalse_vixNone,50,200,35,100,0,cash,0,False,,12.46,1.74,-75.73,0.3193,0.0229,33.3,7,6.8,112460.77
SMA50_200_RSI50_UPRO100_cash_delay0_cautionFalse_vixNone,50,200,50,100,0,cash,0,False,,12.46,1.74,-75.73,0.3193,0.0229,33.3,7,6.8,112460.77
SMA50_200_RSI45_UPRO100_SHY_delay2_cautionFalse_vixNone,50,200,45,100,0,SHY,2,False,,10.29,1.45,-75.73,0.315,0.0191,33.3,7,6.8,110288.42
SMA50_200_RSI35_UPRO100_SHY_delay2_cautionFalse_vixNone,50,200,35,100,0,SHY,2,False,,10.29,1.45,-75.73,0.315,0.0191,33.3,7,6.8,110288.42
SMA50_200_RSI40_UPRO100_SHY_delay2_cautionFalse_vixNone,50,200,40,100,0,SHY,2,False,,10.29,1.45,-75.73,0.315,0.0191,33.3,7,6.8,110288.42
SMA50_200_RSI50_UPRO100_SHY_delay2_cautionFalse_vixNone,50,200,50,100,0,SHY,2,False,,10.29,1.45,-75.73,0.315,0.0191,33.3,7,6.8,110288.42
SMA50_200_RSI50_UPRO100_SHY_delay0_cautionFalse_vixNone,50,200,50,100,0,SHY,0,False,,9.78,1.38,-75.73,0.3125,0.0182,50.0,7,6.8,109783.37
SMA50_200_RSI45_UPRO100_SHY_delay0_cautionFalse_vixNone,50,200,45,100,0,SHY,0,False,,9.78,1.38,-75.73,0.3125,0.0182,50.0,7,6.8,109783.37
SMA50_200_RSI40_UPRO100_SHY_delay0_cautionFalse_vixNone,50,200,40,100,0,SHY,0,False,,9.78,1.38,-75.73,0.3125,0.0182,50.0,7,6.8,109783.37
SMA50_200_RSI35_UPRO100_SHY_delay0_cautionFalse_vixNone,50,200,35,100,0,SHY,0,False,,9.78,1.38,-75.73,0.3125,0.0182,50.0,7,6.8,109783.37
SMA50_200_RSI35_UPRO75_cash_delay2_cautionFalse_vixNone,50,200,35,75,25,cash,2,False,,-3.96,-0.59,-74.62,0.2907,-0.0079,16.7,7,6.8,96042.6
SMA50_200_RSI40_UPRO75_cash_delay2_cautionFalse_vixNone,50,200,40,75,25,cash,2,False,,-3.96,-0.59,-74.62,0.2907,-0.0079,16.7,7,6.8,96042.6
SMA50_200_RSI45_UPRO75_cash_delay2_cautionFalse_vixNone,50,200,45,75,25,cash,2,False,,-3.96,-0.59,-74.62,0.2907,-0.0079,16.7,7,6.8,96042.6
SMA50_200_RSI50_UPRO75_cash_delay2_cautionFalse_vixNone,50,200,50,75,25,cash,2,False,,-3.96,-0.59,-74.62,0.2907,-0.0079,16.7,7,6.8,96042.6
SMA50_200_RSI35_UPRO75_cash_delay0_cautionFalse_vixNone,50,200,35,75,25,cash,0,False,,-3.87,-0.58,-75.8,0.2896,-0.0076,16.7,7,6.8,96126.03
SMA50_200_RSI40_UPRO75_cash_delay0_cautionFalse_vixNone,50,200,40,75,25,cash,0,False,,-3.87,-0.58,-75.8,0.2896,-0.0076,16.7,7,6.8,96126.03
SMA50_200_RSI45_UPRO75_cash_delay0_cautionFalse_vixNone,50,200,45,75,25,cash,0,False,,-3.87,-0.58,-75.8,0.2896,-0.0076,16.7,7,6.8,96126.03
SMA50_200_RSI50_UPRO75_cash_delay0_cautionFalse_vixNone,50,200,50,75,25,cash,0,False,,-3.87,-0.58,-75.8,0.2896,-0.0076,16.7,7,6.8,96126.03
SMA50_200_RSI35_UPRO75_SHY_delay0_cautionFalse_vixNone,50,200,35,75,25,SHY,0,False,,-6.16,-0.93,-76.58,0.2832,-0.0121,33.3,7,6.8,93837.52
SMA50_200_RSI50_UPRO75_SHY_delay0_cautionFalse_vixNone,50,200,50,75,25,SHY,0,False,,-6.16,-0.93,-76.58,0.2832,-0.0121,33.3,7,6.8,93837.52
SMA50_200_RSI40_UPRO75_SHY_delay0_cautionFalse_vixNone,50,200,40,75,25,SHY,0,False,,-6.16,-0.93,-76.58,0.2832,-0.0121,33.3,7,6.8,93837.52
SMA50_200_RSI45_UPRO75_SHY_delay0_cautionFalse_vixNone,50,200,45,75,25,SHY,0,False,,-6.16,-0.93,-76.58,0.2832,-0.0121,33.3,7,6.8,93837.52
SMA50_200_RSI45_UPRO75_SHY_delay2_cautionFalse_vixNone,50,200,45,75,25,SHY,2,False,,-6.75,-1.02,-75.41,0.2829,-0.0135,16.7,7,6.8,93251.69
SMA50_200_RSI40_UPRO75_SHY_delay2_cautionFalse_vixNone,50,200,40,75,25,SHY,2,False,,-6.75,-1.02,-75.41,0.2829,-0.0135,16.7,7,6.8,93251.69
SMA50_200_RSI50_UPRO75_SHY_delay2_cautionFalse_vixNone,50,200,50,75,25,SHY,2,False,,-6.75,-1.02,-75.41,0.2829,-0.0135,16.7,7,6.8,93251.69
SMA50_200_RSI35_UPRO75_SHY_delay2_cautionFalse_vixNone,50,200,35,75,25,SHY,2,False,,-6.75,-1.02,-75.41,0.2829,-0.0135,16.7,7,6.8,93251.69
SMA50_200_RSI50_UPRO100_TLT_delay2_cautionFalse_vixNone,50,200,50,100,0,TLT,2,False,,-2.28,-0.34,-77.71,0.282,-0.0043,50.0,7,6.8,97718.18
SMA50_200_RSI35_UPRO100_TLT_delay2_cautionFalse_vixNone,50,200,35,100,0,TLT,2,False,,-2.28,-0.34,-77.71,0.282,-0.0043,50.0,7,6.8,97718.18
SMA50_200_RSI40_UPRO100_TLT_delay2_cautionFalse_vixNone,50,200,40,100,0,TLT,2,False,,-2.28,-0.34,-77.71,0.282,-0.0043,50.0,7,6.8,97718.18
SMA50_200_RSI45_UPRO100_TLT_delay2_cautionFalse_vixNone,50,200,45,100,0,TLT,2,False,,-2.28,-0.34,-77.71,0.282,-0.0043,50.0,7,6.8,97718.18
SMA50_200_RSI50_UPRO100_TLT_delay0_cautionFalse_vixNone,50,200,50,100,0,TLT,0,False,,-4.21,-0.63,-78.9,0.275,-0.008,50.0,7,6.8,95786.69
SMA50_200_RSI35_UPRO100_TLT_delay0_cautionFalse_vixNone,50,200,35,100,0,TLT,0,False,,-4.21,-0.63,-78.9,0.275,-0.008,50.0,7,6.8,95786.69
SMA50_200_RSI40_UPRO100_TLT_delay0_cautionFalse_vixNone,50,200,40,100,0,TLT,0,False,,-4.21,-0.63,-78.9,0.275,-0.008,50.0,7,6.8,95786.69
SMA50_200_RSI45_UPRO100_TLT_delay0_cautionFalse_vixNone,50,200,45,100,0,TLT,0,False,,-4.21,-0.63,-78.9,0.275,-0.008,50.0,7,6.8,95786.69
SMA50_200_RSI35_UPRO75_TLT_delay2_cautionFalse_vixNone,50,200,35,75,25,TLT,2,False,,-17.38,-2.76,-79.17,0.252,-0.0348,33.3,7,6.8,82623.23
SMA50_200_RSI50_UPRO75_TLT_delay2_cautionFalse_vixNone,50,200,50,75,25,TLT,2,False,,-17.38,-2.76,-79.17,0.252,-0.0348,33.3,7,6.8,82623.23
SMA50_200_RSI40_UPRO75_TLT_delay2_cautionFalse_vixNone,50,200,40,75,25,TLT,2,False,,-17.38,-2.76,-79.17,0.252,-0.0348,33.3,7,6.8,82623.23
SMA50_200_RSI45_UPRO75_TLT_delay2_cautionFalse_vixNone,50,200,45,75,25,TLT,2,False,,-17.38,-2.76,-79.17,0.252,-0.0348,33.3,7,6.8,82623.23
SMA50_200_RSI45_UPRO75_TLT_delay0_cautionFalse_vixNone,50,200,45,75,25,TLT,0,False,,-18.13,-2.89,-81.02,0.248,-0.0356,33.3,7,6.8,81873.83
SMA50_200_RSI50_UPRO75_TLT_delay0_cautionFalse_vixNone,50,200,50,75,25,TLT,0,False,,-18.13,-2.89,-81.02,0.248,-0.0356,33.3,7,6.8,81873.83
SMA50_200_RSI40_UPRO75_TLT_delay0_cautionFalse_vixNone,50,200,40,75,25,TLT,0,False,,-18.13,-2.89,-81.02,0.248,-0.0356,33.3,7,6.8,81873.83
SMA50_200_RSI35_UPRO75_TLT_delay0_cautionFalse_vixNone,50,200,35,75,25,TLT,0,False,,-18.13,-2.89,-81.02,0.248,-0.0356,33.3,7,6.8,81873.83
