strategy,sma_fast,sma_slow,rsi_threshold,upro_pct,tqqq_pct,defensive,sma_delay,bull_caution,total_return_pct,cagr_pct,max_drawdown_pct,sharpe,calmar,win_rate_pct,num_trades,years,final_equity
SMA100_200_RSI50_UPRO100_cash_delay2_cautionTrue,100,200,50,100,0,cash,2,True,2074.49,81.49,-35.79,2.0038,2.2769,49.6,118,5.2,2174487.97
SMA100_200_RSI50_UPRO100_SHY_delay2_cautionTrue,100,200,50,100,0,SHY,2,True,2060.8,81.27,-36.13,1.9988,2.2492,50.4,118,5.2,2160800.89
SMA100_200_RSI50_UPRO100_cash_delay0_cautionTrue,100,200,50,100,0,cash,0,True,2038.04,80.9,-35.79,1.9937,2.2603,48.7,118,5.2,2138043.28
SMA100_200_RSI50_UPRO100_SHY_delay0_cautionTrue,100,200,50,100,0,SHY,0,True,2014.42,80.51,-36.13,1.9863,2.2281,49.6,118,5.2,2114417.48
SMA50_200_RSI50_UPRO100_cash_delay2_cautionTrue,50,200,50,100,0,cash,2,True,1524.91,71.54,-40.27,1.8751,1.7766,47.8,116,5.2,1624910.0
SMA50_200_RSI50_UPRO100_cash_delay0_cautionTrue,50,200,50,100,0,cash,0,True,1515.28,71.34,-41.57,1.8721,1.7161,47.8,116,5.2,1615282.24
SMA50_200_RSI50_UPRO100_SHY_delay0_cautionTrue,50,200,50,100,0,SHY,0,True,1491.36,70.85,-43.45,1.8617,1.6306,48.7,116,5.2,1591360.72
SMA50_200_RSI50_UPRO100_SHY_delay2_cautionTrue,50,200,50,100,0,SHY,2,True,1491.88,70.86,-42.18,1.8611,1.6799,47.8,116,5.2,1591883.27
SMA100_200_RSI50_UPRO75_cash_delay2_cautionTrue,100,200,50,75,25,cash,2,True,1968.83,79.75,-37.79,1.8369,2.1102,50.4,118,5.2,2068829.06
SMA100_200_RSI50_UPRO75_SHY_delay2_cautionTrue,100,200,50,75,25,SHY,2,True,1955.77,79.53,-38.29,1.8325,2.0772,51.3,118,5.2,2055767.49
SMA100_200_RSI50_UPRO100_TLT_delay2_cautionTrue,100,200,50,100,0,TLT,2,True,1685.74,74.7,-49.05,1.8274,1.5231,51.3,118,5.2,1785737.55
SMA100_200_RSI50_UPRO75_cash_delay0_cautionTrue,100,200,50,75,25,cash,0,True,1915.5,78.85,-37.79,1.8225,2.0862,49.6,118,5.2,2015499.46
SMA100_200_RSI50_UPRO75_SHY_delay0_cautionTrue,100,200,50,75,25,SHY,0,True,1893.19,78.46,-38.29,1.8157,2.0493,51.3,118,5.2,1993188.22
SMA100_200_RSI50_UPRO100_TLT_delay0_cautionTrue,100,200,50,100,0,TLT,0,True,1605.71,73.16,-47.91,1.803,1.527,51.3,118,5.2,1705711.84
SMA50_200_RSI50_UPRO75_cash_delay2_cautionTrue,50,200,50,75,25,cash,2,True,1413.14,69.19,-41.76,1.7056,1.6567,48.7,116,5.2,1513139.2
SMA50_200_RSI50_UPRO75_cash_delay0_cautionTrue,50,200,50,75,25,cash,0,True,1404.5,69.0,-42.81,1.7029,1.6117,48.7,116,5.2,1504495.07
SMA50_200_RSI50_UPRO75_SHY_delay0_cautionTrue,50,200,50,75,25,SHY,0,True,1382.18,68.52,-45.07,1.6936,1.5202,49.6,116,5.2,1482184.88
SMA50_200_RSI50_UPRO75_SHY_delay2_cautionTrue,50,200,50,75,25,SHY,2,True,1382.35,68.52,-44.06,1.6929,1.5552,48.7,116,5.2,1482348.78
SMA100_200_RSI50_UPRO75_TLT_delay2_cautionTrue,100,200,50,75,25,TLT,2,True,1598.62,73.02,-50.63,1.6859,1.4423,52.1,118,5.2,1698621.78
SMA50_200_RSI50_UPRO100_TLT_delay0_cautionTrue,50,200,50,100,0,TLT,0,True,1154.56,63.16,-56.62,1.6614,1.1155,49.6,116,5.2,1254556.21
SMA100_200_RSI50_UPRO75_TLT_delay0_cautionTrue,100,200,50,75,25,TLT,0,True,1507.59,71.19,-49.68,1.658,1.4329,52.1,118,5.2,1607594.23
SMA50_200_RSI50_UPRO100_TLT_delay2_cautionTrue,50,200,50,100,0,TLT,2,True,1147.85,63.0,-55.27,1.6577,1.1398,48.7,116,5.2,1247847.79
SMA50_200_RSI50_UPRO75_TLT_delay0_cautionTrue,50,200,50,75,25,TLT,0,True,1068.34,60.93,-57.99,1.5207,1.0506,51.3,116,5.2,1168344.02
SMA50_200_RSI50_UPRO75_TLT_delay2_cautionTrue,50,200,50,75,25,TLT,2,True,1061.81,60.76,-56.7,1.5172,1.0715,50.4,116,5.2,1161814.68
SMA100_200_RSI45_UPRO100_cash_delay2_cautionTrue,100,200,45,100,0,cash,2,True,1500.07,71.03,-60.03,1.5169,1.1832,48.4,96,5.2,1600072.77
SMA100_200_RSI45_UPRO100_SHY_delay2_cautionTrue,100,200,45,100,0,SHY,2,True,1487.2,70.76,-60.06,1.5128,1.1783,49.5,96,5.2,1587204.44
SMA100_200_RSI45_UPRO100_cash_delay0_cautionTrue,100,200,45,100,0,cash,0,True,1473.26,70.47,-60.03,1.5092,1.1739,47.4,96,5.2,1573255.35
SMA100_200_RSI45_UPRO100_SHY_delay0_cautionTrue,100,200,45,100,0,SHY,0,True,1453.13,70.05,-60.06,1.503,1.1663,48.4,96,5.2,1553133.76
SMA100_200_RSI45_UPRO75_cash_delay2_cautionTrue,100,200,45,75,25,cash,2,True,1406.81,69.05,-61.88,1.4256,1.1159,48.4,96,5.2,1506810.08
SMA100_200_RSI45_UPRO75_SHY_delay2_cautionTrue,100,200,45,75,25,SHY,2,True,1394.69,68.79,-61.91,1.4218,1.1112,49.5,96,5.2,1494691.21
SMA100_200_RSI45_UPRO75_cash_delay0_cautionTrue,100,200,45,75,25,cash,0,True,1367.97,68.2,-61.88,1.4142,1.1021,47.4,96,5.2,1467968.03
SMA100_200_RSI45_UPRO100_TLT_delay2_cautionTrue,100,200,45,100,0,TLT,2,True,1231.92,65.07,-66.46,1.4132,0.979,50.5,96,5.2,1331920.34
SMA100_200_RSI45_UPRO75_SHY_delay0_cautionTrue,100,200,45,75,25,SHY,0,True,1349.19,67.78,-61.91,1.4085,1.0949,48.4,96,5.2,1449191.56
SMA100_200_RSI45_UPRO100_TLT_delay0_cautionTrue,100,200,45,100,0,TLT,0,True,1172.23,63.61,-65.71,1.3934,0.968,49.5,96,5.2,1272231.91
SMA50_200_RSI45_UPRO100_cash_delay2_cautionTrue,50,200,45,100,0,cash,2,True,986.48,58.68,-62.27,1.3613,0.9424,46.8,95,5.2,1086475.76
SMA50_200_RSI45_UPRO100_cash_delay0_cautionTrue,50,200,45,100,0,cash,0,True,981.47,58.54,-63.1,1.3597,0.9278,46.8,95,5.2,1081467.56
SMA50_200_RSI45_UPRO100_SHY_delay0_cautionTrue,50,200,45,100,0,SHY,0,True,964.03,58.04,-64.07,1.3517,0.906,47.9,95,5.2,1064033.73
SMA50_200_RSI45_UPRO100_SHY_delay2_cautionTrue,50,200,45,100,0,SHY,2,True,961.7,57.98,-63.26,1.3501,0.9165,46.8,95,5.2,1061697.3
SMA100_200_RSI45_UPRO75_TLT_delay2_cautionTrue,100,200,45,75,25,TLT,2,True,1154.42,63.16,-68.34,1.3321,0.9242,50.5,96,5.2,1254420.05
SMA100_200_RSI45_UPRO75_TLT_delay0_cautionTrue,100,200,45,75,25,TLT,0,True,1087.2,61.43,-67.73,1.3093,0.907,49.5,96,5.2,1187196.85
SMA50_200_RSI45_UPRO75_cash_delay2_cautionTrue,50,200,45,75,25,cash,2,True,903.82,56.27,-63.95,1.2709,0.88,46.8,95,5.2,1003823.76
SMA50_200_RSI45_UPRO75_cash_delay0_cautionTrue,50,200,45,75,25,cash,0,True,900.46,56.17,-64.6,1.2699,0.8696,46.8,95,5.2,1000461.61
SMA50_200_RSI45_UPRO75_SHY_delay0_cautionTrue,50,200,45,75,25,SHY,0,True,884.33,55.68,-65.67,1.2625,0.8479,47.9,95,5.2,984329.12
SMA50_200_RSI45_UPRO75_SHY_delay2_cautionTrue,50,200,45,75,25,SHY,2,True,880.92,55.58,-65.04,1.2605,0.8545,46.8,95,5.2,980920.61
SMA50_200_RSI45_UPRO100_TLT_delay0_cautionTrue,50,200,45,100,0,TLT,0,True,739.76,50.97,-71.45,1.2236,0.7133,48.9,95,5.2,839764.63
SMA50_200_RSI45_UPRO100_TLT_delay2_cautionTrue,50,200,45,100,0,TLT,2,True,728.09,50.56,-70.56,1.2168,0.7165,47.9,95,5.2,828089.0
SMA100_200_RSI40_UPRO100_cash_delay0_cautionTrue,100,200,40,100,0,cash,0,True,769.28,51.98,-60.26,1.1939,0.8625,46.8,63,5.2,869283.3
SMA100_200_RSI40_UPRO100_SHY_delay0_cautionTrue,100,200,40,100,0,SHY,0,True,753.57,51.44,-60.39,1.1857,0.8518,48.4,63,5.2,853574.58
SMA100_200_RSI40_UPRO100_cash_delay2_cautionTrue,100,200,40,100,0,cash,2,True,750.93,51.35,-60.26,1.183,0.8522,45.2,63,5.2,850933.62
SMA100_200_RSI40_UPRO100_SHY_delay2_cautionTrue,100,200,40,100,0,SHY,2,True,740.62,51.0,-60.39,1.1774,0.8444,48.4,63,5.2,840618.51
SMA50_200_RSI45_UPRO75_TLT_delay0_cautionTrue,50,200,45,75,25,TLT,0,True,676.95,48.71,-72.97,1.1459,0.6676,48.9,95,5.2,776954.22
SMA50_200_RSI45_UPRO75_TLT_delay2_cautionTrue,50,200,45,75,25,TLT,2,True,665.15,48.27,-72.14,1.139,0.6692,47.9,95,5.2,765154.89
SMA100_200_RSI40_UPRO100_TLT_delay2_cautionTrue,100,200,40,100,0,TLT,2,True,618.76,46.49,-67.1,1.1,0.6928,46.8,63,5.2,718757.76
SMA100_200_RSI40_UPRO75_cash_delay0_cautionTrue,100,200,40,75,25,cash,0,True,658.69,48.03,-62.36,1.0948,0.7702,45.2,63,5.2,758688.51
SMA100_200_RSI40_UPRO100_TLT_delay0_cautionTrue,100,200,40,100,0,TLT,0,True,602.6,45.84,-65.58,1.0918,0.6991,48.4,63,5.2,702601.93
SMA100_200_RSI40_UPRO75_cash_delay2_cautionTrue,100,200,40,75,25,cash,2,True,651.79,47.77,-62.36,1.09,0.766,43.5,63,5.2,751790.15
SMA100_200_RSI40_UPRO75_SHY_delay0_cautionTrue,100,200,40,75,25,SHY,0,True,644.97,47.51,-62.48,1.0872,0.7604,46.8,63,5.2,744969.92
SMA100_200_RSI40_UPRO75_SHY_delay2_cautionTrue,100,200,40,75,25,SHY,2,True,642.67,47.42,-62.48,1.0847,0.7589,46.8,63,5.2,742668.56
SMA50_200_RSI40_UPRO100_cash_delay2_cautionTrue,50,200,40,100,0,cash,2,True,502.84,41.59,-64.14,1.0493,0.6483,44.8,59,5.2,602844.78
SMA50_200_RSI40_UPRO100_cash_delay0_cautionTrue,50,200,40,100,0,cash,0,True,500.07,41.46,-64.93,1.0475,0.6385,44.8,59,5.2,600065.92
SMA50_200_RSI40_UPRO100_SHY_delay0_cautionTrue,50,200,40,100,0,SHY,0,True,489.46,40.97,-65.81,1.0393,0.6225,46.6,59,5.2,589464.98
SMA50_200_RSI40_UPRO100_SHY_delay2_cautionTrue,50,200,40,100,0,SHY,2,True,488.17,40.91,-65.05,1.038,0.6289,44.8,59,5.2,588170.62
SMA100_200_RSI40_UPRO75_TLT_delay2_cautionTrue,100,200,40,75,25,TLT,2,True,535.12,43.02,-69.06,1.015,0.623,46.8,63,5.2,635124.1
SMA100_200_RSI40_UPRO75_TLT_delay0_cautionTrue,100,200,40,75,25,TLT,0,True,513.32,42.06,-67.82,1.0021,0.6201,46.8,63,5.2,613319.27
SMA100_200_RSI35_UPRO100_cash_delay2_cautionTrue,100,200,35,100,0,cash,2,True,440.17,38.61,-62.35,0.9735,0.6192,31.4,36,5.2,540170.45
SMA100_200_RSI35_UPRO100_cash_delay0_cautionTrue,100,200,35,100,0,cash,0,True,434.37,38.32,-62.48,0.9693,0.6133,33.3,37,5.2,534366.2
SMA100_200_RSI35_UPRO100_SHY_delay2_cautionTrue,100,200,35,100,0,SHY,2,True,434.08,38.3,-63.26,0.9684,0.6055,37.1,36,5.2,534076.63
SMA100_200_RSI35_UPRO100_SHY_delay0_cautionTrue,100,200,35,100,0,SHY,0,True,424.58,37.83,-63.37,0.9612,0.5969,36.1,37,5.2,524584.76
SMA50_200_RSI40_UPRO75_cash_delay2_cautionTrue,50,200,40,75,25,cash,2,True,423.92,37.79,-65.82,0.9562,0.5742,43.1,59,5.2,523918.44
SMA50_200_RSI40_UPRO75_cash_delay0_cautionTrue,50,200,40,75,25,cash,0,True,422.16,37.7,-66.43,0.955,0.5675,43.1,59,5.2,522163.66
SMA50_200_RSI40_UPRO75_SHY_delay0_cautionTrue,50,200,40,75,25,SHY,0,True,412.93,37.23,-67.42,0.9474,0.5522,44.8,59,5.2,512933.42
SMA50_200_RSI40_UPRO75_SHY_delay2_cautionTrue,50,200,40,75,25,SHY,2,True,411.16,37.14,-66.82,0.9457,0.5558,43.1,59,5.2,511157.25
SMA50_200_RSI40_UPRO100_TLT_delay0_cautionTrue,50,200,40,100,0,TLT,0,True,365.56,34.68,-71.34,0.9267,0.4861,46.6,59,5.2,465563.79
SMA50_200_RSI40_UPRO100_TLT_delay2_cautionTrue,50,200,40,100,0,TLT,2,True,359.09,34.31,-70.57,0.9204,0.4862,44.8,59,5.2,459090.84
SMA100_200_RSI35_UPRO100_TLT_delay2_cautionTrue,100,200,35,100,0,TLT,2,True,366.12,34.71,-70.01,0.9034,0.4958,34.3,36,5.2,466117.78
SMA100_200_RSI35_UPRO100_TLT_delay0_cautionTrue,100,200,35,100,0,TLT,0,True,339.8,33.2,-68.62,0.8796,0.4839,36.1,37,5.2,439802.88
SMA50_200_RSI35_UPRO100_cash_delay2_cautionTrue,50,200,35,100,0,cash,2,True,300.61,30.82,-67.26,0.858,0.4582,32.4,35,5.2,400611.94
SMA100_200_RSI35_UPRO75_cash_delay2_cautionTrue,100,200,35,75,25,cash,2,True,330.21,32.63,-64.99,0.8545,0.5021,31.4,36,5.2,430209.67
SMA100_200_RSI35_UPRO75_SHY_delay2_cautionTrue,100,200,35,75,25,SHY,2,True,325.35,32.34,-65.62,0.8499,0.4929,37.1,36,5.2,425346.65
SMA50_200_RSI35_UPRO100_cash_delay0_cautionTrue,50,200,35,100,0,cash,0,True,291.89,30.26,-68.53,0.849,0.4416,32.4,35,5.2,391888.85
SMA50_200_RSI35_UPRO100_SHY_delay2_cautionTrue,50,200,35,100,0,SHY,2,True,291.01,30.2,-68.02,0.8472,0.4441,32.4,35,5.2,391010.82
SMA100_200_RSI35_UPRO75_cash_delay0_cautionTrue,100,200,35,75,25,cash,0,True,320.57,32.05,-64.93,0.8458,0.4937,33.3,37,5.2,420574.3
SMA50_200_RSI40_UPRO75_TLT_delay0_cautionTrue,50,200,40,75,25,TLT,0,True,305.2,31.11,-72.9,0.8447,0.4267,44.8,59,5.2,405199.46
SMA50_200_RSI35_UPRO100_SHY_delay0_cautionTrue,50,200,35,100,0,SHY,0,True,284.79,29.8,-69.29,0.8409,0.4301,35.3,35,5.2,384786.16
SMA100_200_RSI35_UPRO75_SHY_delay0_cautionTrue,100,200,35,75,25,SHY,0,True,312.87,31.58,-65.9,0.8384,0.4792,36.1,37,5.2,412866.47
SMA50_200_RSI40_UPRO75_TLT_delay2_cautionTrue,50,200,40,75,25,TLT,2,True,299.05,30.72,-72.14,0.8382,0.4258,43.1,59,5.2,399045.84
SMA100_200_RSI35_UPRO75_TLT_delay2_cautionTrue,100,200,35,75,25,TLT,2,True,271.27,28.9,-71.92,0.7923,0.4019,37.1,36,5.2,371268.84
SMA100_200_RSI35_UPRO75_TLT_delay0_cautionTrue,100,200,35,75,25,TLT,0,True,246.18,27.17,-70.8,0.7654,0.3838,38.9,37,5.2,346183.03
SMA50_200_RSI35_UPRO100_TLT_delay2_cautionTrue,50,200,35,100,0,TLT,2,True,207.87,24.32,-72.99,0.7377,0.3332,32.4,35,5.2,307865.59
SMA50_200_RSI35_UPRO75_cash_delay2_cautionTrue,50,200,35,75,25,cash,2,True,213.68,24.77,-68.99,0.7373,0.359,32.4,35,5.2,313684.95
SMA50_200_RSI35_UPRO100_TLT_delay0_cautionTrue,50,200,35,100,0,TLT,0,True,202.97,23.93,-74.43,0.7313,0.3215,35.3,35,5.2,302968.83
SMA50_200_RSI35_UPRO75_cash_delay0_cautionTrue,50,200,35,75,25,cash,0,True,207.45,24.28,-70.05,0.7296,0.3467,32.4,35,5.2,307451.69
SMA50_200_RSI35_UPRO75_SHY_delay2_cautionTrue,50,200,35,75,25,SHY,2,True,206.16,24.18,-69.83,0.7274,0.3463,32.4,35,5.2,306158.9
SMA50_200_RSI35_UPRO75_SHY_delay0_cautionTrue,50,200,35,75,25,SHY,0,True,201.87,23.84,-70.89,0.7221,0.3364,35.3,35,5.2,301871.24
SMA100_200_RSI40_UPRO100_cash_delay2_cautionFalse,100,200,40,100,0,cash,2,False,159.15,20.24,-69.29,0.6565,0.2921,25.0,5,5.2,259151.81
SMA100_200_RSI35_UPRO100_cash_delay2_cautionFalse,100,200,35,100,0,cash,2,False,159.15,20.24,-69.29,0.6565,0.2921,25.0,5,5.2,259151.81
SMA100_200_RSI45_UPRO100_cash_delay2_cautionFalse,100,200,45,100,0,cash,2,False,159.15,20.24,-69.29,0.6565,0.2921,25.0,5,5.2,259151.81
SMA100_200_RSI50_UPRO100_cash_delay2_cautionFalse,100,200,50,100,0,cash,2,False,159.15,20.24,-69.29,0.6565,0.2921,25.0,5,5.2,259151.81
SMA100_200_RSI45_UPRO100_SHY_delay2_cautionFalse,100,200,45,100,0,SHY,2,False,154.73,19.84,-69.91,0.6494,0.2838,50.0,5,5.2,254729.78
SMA100_200_RSI40_UPRO100_SHY_delay2_cautionFalse,100,200,40,100,0,SHY,2,False,154.73,19.84,-69.91,0.6494,0.2838,50.0,5,5.2,254729.78
SMA100_200_RSI50_UPRO100_SHY_delay2_cautionFalse,100,200,50,100,0,SHY,2,False,154.73,19.84,-69.91,0.6494,0.2838,50.0,5,5.2,254729.78
SMA100_200_RSI35_UPRO100_SHY_delay2_cautionFalse,100,200,35,100,0,SHY,2,False,154.73,19.84,-69.91,0.6494,0.2838,50.0,5,5.2,254729.78
SMA100_200_RSI35_UPRO100_cash_delay0_cautionFalse,100,200,35,100,0,cash,0,False,152.35,19.62,-69.89,0.6457,0.2807,50.0,5,5.2,252346.93
SMA100_200_RSI50_UPRO100_cash_delay0_cautionFalse,100,200,50,100,0,cash,0,False,152.35,19.62,-69.89,0.6457,0.2807,50.0,5,5.2,252346.93
SMA100_200_RSI45_UPRO100_cash_delay0_cautionFalse,100,200,45,100,0,cash,0,False,152.35,19.62,-69.89,0.6457,0.2807,50.0,5,5.2,252346.93
SMA100_200_RSI40_UPRO100_cash_delay0_cautionFalse,100,200,40,100,0,cash,0,False,152.35,19.62,-69.89,0.6457,0.2807,50.0,5,5.2,252346.93
SMA100_200_RSI45_UPRO100_SHY_delay0_cautionFalse,100,200,45,100,0,SHY,0,False,145.43,18.98,-70.84,0.6343,0.2679,75.0,5,5.2,245429.04
SMA100_200_RSI40_UPRO100_SHY_delay0_cautionFalse,100,200,40,100,0,SHY,0,False,145.43,18.98,-70.84,0.6343,0.2679,75.0,5,5.2,245429.04
SMA100_200_RSI35_UPRO100_SHY_delay0_cautionFalse,100,200,35,100,0,SHY,0,False,145.43,18.98,-70.84,0.6343,0.2679,75.0,5,5.2,245429.04
SMA100_200_RSI50_UPRO100_SHY_delay0_cautionFalse,100,200,50,100,0,SHY,0,False,145.43,18.98,-70.84,0.6343,0.2679,75.0,5,5.2,245429.04
SMA50_200_RSI35_UPRO75_TLT_delay2_cautionTrue,50,200,35,75,25,TLT,2,True,141.08,18.57,-74.43,0.6286,0.2495,35.3,35,5.2,241080.87
SMA50_200_RSI35_UPRO75_TLT_delay0_cautionTrue,50,200,35,75,25,TLT,0,True,137.71,18.25,-75.68,0.6232,0.2411,38.2,35,5.2,237707.97
SMA100_200_RSI45_UPRO100_TLT_delay2_cautionFalse,100,200,45,100,0,TLT,2,False,138.51,18.32,-75.56,0.6206,0.2425,50.0,5,5.2,238512.25
SMA100_200_RSI40_UPRO100_TLT_delay2_cautionFalse,100,200,40,100,0,TLT,2,False,138.51,18.32,-75.56,0.6206,0.2425,50.0,5,5.2,238512.25
SMA100_200_RSI35_UPRO100_TLT_delay2_cautionFalse,100,200,35,100,0,TLT,2,False,138.51,18.32,-75.56,0.6206,0.2425,50.0,5,5.2,238512.25
SMA100_200_RSI50_UPRO100_TLT_delay2_cautionFalse,100,200,50,100,0,TLT,2,False,138.51,18.32,-75.56,0.6206,0.2425,50.0,5,5.2,238512.25
SMA100_200_RSI40_UPRO100_TLT_delay0_cautionFalse,100,200,40,100,0,TLT,0,False,118.17,16.3,-74.72,0.5849,0.2181,75.0,5,5.2,218173.79
SMA100_200_RSI45_UPRO100_TLT_delay0_cautionFalse,100,200,45,100,0,TLT,0,False,118.17,16.3,-74.72,0.5849,0.2181,75.0,5,5.2,218173.79
SMA100_200_RSI35_UPRO100_TLT_delay0_cautionFalse,100,200,35,100,0,TLT,0,False,118.17,16.3,-74.72,0.5849,0.2181,75.0,5,5.2,218173.79
SMA100_200_RSI50_UPRO100_TLT_delay0_cautionFalse,100,200,50,100,0,TLT,0,False,118.17,16.3,-74.72,0.5849,0.2181,75.0,5,5.2,218173.79
SMA100_200_RSI45_UPRO75_cash_delay2_cautionFalse,100,200,45,75,25,cash,2,False,100.87,14.45,-71.76,0.5549,0.2014,25.0,5,5.2,200871.76
SMA100_200_RSI50_UPRO75_cash_delay2_cautionFalse,100,200,50,75,25,cash,2,False,100.87,14.45,-71.76,0.5549,0.2014,25.0,5,5.2,200871.76
SMA100_200_RSI35_UPRO75_cash_delay2_cautionFalse,100,200,35,75,25,cash,2,False,100.87,14.45,-71.76,0.5549,0.2014,25.0,5,5.2,200871.76
SMA100_200_RSI40_UPRO75_cash_delay2_cautionFalse,100,200,40,75,25,cash,2,False,100.87,14.45,-71.76,0.5549,0.2014,25.0,5,5.2,200871.76
SMA100_200_RSI45_UPRO75_SHY_delay2_cautionFalse,100,200,45,75,25,SHY,2,False,97.44,14.07,-72.25,0.5484,0.1948,50.0,5,5.2,197444.19
SMA100_200_RSI35_UPRO75_SHY_delay2_cautionFalse,100,200,35,75,25,SHY,2,False,97.44,14.07,-72.25,0.5484,0.1948,50.0,5,5.2,197444.19
SMA100_200_RSI50_UPRO75_SHY_delay2_cautionFalse,100,200,50,75,25,SHY,2,False,97.44,14.07,-72.25,0.5484,0.1948,50.0,5,5.2,197444.19
SMA100_200_RSI40_UPRO75_SHY_delay2_cautionFalse,100,200,40,75,25,SHY,2,False,97.44,14.07,-72.25,0.5484,0.1948,50.0,5,5.2,197444.19
SMA50_200_RSI35_UPRO100_cash_delay2_cautionFalse,50,200,35,100,0,cash,2,False,97.61,14.09,-72.56,0.5483,0.1942,50.0,5,5.2,197611.95
SMA50_200_RSI40_UPRO100_cash_delay2_cautionFalse,50,200,40,100,0,cash,2,False,97.61,14.09,-72.56,0.5483,0.1942,50.0,5,5.2,197611.95
SMA50_200_RSI45_UPRO100_cash_delay2_cautionFalse,50,200,45,100,0,cash,2,False,97.61,14.09,-72.56,0.5483,0.1942,50.0,5,5.2,197611.95
SMA50_200_RSI50_UPRO100_cash_delay2_cautionFalse,50,200,50,100,0,cash,2,False,97.61,14.09,-72.56,0.5483,0.1942,50.0,5,5.2,197611.95
SMA100_200_RSI45_UPRO75_cash_delay0_cautionFalse,100,200,45,75,25,cash,0,False,93.28,13.6,-72.17,0.5403,0.1885,25.0,5,5.2,193279.27
SMA100_200_RSI40_UPRO75_cash_delay0_cautionFalse,100,200,40,75,25,cash,0,False,93.28,13.6,-72.17,0.5403,0.1885,25.0,5,5.2,193279.27
SMA100_200_RSI50_UPRO75_cash_delay0_cautionFalse,100,200,50,75,25,cash,0,False,93.28,13.6,-72.17,0.5403,0.1885,25.0,5,5.2,193279.27
SMA100_200_RSI35_UPRO75_cash_delay0_cautionFalse,100,200,35,75,25,cash,0,False,93.28,13.6,-72.17,0.5403,0.1885,25.0,5,5.2,193279.27
SMA50_200_RSI50_UPRO100_cash_delay0_cautionFalse,50,200,50,100,0,cash,0,False,93.31,13.61,-73.62,0.5392,0.1848,25.0,5,5.2,193309.06
SMA50_200_RSI40_UPRO100_cash_delay0_cautionFalse,50,200,40,100,0,cash,0,False,93.31,13.61,-73.62,0.5392,0.1848,25.0,5,5.2,193309.06
SMA50_200_RSI35_UPRO100_cash_delay0_cautionFalse,50,200,35,100,0,cash,0,False,93.31,13.61,-73.62,0.5392,0.1848,25.0,5,5.2,193309.06
SMA50_200_RSI45_UPRO100_cash_delay0_cautionFalse,50,200,45,100,0,cash,0,False,93.31,13.61,-73.62,0.5392,0.1848,25.0,5,5.2,193309.06
SMA50_200_RSI40_UPRO100_SHY_delay2_cautionFalse,50,200,40,100,0,SHY,2,False,91.27,13.37,-73.38,0.5346,0.1823,50.0,5,5.2,191266.21
SMA50_200_RSI45_UPRO100_SHY_delay2_cautionFalse,50,200,45,100,0,SHY,2,False,91.27,13.37,-73.38,0.5346,0.1823,50.0,5,5.2,191266.21
SMA50_200_RSI35_UPRO100_SHY_delay2_cautionFalse,50,200,35,100,0,SHY,2,False,91.27,13.37,-73.38,0.5346,0.1823,50.0,5,5.2,191266.21
SMA50_200_RSI50_UPRO100_SHY_delay2_cautionFalse,50,200,50,100,0,SHY,2,False,91.27,13.37,-73.38,0.5346,0.1823,50.0,5,5.2,191266.21
SMA100_200_RSI50_UPRO75_SHY_delay0_cautionFalse,100,200,50,75,25,SHY,0,False,87.98,12.99,-73.04,0.5298,0.1779,50.0,5,5.2,187980.67
SMA100_200_RSI45_UPRO75_SHY_delay0_cautionFalse,100,200,45,75,25,SHY,0,False,87.98,12.99,-73.04,0.5298,0.1779,50.0,5,5.2,187980.67
SMA100_200_RSI40_UPRO75_SHY_delay0_cautionFalse,100,200,40,75,25,SHY,0,False,87.98,12.99,-73.04,0.5298,0.1779,50.0,5,5.2,187980.67
SMA100_200_RSI35_UPRO75_SHY_delay0_cautionFalse,100,200,35,75,25,SHY,0,False,87.98,12.99,-73.04,0.5298,0.1779,50.0,5,5.2,187980.67
SMA50_200_RSI40_UPRO100_SHY_delay0_cautionFalse,50,200,40,100,0,SHY,0,False,88.22,13.02,-74.43,0.528,0.175,50.0,5,5.2,188221.36
SMA50_200_RSI50_UPRO100_SHY_delay0_cautionFalse,50,200,50,100,0,SHY,0,False,88.22,13.02,-74.43,0.528,0.175,50.0,5,5.2,188221.36
SMA50_200_RSI35_UPRO100_SHY_delay0_cautionFalse,50,200,35,100,0,SHY,0,False,88.22,13.02,-74.43,0.528,0.175,50.0,5,5.2,188221.36
SMA50_200_RSI45_UPRO100_SHY_delay0_cautionFalse,50,200,45,100,0,SHY,0,False,88.22,13.02,-74.43,0.528,0.175,50.0,5,5.2,188221.36
SMA100_200_RSI40_UPRO75_TLT_delay2_cautionFalse,100,200,40,75,25,TLT,2,False,84.87,12.63,-77.47,0.5234,0.163,50.0,5,5.2,184873.79
SMA100_200_RSI35_UPRO75_TLT_delay2_cautionFalse,100,200,35,75,25,TLT,2,False,84.87,12.63,-77.47,0.5234,0.163,50.0,5,5.2,184873.79
SMA100_200_RSI45_UPRO75_TLT_delay2_cautionFalse,100,200,45,75,25,TLT,2,False,84.87,12.63,-77.47,0.5234,0.163,50.0,5,5.2,184873.79
SMA100_200_RSI50_UPRO75_TLT_delay2_cautionFalse,100,200,50,75,25,TLT,2,False,84.87,12.63,-77.47,0.5234,0.163,50.0,5,5.2,184873.79
SMA100_200_RSI35_UPRO75_TLT_delay0_cautionFalse,100,200,35,75,25,TLT,0,False,67.11,10.45,-76.63,0.4856,0.1364,50.0,5,5.2,167105.15
SMA100_200_RSI45_UPRO75_TLT_delay0_cautionFalse,100,200,45,75,25,TLT,0,False,67.11,10.45,-76.63,0.4856,0.1364,50.0,5,5.2,167105.15
SMA100_200_RSI50_UPRO75_TLT_delay0_cautionFalse,100,200,50,75,25,TLT,0,False,67.11,10.45,-76.63,0.4856,0.1364,50.0,5,5.2,167105.15
SMA100_200_RSI40_UPRO75_TLT_delay0_cautionFalse,100,200,40,75,25,TLT,0,False,67.11,10.45,-76.63,0.4856,0.1364,50.0,5,5.2,167105.15
SMA50_200_RSI35_UPRO100_TLT_delay2_cautionFalse,50,200,35,100,0,TLT,2,False,60.5,9.59,-77.71,0.4614,0.1234,50.0,5,5.2,160501.05
SMA50_200_RSI45_UPRO100_TLT_delay2_cautionFalse,50,200,45,100,0,TLT,2,False,60.5,9.59,-77.71,0.4614,0.1234,50.0,5,5.2,160501.05
SMA50_200_RSI40_UPRO100_TLT_delay2_cautionFalse,50,200,40,100,0,TLT,2,False,60.5,9.59,-77.71,0.4614,0.1234,50.0,5,5.2,160501.05
SMA50_200_RSI50_UPRO100_TLT_delay2_cautionFalse,50,200,50,100,0,TLT,2,False,60.5,9.59,-77.71,0.4614,0.1234,50.0,5,5.2,160501.05
SMA50_200_RSI45_UPRO100_TLT_delay0_cautionFalse,50,200,45,100,0,TLT,0,False,57.95,9.25,-78.9,0.4548,0.1172,50.0,5,5.2,157948.2
SMA50_200_RSI50_UPRO100_TLT_delay0_cautionFalse,50,200,50,100,0,TLT,0,False,57.95,9.25,-78.9,0.4548,0.1172,50.0,5,5.2,157948.2
SMA50_200_RSI40_UPRO100_TLT_delay0_cautionFalse,50,200,40,100,0,TLT,0,False,57.95,9.25,-78.9,0.4548,0.1172,50.0,5,5.2,157948.2
SMA50_200_RSI35_UPRO100_TLT_delay0_cautionFalse,50,200,35,100,0,TLT,0,False,57.95,9.25,-78.9,0.4548,0.1172,50.0,5,5.2,157948.2
SMA50_200_RSI35_UPRO75_cash_delay2_cautionFalse,50,200,35,75,25,cash,2,False,51.34,8.35,-74.16,0.4463,0.1126,25.0,5,5.2,151339.13
SMA50_200_RSI45_UPRO75_cash_delay2_cautionFalse,50,200,45,75,25,cash,2,False,51.34,8.35,-74.16,0.4463,0.1126,25.0,5,5.2,151339.13
SMA50_200_RSI50_UPRO75_cash_delay2_cautionFalse,50,200,50,75,25,cash,2,False,51.34,8.35,-74.16,0.4463,0.1126,25.0,5,5.2,151339.13
SMA50_200_RSI40_UPRO75_cash_delay2_cautionFalse,50,200,40,75,25,cash,2,False,51.34,8.35,-74.16,0.4463,0.1126,25.0,5,5.2,151339.13
SMA50_200_RSI45_UPRO75_cash_delay0_cautionFalse,50,200,45,75,25,cash,0,False,48.33,7.93,-75.05,0.4385,0.1057,25.0,5,5.2,148331.86
SMA50_200_RSI40_UPRO75_cash_delay0_cautionFalse,50,200,40,75,25,cash,0,False,48.33,7.93,-75.05,0.4385,0.1057,25.0,5,5.2,148331.86
SMA50_200_RSI50_UPRO75_cash_delay0_cautionFalse,50,200,50,75,25,cash,0,False,48.33,7.93,-75.05,0.4385,0.1057,25.0,5,5.2,148331.86
SMA50_200_RSI35_UPRO75_cash_delay0_cautionFalse,50,200,35,75,25,cash,0,False,48.33,7.93,-75.05,0.4385,0.1057,25.0,5,5.2,148331.86
SMA50_200_RSI35_UPRO75_SHY_delay2_cautionFalse,50,200,35,75,25,SHY,2,False,46.48,7.67,-74.93,0.4337,0.1023,25.0,5,5.2,146479.31
SMA50_200_RSI45_UPRO75_SHY_delay2_cautionFalse,50,200,45,75,25,SHY,2,False,46.48,7.67,-74.93,0.4337,0.1023,25.0,5,5.2,146479.31
SMA50_200_RSI40_UPRO75_SHY_delay2_cautionFalse,50,200,40,75,25,SHY,2,False,46.48,7.67,-74.93,0.4337,0.1023,25.0,5,5.2,146479.31
SMA50_200_RSI50_UPRO75_SHY_delay2_cautionFalse,50,200,50,75,25,SHY,2,False,46.48,7.67,-74.93,0.4337,0.1023,25.0,5,5.2,146479.31
SMA50_200_RSI40_UPRO75_SHY_delay0_cautionFalse,50,200,40,75,25,SHY,0,False,44.43,7.37,-75.82,0.4281,0.0973,50.0,5,5.2,144427.91
SMA50_200_RSI50_UPRO75_SHY_delay0_cautionFalse,50,200,50,75,25,SHY,0,False,44.43,7.37,-75.82,0.4281,0.0973,50.0,5,5.2,144427.91
SMA50_200_RSI45_UPRO75_SHY_delay0_cautionFalse,50,200,45,75,25,SHY,0,False,44.43,7.37,-75.82,0.4281,0.0973,50.0,5,5.2,144427.91
SMA50_200_RSI35_UPRO75_SHY_delay0_cautionFalse,50,200,35,75,25,SHY,0,False,44.43,7.37,-75.82,0.4281,0.0973,50.0,5,5.2,144427.91
SMA50_200_RSI50_UPRO75_TLT_delay2_cautionFalse,50,200,50,75,25,TLT,2,False,22.92,4.07,-79.01,0.3675,0.0516,25.0,5,5.2,122918.12
SMA50_200_RSI35_UPRO75_TLT_delay2_cautionFalse,50,200,35,75,25,TLT,2,False,22.92,4.07,-79.01,0.3675,0.0516,25.0,5,5.2,122918.12
SMA50_200_RSI45_UPRO75_TLT_delay2_cautionFalse,50,200,45,75,25,TLT,2,False,22.92,4.07,-79.01,0.3675,0.0516,25.0,5,5.2,122918.12
SMA50_200_RSI40_UPRO75_TLT_delay2_cautionFalse,50,200,40,75,25,TLT,2,False,22.92,4.07,-79.01,0.3675,0.0516,25.0,5,5.2,122918.12
SMA50_200_RSI50_UPRO75_TLT_delay0_cautionFalse,50,200,50,75,25,TLT,0,False,21.2,3.79,-80.04,0.3619,0.0474,50.0,5,5.2,121198.4
SMA50_200_RSI45_UPRO75_TLT_delay0_cautionFalse,50,200,45,75,25,TLT,0,False,21.2,3.79,-80.04,0.3619,0.0474,50.0,5,5.2,121198.4
SMA50_200_RSI35_UPRO75_TLT_delay0_cautionFalse,50,200,35,75,25,TLT,0,False,21.2,3.79,-80.04,0.3619,0.0474,50.0,5,5.2,121198.4
SMA50_200_RSI40_UPRO75_TLT_delay0_cautionFalse,50,200,40,75,25,TLT,0,False,21.2,3.79,-80.04,0.3619,0.0474,50.0,5,5.2,121198.4
