trade_number,signal_date,execution_date,execution_timing,action,instrument,state_from,state_to,trigger_reason,target_allocation_pct,exec_price,close_same_day,overnight_gap_pct,shares_before,cash_before,portfolio_value_before_trade,shares_delta,trade_value_dollars,commission_dollars,slippage_bps_used,slippage_dollars,total_cost_dollars,slippage_type,shares_after,cash_after,portfolio_value_at_close,check_pv_equals_cash_plus_positions,check_upro_alloc_pct_actual,check_tqqq_alloc_pct_actual
1,2020-10-15,2020-10-16,"T+1 (signal at prev close, execute at today open)",BUY,UPRO,CASH,SMA_RECOVERY,"SMA_RECOVERY: SPY>312(200SMA), VIX=27.0<30",56.25,31.115,30.75,1.19,0.0,100000.0,100000.0,1807.8097,56250.0,9.04,20.0,112.5,121.54,STRESS (VIX>25 or kill),1807.8097,24835.88,98667.9,0.0,56.25,
2,2020-10-15,2020-10-16,"T+1 (signal at prev close, execute at today open)",BUY,TQQQ,CASH,SMA_RECOVERY,"SMA_RECOVERY: SPY>312(200SMA), VIX=27.0<30",18.75,18.45,17.95,2.79,0.0,100000.0,100000.0,1016.2602,18750.0,5.08,20.0,37.5,42.58,STRESS (VIX>25 or kill),1016.2602,24835.88,98667.9,0.0,,18.75
3,2020-10-16,2020-10-19,"T+1 (signal at prev close, execute at today open)",BUY,UPRO,SMA_RECOVERY,BULL_100,RE-ENTRY COMPLETE: VIX=27.4<30 (50-SMA check skipped),74.25,31.51,30.09,4.72,1807.8097,24835.88,100624.91,563.3105,17749.91,2.82,20.0,35.5,38.32,STRESS (VIX>25 or kill),2371.1202,954.13,95948.72,0.0,74.25,
4,2020-10-16,2020-10-19,"T+1 (signal at prev close, execute at today open)",BUY,TQQQ,SMA_RECOVERY,BULL_100,RE-ENTRY COMPLETE: VIX=27.4<30 (50-SMA check skipped),24.75,18.5238,17.5888,5.32,1016.2602,24835.88,100624.91,328.212,6079.72,1.64,20.0,12.16,13.8,STRESS (VIX>25 or kill),1344.4722,954.13,95948.72,0.0,,24.75
5,2020-10-26,2020-10-27,"T+1 (signal at prev close, execute at today open)",SELL,UPRO,BULL_100,CASH,"KILL: VIX=32.5, SPY vs 200SMA",0.0,29.1,28.17,3.3,2371.1202,954.13,92527.42,-2371.1202,68999.6,11.86,20.0,138.0,149.86,STRESS (VIX>25 or kill),0.0,92325.69,92325.69,0.0,0.0,
6,2020-10-26,2020-10-27,"T+1 (signal at prev close, execute at today open)",SELL,TQQQ,BULL_100,CASH,"KILL: VIX=32.5, SPY vs 200SMA",0.0,16.79,16.7812,0.05,1344.4722,954.13,92527.42,-1344.4722,22573.69,6.72,20.0,45.15,51.87,STRESS (VIX>25 or kill),0.0,92325.69,92325.69,0.0,,0.0
7,2020-11-04,2020-11-05,"T+1 (signal at prev close, execute at today open)",BUY,UPRO,CASH,SMA_RECOVERY,"SMA_RECOVERY: SPY>313(200SMA), VIX=29.6<30",56.25,30.77,31.325,-1.77,0.0,92325.69,92325.69,1687.7868,51933.2,8.44,20.0,103.87,112.31,STRESS (VIX>25 or kill),1687.7868,22929.84,93353.57,0.0,56.25,
8,2020-11-04,2020-11-05,"T+1 (signal at prev close, execute at today open)",BUY,TQQQ,CASH,SMA_RECOVERY,"SMA_RECOVERY: SPY>313(200SMA), VIX=29.6<30",18.75,18.6313,18.8925,-1.38,0.0,92325.69,92325.69,929.1415,17311.07,4.65,20.0,34.62,39.27,STRESS (VIX>25 or kill),929.1415,22929.84,93353.57,0.0,,18.75
9,2020-11-05,2020-11-06,"T+1 (signal at prev close, execute at today open)",BUY,UPRO,SMA_RECOVERY,BULL_100,RE-ENTRY COMPLETE: VIX=27.6<30 (50-SMA check skipped),74.25,30.795,31.655,-2.72,1687.7868,22929.84,91896.91,527.9449,16258.06,2.64,5.0,8.13,10.77,NORMAL,2215.7317,903.75,94600.31,0.0,74.25,
10,2020-11-05,2020-11-06,"T+1 (signal at prev close, execute at today open)",BUY,TQQQ,SMA_RECOVERY,BULL_100,RE-ENTRY COMPLETE: VIX=27.6<30 (50-SMA check skipped),24.75,18.2875,18.9412,-3.45,929.1415,22929.84,91896.91,314.5762,5752.81,1.57,5.0,2.88,4.45,NORMAL,1243.7176,903.75,94600.31,0.0,,24.75
11,2021-01-27,2021-01-28,"T+1 (signal at prev close, execute at today open)",SELL,UPRO,BULL_100,CASH,"KILL: VIX=37.2, SPY vs 200SMA",0.0,37.19,38.83,-4.22,2215.7317,903.75,111685.34,-2215.7317,82403.06,11.08,20.0,164.81,175.89,STRESS (VIX>25 or kill),0.0,111446.48,111446.48,0.0,0.0,
12,2021-01-27,2021-01-28,"T+1 (signal at prev close, execute at today open)",SELL,TQQQ,BULL_100,CASH,"KILL: VIX=37.2, SPY vs 200SMA",0.0,22.8175,23.855,-4.35,1243.7176,903.75,111685.34,-1243.7176,28378.53,6.22,20.0,56.76,62.98,STRESS (VIX>25 or kill),0.0,111446.48,111446.48,0.0,,0.0
13,2021-02-02,2021-02-03,"T+1 (signal at prev close, execute at today open)",BUY,UPRO,CASH,SMA_RECOVERY,"SMA_RECOVERY: SPY>336(200SMA), VIX=25.6<30",56.25,40.965,40.845,0.29,0.0,111446.48,111446.48,1530.2977,62688.65,7.65,5.0,31.34,38.99,NORMAL,1530.2977,27808.17,110710.48,0.0,56.25,
14,2021-02-02,2021-02-03,"T+1 (signal at prev close, execute at today open)",BUY,TQQQ,CASH,SMA_RECOVERY,"SMA_RECOVERY: SPY>336(200SMA), VIX=25.6<30",18.75,26.0725,25.45,2.45,0.0,111446.48,111446.48,801.4657,20896.22,4.01,5.0,10.45,14.46,NORMAL,801.4657,27808.17,110710.48,0.0,,18.75
15,2021-02-03,2021-02-04,"T+1 (signal at prev close, execute at today open)",BUY,UPRO,SMA_RECOVERY,BULL_100,RE-ENTRY COMPLETE: VIX=22.9<30 (50-SMA check skipped),74.25,40.795,41.86,-2.54,1530.2977,27808.17,110666.02,483.908,19741.03,2.42,5.0,9.87,12.29,NORMAL,2014.2057,1089.52,113444.1,0.0,74.25,
16,2021-02-03,2021-02-04,"T+1 (signal at prev close, execute at today open)",BUY,TQQQ,SMA_RECOVERY,BULL_100,RE-ENTRY COMPLETE: VIX=22.9<30 (50-SMA check skipped),24.75,25.49,26.095,-2.32,801.4657,27808.17,110666.02,273.0671,6960.48,1.37,5.0,3.48,4.85,NORMAL,1074.5328,1089.52,113444.1,0.0,,24.75
17,2021-02-26,2021-03-01,"T+1 (signal at prev close, execute at today open)",SELL,UPRO,BULL_100,DEFENSIVE_QQQ,DEFENSIVE QQQ: QQQ below 50-SMA,75.0,41.395,43.015,-3.77,2014.2057,1089.52,109512.24,-30.0487,1243.87,1.0,5.0,0.62,1.62,NORMAL,1984.157,13679.29,113406.94,0.0,75.0,
18,2021-02-26,2021-03-01,"T+1 (signal at prev close, execute at today open)",SELL,TQQQ,BULL_100,DEFENSIVE_QQQ,DEFENSIVE QQQ: QQQ below 50-SMA,12.5,23.3075,24.4825,-4.8,1074.5328,1089.52,109512.24,-487.2098,11355.64,2.44,5.0,5.68,8.12,NORMAL,587.323,13679.29,113406.94,0.0,,12.5
19,2021-03-04,2021-03-05,"T+1 (signal at prev close, execute at today open)",SELL,UPRO,DEFENSIVE_QQQ,DEFENSIVE_BOTH,WORSENING: SPY also below 50-SMA,37.5,38.15,40.86,-6.63,1984.157,13679.29,100968.63,-991.6737,37832.35,4.96,5.0,18.92,23.88,NORMAL,992.4833,50458.93,104462.45,0.0,37.5,
20,2021-03-04,2021-03-05,"T+1 (signal at prev close, execute at today open)",BUY,TQQQ,DEFENSIVE_QQQ,DEFENSIVE_BOTH,WORSENING: SPY also below 50-SMA,12.5,19.74,21.0375,-6.17,587.323,13679.29,100968.63,52.0428,1027.32,1.0,5.0,0.51,1.51,NORMAL,639.3657,50458.93,104462.45,0.0,,12.5
21,2021-03-08,2021-03-09,"T+1 (signal at prev close, execute at today open)",BUY,UPRO,DEFENSIVE_BOTH,DEFENSIVE_QQQ,"PARTIAL: SPY recovered, QQQ still below",75.0,41.25,42.015,-1.82,992.4833,50458.93,104282.08,903.5546,37271.63,4.52,5.0,18.64,23.16,NORMAL,1896.0379,13011.03,106612.38,0.0,75.0,
22,2021-03-08,2021-03-09,"T+1 (signal at prev close, execute at today open)",BUY,TQQQ,DEFENSIVE_BOTH,DEFENSIVE_QQQ,"PARTIAL: SPY recovered, QQQ still below",12.5,20.15,21.5475,-6.49,639.3657,50458.93,104282.08,7.5455,152.04,1.0,5.0,0.08,1.08,NORMAL,646.9112,13011.03,106612.38,0.0,,12.5
23,2021-03-17,2021-03-18,"T+1 (signal at prev close, execute at today open)",SELL,UPRO,DEFENSIVE_QQQ,BULL_100,RECOVERY: QQQ reclaimed 50-SMA,74.25,44.715,43.335,3.18,1896.0379,13011.03,112558.11,-26.9918,1206.94,1.0,5.0,0.6,1.6,NORMAL,1869.0461,1114.56,108167.55,0.0,74.25,
24,2021-03-17,2021-03-18,"T+1 (signal at prev close, execute at today open)",BUY,TQQQ,DEFENSIVE_QQQ,BULL_100,RECOVERY: QQQ reclaimed 50-SMA,24.75,22.825,21.35,6.91,646.9112,13011.03,112558.11,573.5984,13092.38,2.87,5.0,6.55,9.42,NORMAL,1220.5096,1114.56,108167.55,0.0,,24.75
25,2021-03-19,2021-03-22,"T+1 (signal at prev close, execute at today open)",BUY,UPRO,BULL_100,DEFENSIVE_QQQ,DEFENSIVE QQQ: QQQ below 50-SMA,75.0,42.685,44.21,-3.45,1869.0461,1114.56,107611.75,21.7542,928.58,1.0,5.0,0.46,1.46,NORMAL,1890.8003,13440.34,111070.94,0.0,75.0,
26,2021-03-19,2021-03-22,"T+1 (signal at prev close, execute at today open)",SELL,TQQQ,BULL_100,DEFENSIVE_QQQ,DEFENSIVE QQQ: QQQ below 50-SMA,12.5,21.89,22.845,-4.18,1220.5096,1114.56,107611.75,-606.0067,13265.49,3.03,5.0,6.63,9.66,NORMAL,614.5029,13440.34,111070.94,0.0,,12.5
27,2021-04-05,2021-04-06,"T+1 (signal at prev close, execute at today open)",SELL,UPRO,DEFENSIVE_QQQ,BULL_100,RECOVERY: QQQ reclaimed 50-SMA,74.25,48.325,48.755,-0.88,1890.8003,13440.34,120277.23,-42.7746,2067.08,1.0,5.0,1.03,2.03,NORMAL,1848.0258,1190.75,121432.48,0.0,74.25,
28,2021-04-05,2021-04-06,"T+1 (signal at prev close, execute at today open)",BUY,TQQQ,DEFENSIVE_QQQ,BULL_100,RECOVERY: QQQ reclaimed 50-SMA,24.75,25.165,25.48,-1.24,614.5029,13440.34,120277.23,568.4343,14304.65,2.84,5.0,7.15,9.99,NORMAL,1182.9372,1190.75,121432.48,0.0,,24.75
29,2021-05-11,2021-05-12,"T+1 (signal at prev close, execute at today open)",SELL,UPRO,BULL_100,DEFENSIVE_QQQ,DEFENSIVE QQQ: QQQ below 50-SMA,75.0,51.145,48.19,6.13,1848.0258,1190.75,123832.36,-32.1246,1643.01,1.0,20.0,3.29,4.29,STRESS (VIX>25 or kill),1815.9012,15446.81,117358.25,0.0,75.0,
30,2021-05-11,2021-05-12,"T+1 (signal at prev close, execute at today open)",SELL,TQQQ,BULL_100,DEFENSIVE_QQQ,DEFENSIVE QQQ: QQQ below 50-SMA,12.5,23.775,22.1225,7.47,1182.9372,1190.75,123832.36,-531.8733,12645.29,2.66,20.0,25.29,27.95,STRESS (VIX>25 or kill),651.0639,15446.81,117358.25,0.0,,12.5
31,2021-05-25,2021-05-26,"T+1 (signal at prev close, execute at today open)",SELL,UPRO,DEFENSIVE_QQQ,BULL_100,RECOVERY: QQQ reclaimed 50-SMA,74.25,52.985,52.795,0.36,1815.9012,15446.81,128373.52,-16.9518,898.19,1.0,5.0,0.45,1.45,NORMAL,1798.9495,1271.83,128060.04,0.0,74.25,
32,2021-05-25,2021-05-26,"T+1 (signal at prev close, execute at today open)",BUY,TQQQ,DEFENSIVE_QQQ,BULL_100,RECOVERY: QQQ reclaimed 50-SMA,24.75,25.6675,25.7,-0.13,651.0639,15446.81,128373.52,586.7834,15061.26,2.93,5.0,7.53,10.46,NORMAL,1237.8473,1271.83,128060.04,0.0,,24.75
33,2021-09-20,2021-09-21,"T+1 (signal at prev close, execute at today open)",SELL,UPRO,BULL_100,DEFENSIVE_SPY,DEFENSIVE SPY: SPY below 50-SMA,37.5,60.815,58.395,4.14,1798.9495,1271.83,153105.25,-854.8655,51988.64,4.27,5.0,25.99,30.26,NORMAL,944.084,57381.13,149494.69,0.0,37.5,
34,2021-09-20,2021-09-21,"T+1 (signal at prev close, execute at today open)",SELL,TQQQ,BULL_100,DEFENSIVE_SPY,DEFENSIVE SPY: SPY below 50-SMA,25.0,34.2775,33.12,3.49,1237.8473,1271.83,153105.25,-121.1873,4154.0,1.0,5.0,2.08,3.08,NORMAL,1116.66,57381.13,149494.69,0.0,,25.0
35,2021-09-21,2021-09-22,"T+1 (signal at prev close, execute at today open)",BUY,UPRO,DEFENSIVE_SPY,DEFENSIVE_BOTH,WORSENING: QQQ also below 50-SMA,37.5,59.475,60.73,-2.07,944.084,57381.13,151075.42,8.4723,503.89,1.0,5.0,0.25,1.25,NORMAL,952.5563,75524.36,152806.55,0.0,37.5,
36,2021-09-21,2021-09-22,"T+1 (signal at prev close, execute at today open)",SELL,TQQQ,DEFENSIVE_SPY,DEFENSIVE_BOTH,WORSENING: QQQ also below 50-SMA,12.5,33.6225,34.6,-2.83,1116.66,57381.13,151075.42,-554.9995,18660.47,2.77,5.0,9.33,12.1,NORMAL,561.6604,75524.36,152806.55,0.0,,12.5
37,2021-09-23,2021-09-24,"T+1 (signal at prev close, execute at today open)",SELL,UPRO,DEFENSIVE_BOTH,DEFENSIVE_SPY,"PARTIAL: QQQ recovered, SPY still below",37.5,62.1,63.155,-1.67,952.5563,75524.36,154274.43,-20.9474,1300.83,1.0,5.0,0.65,1.65,NORMAL,931.6089,57839.06,155906.69,0.0,37.5,
38,2021-09-23,2021-09-24,"T+1 (signal at prev close, execute at today open)",BUY,TQQQ,DEFENSIVE_BOTH,DEFENSIVE_SPY,"PARTIAL: QQQ recovered, SPY still below",25.0,34.89,35.49,-1.69,561.6604,75524.36,154274.43,543.774,18972.28,2.72,5.0,9.49,12.21,NORMAL,1105.4345,57839.06,155906.69,0.0,,25.0
39,2021-09-24,2021-09-27,"T+1 (signal at prev close, execute at today open)",BUY,UPRO,DEFENSIVE_SPY,BULL_100,RECOVERY: SPY reclaimed 50-SMA,74.25,63.565,62.39,1.88,931.6089,57839.06,156385.37,895.1218,56898.42,4.48,5.0,28.45,32.93,NORMAL,1826.7307,1529.61,152937.3,0.0,74.25,
40,2021-09-24,2021-09-27,"T+1 (signal at prev close, execute at today open)",SELL,TQQQ,DEFENSIVE_SPY,BULL_100,RECOVERY: SPY reclaimed 50-SMA,24.75,35.5775,34.4125,3.39,1105.4345,57839.06,156385.37,-17.5171,623.22,1.0,5.0,0.31,1.31,NORMAL,1087.9173,1529.61,152937.3,0.0,,24.75
41,2021-09-28,2021-09-29,"T+1 (signal at prev close, execute at today open)",SELL,UPRO,BULL_100,DEFENSIVE_BOTH,DEFENSIVE BOTH: SPY & QQQ below 50-SMA,37.5,60.005,59.485,0.87,1826.7307,1529.61,146589.66,-910.6217,54641.86,4.55,5.0,27.32,31.87,NORMAL,916.109,73251.77,145625.94,0.0,37.5,
42,2021-09-28,2021-09-29,"T+1 (signal at prev close, execute at today open)",SELL,TQQQ,BULL_100,DEFENSIVE_BOTH,DEFENSIVE BOTH: SPY & QQQ below 50-SMA,12.5,32.5825,31.7925,2.48,1087.9173,1529.61,146589.66,-525.5386,17123.36,2.63,5.0,8.56,11.19,NORMAL,562.3788,73251.77,145625.94,0.0,,12.5
43,2021-10-15,2021-10-18,"T+1 (signal at prev close, execute at today open)",BUY,UPRO,DEFENSIVE_BOTH,DEFENSIVE_QQQ,"PARTIAL: SPY recovered, QQQ still below",75.0,62.89,64.115,-1.91,916.109,73251.77,149667.59,868.7645,54636.6,4.34,5.0,27.32,31.66,NORMAL,1784.8735,18675.74,152695.71,0.0,75.0,
44,2021-10-15,2021-10-18,"T+1 (signal at prev close, execute at today open)",SELL,TQQQ,DEFENSIVE_BOTH,DEFENSIVE_QQQ,"PARTIAL: SPY recovered, QQQ still below",12.5,33.4325,34.995,-4.46,562.3788,73251.77,149667.59,-2.7901,93.28,1.0,5.0,0.05,1.05,NORMAL,559.5887,18675.74,152695.71,0.0,,12.5
45,2021-10-19,2021-10-20,"T+1 (signal at prev close, execute at today open)",SELL,UPRO,DEFENSIVE_QQQ,BULL_100,RECOVERY: QQQ reclaimed 50-SMA,74.25,65.4,65.985,-0.89,1784.8735,18675.74,155315.24,-21.5468,1409.16,1.0,5.0,0.7,1.7,NORMAL,1763.3266,1539.58,156017.17,0.0,74.25,
46,2021-10-19,2021-10-20,"T+1 (signal at prev close, execute at today open)",BUY,TQQQ,DEFENSIVE_QQQ,BULL_100,RECOVERY: QQQ reclaimed 50-SMA,24.75,35.5775,35.285,0.83,559.5887,18675.74,155315.24,520.8841,18531.75,2.6,5.0,9.27,11.87,NORMAL,1080.4728,1539.58,156017.17,0.0,,24.75
47,2021-11-05,2021-11-08,"T+1 (signal at prev close, execute at today open)",SELL,UPRO,BULL_100,BULL_TRIMMED,RSI TRIM: RSI=75.4,56.25,73.53,73.595,-0.09,1763.3266,1539.58,177098.18,-408.5364,30039.68,2.04,5.0,15.02,17.06,NORMAL,1354.7902,44249.65,177034.32,0.0,56.25,
48,2021-11-05,2021-11-08,"T+1 (signal at prev close, execute at today open)",SELL,TQQQ,BULL_100,BULL_TRIMMED,RSI TRIM: RSI=75.4,18.75,42.4825,42.32,0.38,1080.4728,1539.58,177098.18,-298.8355,12695.28,1.49,5.0,6.35,7.84,NORMAL,781.6373,44249.65,177034.32,0.0,,18.75
49,2021-11-26,2021-11-29,"T+1 (signal at prev close, execute at today open)",BUY,UPRO,BULL_TRIMMED,BULL_100,RSI RECOVERY: RSI=42.7,74.25,70.35,72.01,-2.31,1354.7902,44249.65,171782.14,458.2622,32238.75,2.29,5.0,16.12,18.41,NORMAL,1813.0524,1693.02,176602.74,0.0,74.25,
50,2021-11-26,2021-11-29,"T+1 (signal at prev close, execute at today open)",BUY,TQQQ,BULL_TRIMMED,BULL_100,RSI RECOVERY: RSI=42.7,24.75,41.225,43.005,-4.14,781.6373,44249.65,171782.14,249.6805,10293.08,1.25,5.0,5.15,6.4,NORMAL,1031.3179,1693.02,176602.74,0.0,,24.75
51,2021-12-01,2021-12-02,"T+1 (signal at prev close, execute at today open)",SELL,UPRO,BULL_100,CASH,"KILL: VIX=31.1, SPY vs 200SMA",0.0,66.2,67.36,-1.72,1813.0524,1693.02,162232.41,-1813.0524,120024.07,9.07,20.0,240.05,249.12,STRESS (VIX>25 or kill),0.0,161897.1,161897.1,0.0,0.0,
52,2021-12-01,2021-12-02,"T+1 (signal at prev close, execute at today open)",SELL,TQQQ,BULL_100,CASH,"KILL: VIX=31.1, SPY vs 200SMA",0.0,39.285,39.195,0.23,1031.3179,1693.02,162232.41,-1031.3179,40515.32,5.16,20.0,81.03,86.19,STRESS (VIX>25 or kill),0.0,161897.1,161897.1,0.0,,0.0
53,2021-12-02,2021-12-03,"T+1 (signal at prev close, execute at today open)",BUY,UPRO,CASH,SMA_RECOVERY,"SMA_RECOVERY: SPY>429(200SMA), VIX=27.9<30",56.25,67.8,66.435,2.05,0.0,161897.1,161897.1,1343.1728,91067.12,6.72,20.0,182.13,188.85,STRESS (VIX>25 or kill),1343.1728,40220.85,158282.04,0.0,56.25,
54,2021-12-02,2021-12-03,"T+1 (signal at prev close, execute at today open)",BUY,TQQQ,CASH,SMA_RECOVERY,"SMA_RECOVERY: SPY>429(200SMA), VIX=27.9<30",18.75,39.33,37.35,5.3,0.0,161897.1,161897.1,771.8206,30355.71,3.86,20.0,60.71,64.57,STRESS (VIX>25 or kill),771.8206,40220.85,158282.04,0.0,,18.75
55,2021-12-03,2021-12-06,"T+1 (signal at prev close, execute at today open)",SELL,UPRO,SMA_RECOVERY,CASH,"KILL: VIX=30.7, SPY vs 200SMA",0.0,67.19,68.635,-2.11,1343.1728,40220.85,159660.82,-1343.1728,90247.78,6.72,20.0,180.5,187.22,STRESS (VIX>25 or kill),0.0,159411.36,159411.36,0.0,0.0,
56,2021-12-03,2021-12-06,"T+1 (signal at prev close, execute at today open)",SELL,TQQQ,SMA_RECOVERY,CASH,"KILL: VIX=30.7, SPY vs 200SMA",0.0,37.8225,38.43,-1.58,771.8206,40220.85,159660.82,-771.8206,29192.19,3.86,20.0,58.38,62.24,STRESS (VIX>25 or kill),0.0,159411.36,159411.36,0.0,,0.0
57,2021-12-06,2021-12-07,"T+1 (signal at prev close, execute at today open)",BUY,UPRO,CASH,SMA_RECOVERY,"SMA_RECOVERY: SPY>430(200SMA), VIX=27.2<30",56.25,70.81,73.0,-3.0,0.0,159411.36,159411.36,1266.3309,89668.89,6.33,5.0,44.83,51.16,NORMAL,1266.3309,39783.0,163561.96,0.0,56.25,
58,2021-12-06,2021-12-07,"T+1 (signal at prev close, execute at today open)",BUY,TQQQ,CASH,SMA_RECOVERY,"SMA_RECOVERY: SPY>430(200SMA), VIX=27.2<30",18.75,40.12,42.0625,-4.62,0.0,159411.36,159411.36,745.0057,29889.63,3.73,5.0,14.94,18.67,NORMAL,745.0057,39783.0,163561.96,0.0,,18.75
59,2021-12-07,2021-12-08,"T+1 (signal at prev close, execute at today open)",BUY,UPRO,SMA_RECOVERY,BULL_100,RE-ENTRY COMPLETE: VIX=21.9<30 (50-SMA check skipped),74.25,73.475,73.295,0.25,1266.3309,39783.0,164541.55,396.4402,29128.44,1.98,5.0,14.56,16.54,NORMAL,1662.7711,1623.31,164021.64,0.0,74.25,
60,2021-12-07,2021-12-08,"T+1 (signal at prev close, execute at today open)",BUY,TQQQ,SMA_RECOVERY,BULL_100,RE-ENTRY COMPLETE: VIX=21.9<30 (50-SMA check skipped),24.75,42.57,42.3625,0.49,745.0057,39783.0,164541.55,211.6312,9009.14,1.06,5.0,4.5,5.56,NORMAL,956.6369,1623.31,164021.64,0.0,,24.75
61,2021-12-17,2021-12-20,"T+1 (signal at prev close, execute at today open)",SELL,UPRO,BULL_100,DEFENSIVE_QQQ,DEFENSIVE QQQ: QQQ below 50-SMA,75.0,66.28,68.13,-2.72,1662.7711,1623.31,146292.23,-7.3823,489.3,1.0,5.0,0.24,1.24,NORMAL,1655.3888,18274.96,149945.95,0.0,75.0,
62,2021-12-17,2021-12-20,"T+1 (signal at prev close, execute at today open)",SELL,TQQQ,BULL_100,DEFENSIVE_QQQ,DEFENSIVE QQQ: QQQ below 50-SMA,12.5,36.0225,37.21,-3.19,956.6369,1623.31,146292.23,-448.9951,16173.93,2.24,5.0,8.09,10.33,NORMAL,507.6418,18274.96,149945.95,0.0,,12.5
63,2021-12-22,2021-12-23,"T+1 (signal at prev close, execute at today open)",SELL,UPRO,DEFENSIVE_QQQ,BULL_100,RECOVERY: QQQ reclaimed 50-SMA,74.25,73.285,74.29,-1.35,1655.3888,18274.96,160130.58,-32.9973,2418.21,1.0,5.0,1.21,2.21,NORMAL,1622.3915,1587.19,162586.88,0.0,74.25,
64,2021-12-22,2021-12-23,"T+1 (signal at prev close, execute at today open)",BUY,TQQQ,DEFENSIVE_QQQ,BULL_100,RECOVERY: QQQ reclaimed 50-SMA,24.75,40.4625,41.32,-2.08,507.6418,18274.96,160130.58,471.8409,19091.86,2.36,5.0,9.55,11.91,NORMAL,979.4827,1587.19,162586.88,0.0,,24.75
65,2022-01-06,2022-01-07,"T+1 (signal at prev close, execute at today open)",SELL,UPRO,BULL_100,DEFENSIVE_QQQ,DEFENSIVE QQQ: QQQ below 50-SMA,75.0,72.57,72.1,0.65,1622.3915,1587.19,155302.99,-17.3585,1259.71,1.0,5.0,0.63,1.63,NORMAL,1605.0329,19400.71,154114.99,0.0,75.0,
66,2022-01-06,2022-01-07,"T+1 (signal at prev close, execute at today open)",SELL,TQQQ,BULL_100,DEFENSIVE_QQQ,DEFENSIVE QQQ: QQQ below 50-SMA,12.5,36.7325,35.935,2.22,979.4827,1587.19,155302.99,-450.9896,16565.98,2.25,5.0,8.28,10.53,NORMAL,528.4931,19400.71,154114.99,0.0,,12.5
67,2022-01-10,2022-01-11,"T+1 (signal at prev close, execute at today open)",SELL,UPRO,DEFENSIVE_QQQ,DEFENSIVE_BOTH,WORSENING: SPY also below 50-SMA,37.5,71.97,73.595,-2.21,1605.0329,19400.71,154043.74,-802.3874,57747.82,4.01,5.0,28.87,32.88,NORMAL,802.6456,76987.92,156074.84,0.0,37.5,
68,2022-01-10,2022-01-11,"T+1 (signal at prev close, execute at today open)",BUY,TQQQ,DEFENSIVE_QQQ,DEFENSIVE_BOTH,WORSENING: SPY also below 50-SMA,12.5,36.195,37.625,-3.8,528.4931,19400.71,154043.74,3.4994,126.66,1.0,5.0,0.06,1.06,NORMAL,531.9925,76987.92,156074.84,0.0,,12.5
69,2022-01-12,2022-01-13,"T+1 (signal at prev close, execute at today open)",BUY,UPRO,DEFENSIVE_BOTH,DEFENSIVE_QQQ,"PARTIAL: SPY recovered, QQQ still below",75.0,73.99,71.22,3.89,802.6456,76987.92,156673.84,785.4796,58117.63,3.93,5.0,29.06,32.99,NORMAL,1588.1252,19549.88,150769.84,0.0,75.0,
70,2022-01-12,2022-01-13,"T+1 (signal at prev close, execute at today open)",SELL,TQQQ,DEFENSIVE_BOTH,DEFENSIVE_QQQ,"PARTIAL: SPY recovered, QQQ still below",12.5,38.155,35.29,8.12,531.9925,76987.92,156673.84,-18.7116,713.94,1.0,5.0,0.36,1.36,NORMAL,513.2808,19549.88,150769.84,0.0,,12.5
71,2022-01-17,2022-01-18,"T+1 (signal at prev close, execute at today open)",SELL,UPRO,DEFENSIVE_QQQ,DEFENSIVE_BOTH,WORSENING: SPY also below 50-SMA,37.5,69.28,67.29,2.96,1588.1252,19549.88,147193.56,-791.3933,54827.73,3.96,5.0,27.41,31.37,NORMAL,796.7319,73564.02,144969.59,0.0,37.5,
72,2022-01-17,2022-01-18,"T+1 (signal at prev close, execute at today open)",BUY,TQQQ,DEFENSIVE_QQQ,DEFENSIVE_BOTH,WORSENING: SPY also below 50-SMA,12.5,34.325,33.195,3.4,513.2808,19549.88,147193.56,22.7482,780.83,1.0,5.0,0.39,1.39,NORMAL,536.029,73564.02,144969.59,0.0,,12.5
73,2022-01-21,2022-01-24,"T+1 (signal at prev close, execute at today open)",SELL,UPRO,DEFENSIVE_BOTH,CASH,"KILL: VIX=28.9, SPY vs 200SMA",0.0,60.21,60.07,0.23,796.7319,73564.02,136913.91,-796.7319,47971.23,3.98,20.0,95.94,99.92,STRESS (VIX>25 or kill),0.0,136780.56,136780.56,0.0,0.0,
74,2022-01-21,2022-01-24,"T+1 (signal at prev close, execute at today open)",SELL,TQQQ,DEFENSIVE_BOTH,CASH,"KILL: VIX=28.9, SPY vs 200SMA",0.0,28.69,28.62,0.24,536.029,73564.02,136913.91,-536.029,15378.67,2.68,20.0,30.76,33.44,STRESS (VIX>25 or kill),0.0,136780.56,136780.56,0.0,,0.0
75,2022-01-31,2022-02-01,"T+1 (signal at prev close, execute at today open)",BUY,UPRO,CASH,SMA_RECOVERY,"SMA_RECOVERY: SPY>443(200SMA), VIX=24.8<30",56.25,64.26,66.19,-2.92,0.0,136780.56,136780.56,1197.3088,76939.06,5.99,5.0,38.47,44.46,NORMAL,1197.3088,34133.76,139912.21,0.0,56.25,
76,2022-01-31,2022-02-01,"T+1 (signal at prev close, execute at today open)",BUY,TQQQ,CASH,SMA_RECOVERY,"SMA_RECOVERY: SPY>443(200SMA), VIX=24.8<30",18.75,31.25,32.325,-3.33,0.0,136780.56,136780.56,820.6833,25646.35,4.1,5.0,12.82,16.92,NORMAL,820.6833,34133.76,139912.21,0.0,,18.75
77,2022-02-01,2022-02-02,"T+1 (signal at prev close, execute at today open)",BUY,UPRO,SMA_RECOVERY,BULL_100,RE-ENTRY COMPLETE: VIX=22.0<30 (50-SMA check skipped),74.25,66.4,65.33,1.64,1197.3088,34133.76,140413.96,372.8322,24756.06,1.86,5.0,12.38,14.24,NORMAL,1570.141,1384.69,135934.69,0.0,74.25,
78,2022-02-01,2022-02-02,"T+1 (signal at prev close, execute at today open)",BUY,TQQQ,SMA_RECOVERY,BULL_100,RE-ENTRY COMPLETE: VIX=22.0<30 (50-SMA check skipped),24.75,32.63,30.02,8.69,820.6833,34133.76,140413.96,244.3628,7973.56,1.22,5.0,3.99,5.21,NORMAL,1065.0461,1384.69,135934.69,0.0,,24.75
79,2022-02-03,2022-02-04,"T+1 (signal at prev close, execute at today open)",SELL,UPRO,BULL_100,DEFENSIVE_BOTH,DEFENSIVE BOTH: SPY & QQQ below 50-SMA,37.5,64.14,63.5,1.01,1570.141,1384.69,133709.43,-788.3974,50567.81,3.94,5.0,25.28,29.22,NORMAL,781.7436,66815.53,132961.61,0.0,37.5,
80,2022-02-03,2022-02-04,"T+1 (signal at prev close, execute at today open)",SELL,TQQQ,BULL_100,DEFENSIVE_BOTH,DEFENSIVE BOTH: SPY & QQQ below 50-SMA,12.5,29.685,29.315,1.26,1065.0461,1384.69,133709.43,-502.0116,14902.21,2.51,5.0,7.45,9.96,NORMAL,563.0345,66815.53,132961.61,0.0,,12.5
81,2022-02-11,2022-02-14,"T+1 (signal at prev close, execute at today open)",SELL,UPRO,DEFENSIVE_BOTH,CASH,"KILL: VIX=27.4, SPY vs 200SMA",0.0,58.26,59.59,-2.23,781.7436,66815.53,126863.68,-781.7436,45544.38,3.91,20.0,91.09,95.0,STRESS (VIX>25 or kill),0.0,126736.86,126736.86,0.0,0.0,
82,2022-02-11,2022-02-14,"T+1 (signal at prev close, execute at today open)",SELL,TQQQ,DEFENSIVE_BOTH,CASH,"KILL: VIX=27.4, SPY vs 200SMA",0.0,25.76,26.935,-4.36,563.0345,66815.53,126863.68,-563.0345,14503.77,2.82,20.0,29.01,31.83,STRESS (VIX>25 or kill),0.0,126736.86,126736.86,0.0,,0.0
83,2022-02-15,2022-02-16,"T+1 (signal at prev close, execute at today open)",BUY,UPRO,CASH,SMA_RECOVERY,"SMA_RECOVERY: SPY>444(200SMA), VIX=25.7<30",56.25,62.52,61.95,0.92,0.0,126736.86,126736.86,1140.2668,71289.48,5.7,5.0,35.64,41.34,NORMAL,1140.2668,31626.89,125591.19,0.0,56.25,
84,2022-02-15,2022-02-16,"T+1 (signal at prev close, execute at today open)",BUY,TQQQ,CASH,SMA_RECOVERY,"SMA_RECOVERY: SPY>444(200SMA), VIX=25.7<30",18.75,29.0,28.465,1.88,0.0,126736.86,126736.86,819.4193,23763.16,4.1,5.0,11.88,15.98,NORMAL,819.4193,31626.89,125591.19,0.0,,18.75
85,2022-02-16,2022-02-17,"T+1 (signal at prev close, execute at today open)",BUY,UPRO,SMA_RECOVERY,BULL_100,RE-ENTRY COMPLETE: VIX=24.3<30 (50-SMA check skipped),74.25,61.32,58.47,4.87,1140.2668,31626.89,124598.32,368.4457,22593.09,1.84,20.0,45.19,47.03,STRESS (VIX>25 or kill),1508.7125,1182.0,118047.44,0.0,74.25,
86,2022-02-16,2022-02-17,"T+1 (signal at prev close, execute at today open)",BUY,TQQQ,SMA_RECOVERY,BULL_100,RE-ENTRY COMPLETE: VIX=24.3<30 (50-SMA check skipped),24.75,28.13,26.135,7.63,819.4193,31626.89,124598.32,276.851,7787.82,1.38,20.0,15.58,16.96,STRESS (VIX>25 or kill),1096.2703,1182.0,118047.44,0.0,,24.75
87,2022-02-17,2022-02-18,"T+1 (signal at prev close, execute at today open)",SELL,UPRO,BULL_100,CASH,"KILL: VIX=28.1, SPY vs 200SMA",0.0,59.3,56.42,5.1,1508.7125,1182.0,119776.55,-1508.7125,89466.65,7.54,20.0,178.93,186.47,STRESS (VIX>25 or kill),0.0,119526.34,119526.34,0.0,0.0,
88,2022-02-17,2022-02-18,"T+1 (signal at prev close, execute at today open)",SELL,TQQQ,BULL_100,CASH,"KILL: VIX=28.1, SPY vs 200SMA",0.0,26.57,24.75,7.35,1096.2703,1182.0,119776.55,-1096.2703,29127.9,5.48,20.0,58.26,63.74,STRESS (VIX>25 or kill),0.0,119526.34,119526.34,0.0,,0.0
89,2022-03-22,2022-03-23,"T+1 (signal at prev close, execute at today open)",BUY,UPRO,CASH,SMA_RECOVERY,"SMA_RECOVERY: SPY>446(200SMA), VIX=22.9<30",56.25,62.95,60.74,3.64,0.0,119526.34,119526.34,1068.0472,67233.57,5.34,5.0,33.62,38.96,NORMAL,1068.0472,29827.41,116282.19,0.0,56.25,
90,2022-03-22,2022-03-23,"T+1 (signal at prev close, execute at today open)",BUY,TQQQ,CASH,SMA_RECOVERY,"SMA_RECOVERY: SPY>446(200SMA), VIX=22.9<30",18.75,27.96,26.925,3.84,0.0,119526.34,119526.34,801.5447,22411.19,4.01,5.0,11.21,15.22,NORMAL,801.5447,29827.41,116282.19,0.0,,18.75
91,2022-03-23,2022-03-24,"T+1 (signal at prev close, execute at today open)",SELL,UPRO,SMA_RECOVERY,CASH,"KILL: VIX=23.6, SPY vs 200SMA",0.0,61.22,63.11,-2.99,1068.0472,29827.41,116955.16,-1068.0472,65385.85,5.34,20.0,130.77,136.11,STRESS (VIX>25 or kill),0.0,116771.56,116771.56,0.0,0.0,
92,2022-03-23,2022-03-24,"T+1 (signal at prev close, execute at today open)",SELL,TQQQ,SMA_RECOVERY,CASH,"KILL: VIX=23.6, SPY vs 200SMA",0.0,27.125,28.435,-4.61,801.5447,29827.41,116955.16,-801.5447,21741.9,4.01,20.0,43.48,47.49,STRESS (VIX>25 or kill),0.0,116771.56,116771.56,0.0,,0.0
93,2022-03-24,2022-03-25,"T+1 (signal at prev close, execute at today open)",BUY,UPRO,CASH,SMA_RECOVERY,"SMA_RECOVERY: SPY>447(200SMA), VIX=21.7<30",56.25,63.44,64.03,-0.92,0.0,116771.56,116771.56,1035.372,65684.0,5.18,5.0,32.84,38.02,NORMAL,1035.372,29140.1,117153.71,0.0,56.25,
94,2022-03-24,2022-03-25,"T+1 (signal at prev close, execute at today open)",BUY,TQQQ,CASH,SMA_RECOVERY,"SMA_RECOVERY: SPY>447(200SMA), VIX=21.7<30",18.75,28.625,28.395,0.81,0.0,116771.56,116771.56,764.8792,21894.67,3.82,5.0,10.95,14.77,NORMAL,764.8792,29140.1,117153.71,0.0,,18.75
95,2022-03-25,2022-03-28,"T+1 (signal at prev close, execute at today open)",BUY,UPRO,SMA_RECOVERY,BULL_100,RE-ENTRY COMPLETE: VIX=20.8<30 (50-SMA check skipped),74.25,63.68,65.51,-2.79,1035.372,29140.1,116657.48,324.8381,20685.69,1.62,5.0,10.34,11.96,NORMAL,1360.2101,1149.68,120649.11,0.0,74.25,
96,2022-03-25,2022-03-28,"T+1 (signal at prev close, execute at today open)",BUY,TQQQ,SMA_RECOVERY,BULL_100,RE-ENTRY COMPLETE: VIX=20.8<30 (50-SMA check skipped),24.75,28.22,29.705,-5.0,764.8792,29140.1,116657.48,258.2507,7287.84,1.29,5.0,3.64,4.93,NORMAL,1023.1299,1149.68,120649.11,0.0,,24.75
97,2022-04-06,2022-04-07,"T+1 (signal at prev close, execute at today open)",SELL,UPRO,BULL_100,CASH,"KILL: VIX=22.1, SPY vs 200SMA",0.0,61.4,62.5,-1.76,1360.2101,1149.68,112183.66,-1360.2101,83516.9,6.8,20.0,167.03,173.83,STRESS (VIX>25 or kill),0.0,111949.67,111949.67,0.0,0.0,
98,2022-04-06,2022-04-07,"T+1 (signal at prev close, execute at today open)",SELL,TQQQ,BULL_100,CASH,"KILL: VIX=22.1, SPY vs 200SMA",0.0,26.895,27.165,-0.99,1023.1299,1149.68,112183.66,-1023.1299,27517.08,5.12,20.0,55.03,60.15,STRESS (VIX>25 or kill),0.0,111949.67,111949.67,0.0,,0.0
99,2022-04-07,2022-04-08,"T+1 (signal at prev close, execute at today open)",BUY,UPRO,CASH,SMA_RECOVERY,"SMA_RECOVERY: SPY>448(200SMA), VIX=21.6<30",56.25,63.04,61.73,2.12,0.0,111949.67,111949.67,998.9164,62971.69,4.99,5.0,31.49,36.48,NORMAL,998.9164,27936.63,109268.12,0.0,56.25,
100,2022-04-07,2022-04-08,"T+1 (signal at prev close, execute at today open)",BUY,TQQQ,CASH,SMA_RECOVERY,"SMA_RECOVERY: SPY>448(200SMA), VIX=21.6<30",18.75,27.465,25.735,6.72,0.0,111949.67,111949.67,764.2659,20990.56,3.82,5.0,10.5,14.32,NORMAL,764.2659,27936.63,109268.12,0.0,,18.75
101,2022-04-08,2022-04-11,"T+1 (signal at prev close, execute at today open)",SELL,UPRO,SMA_RECOVERY,CASH,"KILL: VIX=21.2, SPY vs 200SMA",0.0,61.25,58.43,4.83,998.9164,27936.63,108609.03,-998.9164,61183.63,4.99,20.0,122.37,127.36,STRESS (VIX>25 or kill),0.0,108438.88,108438.88,0.0,0.0,
102,2022-04-08,2022-04-11,"T+1 (signal at prev close, execute at today open)",SELL,TQQQ,SMA_RECOVERY,CASH,"KILL: VIX=21.2, SPY vs 200SMA",0.0,25.5,23.94,6.52,764.2659,27936.63,108609.03,-764.2659,19488.78,3.82,20.0,38.98,42.8,STRESS (VIX>25 or kill),0.0,108438.88,108438.88,0.0,,0.0
103,2022-11-30,2022-12-01,"T+1 (signal at prev close, execute at today open)",BUY,UPRO,CASH,SMA_RECOVERY,"SMA_RECOVERY: SPY>404(200SMA), VIX=20.6<30",56.25,39.91,39.86,0.13,0.0,108438.88,108438.88,1528.3606,60996.87,7.64,5.0,30.5,38.14,NORMAL,1528.3606,27052.78,108357.38,0.0,56.25,
104,2022-11-30,2022-12-01,"T+1 (signal at prev close, execute at today open)",BUY,TQQQ,CASH,SMA_RECOVERY,"SMA_RECOVERY: SPY>404(200SMA), VIX=20.6<30",18.75,11.76,11.79,-0.25,0.0,108438.88,108438.88,1728.9362,20332.29,8.64,5.0,10.17,18.81,NORMAL,1728.9362,27052.78,108357.38,0.0,,18.75
105,2022-12-01,2022-12-02,"T+1 (signal at prev close, execute at today open)",BUY,UPRO,SMA_RECOVERY,BULL_100,RE-ENTRY COMPLETE: VIX=19.8<30 (50-SMA check skipped),74.25,39.85,39.46,0.99,1528.3606,27052.78,108385.32,491.1151,19570.94,2.46,5.0,9.79,12.25,NORMAL,2019.4756,1065.7,107193.6,0.0,74.25,
106,2022-12-01,2022-12-02,"T+1 (signal at prev close, execute at today open)",BUY,TQQQ,SMA_RECOVERY,BULL_100,RE-ENTRY COMPLETE: VIX=19.8<30 (50-SMA check skipped),24.75,11.815,11.645,1.46,1728.9362,27052.78,108385.32,541.5139,6397.99,2.71,5.0,3.2,5.91,NORMAL,2270.4501,1065.7,107193.6,0.0,,24.75
107,2022-12-05,2022-12-06,"T+1 (signal at prev close, execute at today open)",SELL,UPRO,BULL_100,CASH,"KILL: VIX=20.8, SPY vs 200SMA",0.0,37.92,36.09,5.07,2019.4756,1065.7,103061.9,-2019.4756,76578.52,10.1,20.0,153.16,163.26,STRESS (VIX>25 or kill),0.0,102836.46,102836.46,0.0,0.0,
108,2022-12-05,2022-12-06,"T+1 (signal at prev close, execute at today open)",SELL,TQQQ,BULL_100,CASH,"KILL: VIX=20.8, SPY vs 200SMA",0.0,11.195,10.465,6.98,2270.4501,1065.7,103061.9,-2270.4501,25417.69,11.35,20.0,50.84,62.19,STRESS (VIX>25 or kill),0.0,102836.46,102836.46,0.0,,0.0
109,2023-01-16,2023-01-17,"T+1 (signal at prev close, execute at today open)",BUY,UPRO,CASH,SMA_RECOVERY,"SMA_RECOVERY: SPY>397(200SMA), VIX=18.4<30",56.25,36.5,36.28,0.61,0.0,102836.46,102836.46,1584.8085,57845.51,7.92,5.0,28.92,36.84,NORMAL,1584.8085,25652.95,102538.12,0.0,56.25,
110,2023-01-16,2023-01-17,"T+1 (signal at prev close, execute at today open)",BUY,TQQQ,CASH,SMA_RECOVERY,"SMA_RECOVERY: SPY>397(200SMA), VIX=18.4<30",18.75,9.96,10.015,-0.55,0.0,102836.46,102836.46,1935.9274,19281.84,9.68,5.0,9.64,19.32,NORMAL,1935.9274,25652.95,102538.12,0.0,,18.75
111,2023-01-17,2023-01-18,"T+1 (signal at prev close, execute at today open)",SELL,UPRO,SMA_RECOVERY,CASH,"KILL: VIX=19.4, SPY vs 200SMA",0.0,36.66,34.87,5.13,1584.8085,25652.95,103343.61,-1584.8085,58099.08,7.92,20.0,116.2,124.12,STRESS (VIX>25 or kill),0.0,103170.63,103170.63,0.0,0.0,
112,2023-01-17,2023-01-18,"T+1 (signal at prev close, execute at today open)",SELL,TQQQ,SMA_RECOVERY,CASH,"KILL: VIX=19.4, SPY vs 200SMA",0.0,10.12,9.715,4.17,1935.9274,25652.95,103343.61,-1935.9274,19591.58,9.68,20.0,39.18,48.86,STRESS (VIX>25 or kill),0.0,103170.63,103170.63,0.0,,0.0
113,2023-01-20,2023-01-23,"T+1 (signal at prev close, execute at today open)",BUY,UPRO,CASH,SMA_RECOVERY,"SMA_RECOVERY: SPY>396(200SMA), VIX=19.9<30",56.25,35.79,37.13,-3.61,0.0,103170.63,103170.63,1621.4999,58033.48,8.11,5.0,29.02,37.13,NORMAL,1621.4999,25736.35,106561.55,0.0,56.25,
114,2023-01-20,2023-01-23,"T+1 (signal at prev close, execute at today open)",BUY,TQQQ,CASH,SMA_RECOVERY,"SMA_RECOVERY: SPY>396(200SMA), VIX=19.9<30",18.75,10.17,10.84,-6.18,0.0,103170.63,103170.63,1902.1135,19344.49,9.51,5.0,9.67,19.18,NORMAL,1902.1135,25736.35,106561.55,0.0,,18.75
115,2023-01-23,2023-01-24,"T+1 (signal at prev close, execute at today open)",BUY,UPRO,SMA_RECOVERY,BULL_100,RE-ENTRY COMPLETE: VIX=19.8<30 (50-SMA check skipped),74.25,37.06,36.69,1.01,1621.4999,25736.35,106476.58,511.7667,18966.07,2.56,5.0,9.48,12.04,NORMAL,2133.2666,1047.24,105099.23,0.0,74.25,
116,2023-01-23,2023-01-24,"T+1 (signal at prev close, execute at today open)",BUY,TQQQ,SMA_RECOVERY,BULL_100,RE-ENTRY COMPLETE: VIX=19.8<30 (50-SMA check skipped),24.75,10.855,10.62,2.21,1902.1135,25736.35,106476.58,525.6114,5705.51,2.63,5.0,2.85,5.48,NORMAL,2427.7248,1047.24,105099.23,0.0,,24.75
117,2023-03-01,2023-03-02,"T+1 (signal at prev close, execute at today open)",SELL,UPRO,BULL_100,DEFENSIVE_SPY,DEFENSIVE SPY: SPY below 50-SMA,37.5,34.36,35.53,-3.29,2133.2666,1047.24,100031.61,-1041.5363,35787.19,5.21,5.0,17.89,23.1,NORMAL,1091.7303,37487.41,102253.6,0.0,37.5,
118,2023-03-01,2023-03-02,"T+1 (signal at prev close, execute at today open)",SELL,TQQQ,BULL_100,DEFENSIVE_SPY,DEFENSIVE SPY: SPY below 50-SMA,25.0,10.58,10.99,-3.73,2427.7248,1047.24,100031.61,-64.029,677.43,1.0,5.0,0.34,1.34,NORMAL,2363.6958,37487.41,102253.6,0.0,,25.0
119,2023-03-03,2023-03-06,"T+1 (signal at prev close, execute at today open)",BUY,UPRO,DEFENSIVE_SPY,BULL_100,RECOVERY: SPY reclaimed 50-SMA,74.25,37.52,37.55,-0.08,1091.7303,37487.41,106388.02,1013.6296,38031.38,5.07,5.0,19.02,24.09,NORMAL,2105.3599,1037.99,106369.6,0.0,74.25,
120,2023-03-03,2023-03-06,"T+1 (signal at prev close, execute at today open)",SELL,TQQQ,DEFENSIVE_SPY,BULL_100,RECOVERY: SPY reclaimed 50-SMA,24.75,11.82,11.795,0.21,2363.6958,37487.41,106388.02,-136.028,1607.85,1.0,5.0,0.8,1.8,NORMAL,2227.6678,1037.99,106369.6,0.0,,24.75
121,2023-03-09,2023-03-10,"T+1 (signal at prev close, execute at today open)",SELL,UPRO,BULL_100,CASH,"KILL: VIX=22.6, SPY vs 200SMA",0.0,33.29,32.64,1.99,2105.3599,1037.99,95161.96,-2105.3599,70087.43,10.53,20.0,140.17,150.7,STRESS (VIX>25 or kill),0.0,94952.04,94952.04,0.0,0.0,
122,2023-03-09,2023-03-10,"T+1 (signal at prev close, execute at today open)",SELL,TQQQ,BULL_100,CASH,"KILL: VIX=22.6, SPY vs 200SMA",0.0,10.79,10.475,3.01,2227.6678,1037.99,95161.96,-2227.6678,24036.54,11.14,20.0,48.07,59.21,STRESS (VIX>25 or kill),0.0,94952.04,94952.04,0.0,,0.0
123,2023-03-16,2023-03-17,"T+1 (signal at prev close, execute at today open)",BUY,UPRO,CASH,SMA_RECOVERY,"SMA_RECOVERY: SPY>393(200SMA), VIX=23.0<30",56.25,35.02,33.84,3.49,0.0,94952.04,94952.04,1525.1434,53410.52,7.63,20.0,106.82,114.45,STRESS (VIX>25 or kill),1525.1434,23580.85,92647.38,0.0,56.25,
124,2023-03-16,2023-03-17,"T+1 (signal at prev close, execute at today open)",BUY,TQQQ,CASH,SMA_RECOVERY,"SMA_RECOVERY: SPY>393(200SMA), VIX=23.0<30",18.75,12.54,12.295,1.99,0.0,94952.04,94952.04,1419.7374,17803.51,7.1,20.0,35.61,42.71,STRESS (VIX>25 or kill),1419.7374,23580.85,92647.38,0.0,,18.75
125,2023-03-17,2023-03-20,"T+1 (signal at prev close, execute at today open)",SELL,UPRO,SMA_RECOVERY,CASH,"KILL: VIX=25.5, SPY vs 200SMA",0.0,33.14,34.61,-4.25,1525.1434,23580.85,91338.42,-1525.1434,50543.25,7.63,20.0,101.09,108.72,STRESS (VIX>25 or kill),0.0,91188.17,91188.17,0.0,0.0,
126,2023-03-17,2023-03-20,"T+1 (signal at prev close, execute at today open)",SELL,TQQQ,SMA_RECOVERY,CASH,"KILL: VIX=25.5, SPY vs 200SMA",0.0,12.125,12.405,-2.26,1419.7374,23580.85,91338.42,-1419.7374,17214.32,7.1,20.0,34.43,41.53,STRESS (VIX>25 or kill),0.0,91188.17,91188.17,0.0,,0.0
127,2023-03-20,2023-03-21,"T+1 (signal at prev close, execute at today open)",BUY,UPRO,CASH,SMA_RECOVERY,"SMA_RECOVERY: SPY>393(200SMA), VIX=24.1<30",56.25,34.86,35.97,-3.09,0.0,91188.17,91188.17,1471.4099,51293.35,7.36,5.0,25.65,33.01,NORMAL,1471.4099,22748.65,93326.79,0.0,56.25,
128,2023-03-20,2023-03-21,"T+1 (signal at prev close, execute at today open)",BUY,TQQQ,CASH,SMA_RECOVERY,"SMA_RECOVERY: SPY>393(200SMA), VIX=24.1<30",18.75,12.505,12.91,-3.14,0.0,91188.17,91188.17,1367.2757,17097.78,6.84,5.0,8.55,15.39,NORMAL,1367.2757,22748.65,93326.79,0.0,,18.75
129,2023-03-21,2023-03-22,"T+1 (signal at prev close, execute at today open)",BUY,UPRO,SMA_RECOVERY,BULL_100,RE-ENTRY COMPLETE: VIX=21.4<30 (50-SMA check skipped),74.25,35.59,34.22,4.0,1471.4099,22748.65,92528.38,458.9729,16334.85,2.29,5.0,8.17,10.46,NORMAL,1930.3828,909.93,89257.0,0.0,74.25,
130,2023-03-21,2023-03-22,"T+1 (signal at prev close, execute at today open)",BUY,TQQQ,SMA_RECOVERY,BULL_100,RE-ENTRY COMPLETE: VIX=21.4<30 (50-SMA check skipped),24.75,12.735,12.395,2.74,1367.2757,22748.65,92528.38,430.9791,5488.52,2.15,5.0,2.74,4.89,NORMAL,1798.2548,909.93,89257.0,0.0,,24.75
131,2023-03-23,2023-03-24,"T+1 (signal at prev close, execute at today open)",SELL,UPRO,BULL_100,DEFENSIVE_SPY,DEFENSIVE SPY: SPY below 50-SMA,37.5,34.72,35.17,-1.28,1930.3828,909.93,91229.21,-945.0442,32811.94,4.73,5.0,16.41,21.14,NORMAL,985.3386,34188.57,91667.84,0.0,37.5,
132,2023-03-23,2023-03-24,"T+1 (signal at prev close, execute at today open)",SELL,TQQQ,BULL_100,DEFENSIVE_SPY,DEFENSIVE SPY: SPY below 50-SMA,25.0,12.955,12.965,-0.08,1798.2548,909.93,91229.21,-37.7528,489.09,1.0,5.0,0.24,1.24,NORMAL,1760.502,34188.57,91667.84,0.0,,25.0
133,2023-03-30,2023-03-31,"T+1 (signal at prev close, execute at today open)",BUY,UPRO,DEFENSIVE_SPY,BULL_100,RECOVERY: SPY reclaimed 50-SMA,74.25,37.05,38.6,-4.02,985.3386,34188.57,94470.95,907.9051,33637.88,4.54,5.0,16.82,21.36,NORMAL,1893.2437,922.15,98542.91,0.0,74.25,
134,2023-03-30,2023-03-31,"T+1 (signal at prev close, execute at today open)",SELL,TQQQ,DEFENSIVE_SPY,BULL_100,RECOVERY: SPY reclaimed 50-SMA,24.75,13.505,14.175,-4.73,1760.502,34188.57,94470.95,-29.1758,394.02,1.0,5.0,0.2,1.2,NORMAL,1731.3261,922.15,98542.91,0.0,,24.75
135,2023-06-15,2023-06-16,"T+1 (signal at prev close, execute at today open)",SELL,UPRO,BULL_100,BULL_TRIMMED,RSI TRIM: RSI=76.3,56.25,47.0,46.63,0.79,1893.2437,922.15,125803.65,-387.6148,18217.9,1.94,5.0,9.11,11.05,NORMAL,1505.6288,31430.74,124902.18,0.0,56.25,
136,2023-06-15,2023-06-16,"T+1 (signal at prev close, execute at today open)",SELL,TQQQ,BULL_100,BULL_TRIMMED,RSI TRIM: RSI=76.3,18.75,20.735,20.45,1.39,1731.3261,922.15,125803.65,-593.7238,12310.86,2.97,5.0,6.16,9.13,NORMAL,1137.6024,31430.74,124902.18,0.0,,18.75
137,2023-06-23,2023-06-26,"T+1 (signal at prev close, execute at today open)",BUY,UPRO,BULL_TRIMMED,BULL_100,RSI RECOVERY: RSI=57.4,74.25,44.25,44.07,0.41,1505.6288,31430.74,120164.12,510.6843,22597.78,2.55,5.0,11.3,13.85,NORMAL,2016.3131,1182.02,118832.79,0.0,74.25,
138,2023-06-23,2023-06-26,"T+1 (signal at prev close, execute at today open)",BUY,TQQQ,BULL_TRIMMED,BULL_100,RSI RECOVERY: RSI=57.4,24.75,19.435,18.815,3.3,1137.6024,31430.74,120164.12,392.6584,7631.32,1.96,5.0,3.82,5.78,NORMAL,1530.2608,1182.02,118832.79,0.0,,24.75
139,2023-08-16,2023-08-17,"T+1 (signal at prev close, execute at today open)",SELL,UPRO,BULL_100,DEFENSIVE_BOTH,DEFENSIVE BOTH: SPY & QQQ below 50-SMA,37.5,45.5,44.2,2.94,2016.3131,1182.02,121953.31,-1011.2034,46009.76,5.06,5.0,23.0,28.06,NORMAL,1005.1097,60938.07,120009.41,0.0,37.5,
140,2023-08-16,2023-08-17,"T+1 (signal at prev close, execute at today open)",SELL,TQQQ,BULL_100,DEFENSIVE_BOTH,DEFENSIVE BOTH: SPY & QQQ below 50-SMA,12.5,18.97,18.225,4.09,1530.2608,1182.02,121953.31,-726.6676,13784.88,3.63,5.0,6.89,10.52,NORMAL,803.5933,60938.07,120009.41,0.0,,12.5
141,2023-08-30,2023-08-31,"T+1 (signal at prev close, execute at today open)",BUY,UPRO,DEFENSIVE_BOTH,BULL_100,FULL RECOVERY: both above 50-SMA,74.25,48.86,48.43,0.89,1005.1097,60938.07,127003.55,924.8971,45190.47,4.62,5.0,22.6,27.22,NORMAL,1930.0068,1232.15,126284.73,0.0,74.25,
142,2023-08-30,2023-08-31,"T+1 (signal at prev close, execute at today open)",BUY,TQQQ,DEFENSIVE_BOTH,BULL_100,FULL RECOVERY: both above 50-SMA,24.75,21.1,21.2,-0.47,803.5933,60938.07,127003.55,686.1403,14477.56,3.43,5.0,7.24,10.67,NORMAL,1489.7336,1232.15,126284.73,0.0,,24.75
143,2023-09-07,2023-09-08,"T+1 (signal at prev close, execute at today open)",SELL,UPRO,BULL_100,DEFENSIVE_SPY,DEFENSIVE SPY: SPY below 50-SMA,37.5,46.74,46.72,0.04,1930.0068,1232.15,121741.85,-953.259,44555.33,4.77,5.0,22.28,27.05,NORMAL,976.7478,45625.08,121671.76,0.0,37.5,
144,2023-09-07,2023-09-08,"T+1 (signal at prev close, execute at today open)",BUY,TQQQ,BULL_100,DEFENSIVE_SPY,DEFENSIVE SPY: SPY below 50-SMA,25.0,20.34,20.325,0.07,1489.7336,1232.15,121741.85,6.6019,134.28,1.0,5.0,0.07,1.07,NORMAL,1496.3354,45625.08,121671.76,0.0,,25.0
145,2023-09-18,2023-09-19,"T+1 (signal at prev close, execute at today open)",SELL,UPRO,DEFENSIVE_SPY,DEFENSIVE_BOTH,WORSENING: QQQ also below 50-SMA,37.5,46.55,46.14,0.89,976.7478,45625.08,120981.99,-2.1346,99.37,1.0,5.0,0.05,1.05,NORMAL,974.6133,60478.86,120452.92,0.0,37.5,
146,2023-09-18,2023-09-19,"T+1 (signal at prev close, execute at today open)",SELL,TQQQ,DEFENSIVE_SPY,DEFENSIVE_BOTH,WORSENING: QQQ also below 50-SMA,12.5,19.975,19.82,0.78,1496.3354,45625.08,120981.99,-739.2516,14766.55,3.7,5.0,7.38,11.08,NORMAL,757.0838,60478.86,120452.92,0.0,,12.5
147,2023-10-11,2023-10-12,"T+1 (signal at prev close, execute at today open)",BUY,UPRO,DEFENSIVE_BOTH,DEFENSIVE_SPY,"PARTIAL: QQQ recovered, SPY still below",37.5,43.92,42.81,2.59,974.6133,60478.86,118308.21,35.5319,1560.56,1.0,5.0,0.78,1.78,NORMAL,1010.1452,44352.85,116637.67,0.0,37.5,
148,2023-10-11,2023-10-12,"T+1 (signal at prev close, execute at today open)",BUY,TQQQ,DEFENSIVE_BOTH,DEFENSIVE_SPY,"PARTIAL: QQQ recovered, SPY still below",25.0,19.845,19.485,1.85,757.0838,60478.86,118308.21,733.3194,14552.72,3.67,5.0,7.28,10.95,NORMAL,1490.4032,44352.85,116637.67,0.0,,25.0
149,2023-10-19,2023-10-20,"T+1 (signal at prev close, execute at today open)",BUY,UPRO,DEFENSIVE_SPY,DEFENSIVE_BOTH,WORSENING: QQQ also below 50-SMA,37.5,40.21,38.86,3.47,1010.1452,44352.85,111291.31,27.7618,1116.3,1.0,5.0,0.56,1.56,NORMAL,1037.907,55634.38,109335.32,0.0,37.5,
150,2023-10-19,2023-10-20,"T+1 (signal at prev close, execute at today open)",SELL,TQQQ,DEFENSIVE_SPY,DEFENSIVE_BOTH,WORSENING: QQQ also below 50-SMA,12.5,17.66,16.97,4.07,1490.4032,44352.85,111291.31,-702.6674,12409.11,3.51,5.0,6.2,9.71,NORMAL,787.7358,55634.38,109335.32,0.0,,12.5
151,2023-10-20,2023-10-23,"T+1 (signal at prev close, execute at today open)",SELL,UPRO,DEFENSIVE_BOTH,CASH,"KILL: VIX=21.7, SPY vs 200SMA",0.0,38.72,39.11,-1.0,1037.907,55634.38,109193.96,-1037.907,40187.76,5.19,20.0,80.38,85.57,STRESS (VIX>25 or kill),0.0,109077.71,109077.71,0.0,0.0,
152,2023-10-20,2023-10-23,"T+1 (signal at prev close, execute at today open)",SELL,TQQQ,DEFENSIVE_BOTH,CASH,"KILL: VIX=21.7, SPY vs 200SMA",0.0,16.975,17.39,-2.39,787.7358,55634.38,109193.96,-787.7358,13371.81,3.94,20.0,26.74,30.68,STRESS (VIX>25 or kill),0.0,109077.71,109077.71,0.0,,0.0
153,2023-10-24,2023-10-25,"T+1 (signal at prev close, execute at today open)",BUY,UPRO,CASH,SMA_RECOVERY,"SMA_RECOVERY: SPY>423(200SMA), VIX=19.0<30",56.25,39.14,37.37,4.74,0.0,109077.71,109077.71,1567.6088,61356.21,7.84,5.0,30.68,38.52,NORMAL,1567.6088,27214.78,104601.6,0.0,56.25,
154,2023-10-24,2023-10-25,"T+1 (signal at prev close, execute at today open)",BUY,TQQQ,CASH,SMA_RECOVERY,"SMA_RECOVERY: SPY>423(200SMA), VIX=19.0<30",18.75,17.325,15.93,8.76,0.0,109077.71,109077.71,1180.4947,20452.07,5.9,5.0,10.23,16.13,NORMAL,1180.4947,27214.78,104601.6,0.0,,18.75
155,2023-10-25,2023-10-26,"T+1 (signal at prev close, execute at today open)",SELL,UPRO,SMA_RECOVERY,CASH,"KILL: VIX=20.2, SPY vs 200SMA",0.0,37.12,37.11,0.03,1567.6088,27214.78,104056.24,-1567.6088,58189.64,7.84,20.0,116.38,124.22,STRESS (VIX>25 or kill),0.0,103888.82,103888.82,0.0,0.0,
156,2023-10-25,2023-10-26,"T+1 (signal at prev close, execute at today open)",SELL,TQQQ,SMA_RECOVERY,CASH,"KILL: VIX=20.2, SPY vs 200SMA",0.0,15.8,15.82,-0.13,1180.4947,27214.78,104056.24,-1180.4947,18651.82,5.9,20.0,37.3,43.2,STRESS (VIX>25 or kill),0.0,103888.82,103888.82,0.0,,0.0
157,2023-11-01,2023-11-02,"T+1 (signal at prev close, execute at today open)",BUY,UPRO,CASH,SMA_RECOVERY,"SMA_RECOVERY: SPY>423(200SMA), VIX=16.9<30",56.25,39.42,41.08,-4.04,0.0,103888.82,103888.82,1482.4317,58437.46,7.41,5.0,29.22,36.63,NORMAL,1482.4317,25920.28,106758.87,0.0,56.25,
158,2023-11-01,2023-11-02,"T+1 (signal at prev close, execute at today open)",BUY,TQQQ,CASH,SMA_RECOVERY,"SMA_RECOVERY: SPY>423(200SMA), VIX=16.9<30",18.75,17.53,17.945,-2.31,0.0,103888.82,103888.82,1111.1896,19479.15,5.56,5.0,9.74,15.3,NORMAL,1111.1896,25920.28,106758.87,0.0,,18.75
159,2023-11-02,2023-11-03,"T+1 (signal at prev close, execute at today open)",BUY,UPRO,SMA_RECOVERY,BULL_100,RE-ENTRY COMPLETE: VIX=15.7<30 (50-SMA check skipped),74.25,41.15,42.56,-3.31,1482.4317,25920.28,106890.42,446.2714,18364.07,2.23,5.0,9.18,11.41,NORMAL,1928.7032,1052.44,110859.51,0.0,74.25,
160,2023-11-02,2023-11-03,"T+1 (signal at prev close, execute at today open)",BUY,TQQQ,SMA_RECOVERY,BULL_100,RE-ENTRY COMPLETE: VIX=15.7<30 (50-SMA check skipped),24.75,17.97,18.83,-4.57,1111.1896,25920.28,106890.42,361.0073,6487.3,1.81,5.0,3.24,5.05,NORMAL,1472.1969,1052.44,110859.51,0.0,,24.75
161,2023-12-13,2023-12-14,"T+1 (signal at prev close, execute at today open)",SELL,UPRO,BULL_100,BULL_TRIMMED,RSI TRIM: RSI=77.6,56.25,53.44,53.26,0.34,1928.7032,1052.44,140544.49,-449.3567,24013.62,2.25,5.0,12.01,14.26,NORMAL,1479.3464,35114.79,139830.81,0.0,56.25,
162,2023-12-13,2023-12-14,"T+1 (signal at prev close, execute at today open)",SELL,TQQQ,BULL_100,BULL_TRIMMED,RSI TRIM: RSI=77.6,18.75,24.74,24.34,1.64,1472.1969,1052.44,140544.49,-407.0356,10070.06,2.04,5.0,5.04,7.08,NORMAL,1065.1613,35114.79,139830.81,0.0,,18.75
163,2024-01-03,2024-01-04,"T+1 (signal at prev close, execute at today open)",BUY,UPRO,BULL_TRIMMED,BULL_100,RSI RECOVERY: RSI=56.2,74.25,52.63,52.08,1.06,1479.3464,35114.79,137860.29,465.5759,24503.26,2.33,5.0,12.25,14.58,NORMAL,1944.9224,1357.42,136170.67,0.0,74.25,
164,2024-01-03,2024-01-04,"T+1 (signal at prev close, execute at today open)",BUY,TQQQ,BULL_TRIMMED,BULL_100,RSI RECOVERY: RSI=56.2,24.75,23.365,22.955,1.79,1065.1613,35114.79,137860.29,395.1606,9232.93,1.98,5.0,4.62,6.6,NORMAL,1460.3219,1357.42,136170.67,0.0,,24.75
165,2024-01-29,2024-01-30,"T+1 (signal at prev close, execute at today open)",SELL,UPRO,BULL_100,BULL_TRIMMED,RSI TRIM: RSI=75.3,56.25,59.66,58.83,1.41,1944.9224,1357.42,159193.21,-443.9807,26487.89,2.22,5.0,13.24,15.46,NORMAL,1500.9416,39774.77,156557.89,0.0,56.25,
166,2024-01-29,2024-01-30,"T+1 (signal at prev close, execute at today open)",SELL,TQQQ,BULL_100,BULL_TRIMMED,RSI TRIM: RSI=75.3,18.75,28.625,27.315,4.8,1460.3219,1357.42,159193.21,-417.5716,11952.99,2.09,5.0,5.98,8.07,NORMAL,1042.7503,39774.77,156557.89,0.0,,18.75
167,2024-01-31,2024-02-01,"T+1 (signal at prev close, execute at today open)",BUY,UPRO,BULL_TRIMMED,BULL_100,RSI RECOVERY: RSI=59.2,74.25,57.18,59.64,-4.12,1500.9416,39774.77,153596.46,493.5559,28221.53,2.47,5.0,14.11,16.58,NORMAL,1994.4976,1512.51,160093.51,0.0,74.25,
168,2024-01-31,2024-02-01,"T+1 (signal at prev close, execute at today open)",BUY,TQQQ,BULL_TRIMMED,BULL_100,RSI RECOVERY: RSI=59.2,24.75,26.85,27.99,-4.07,1042.7503,39774.77,153596.46,373.083,10017.28,1.87,5.0,5.01,6.88,NORMAL,1415.8333,1512.51,160093.51,0.0,,24.75
169,2024-04-15,2024-04-16,"T+1 (signal at prev close, execute at today open)",SELL,UPRO,BULL_100,DEFENSIVE_QQQ,DEFENSIVE QQQ: QQQ below 50-SMA,75.0,62.75,62.86,-0.17,1994.4976,1512.51,166112.34,-9.0911,570.47,1.0,5.0,0.29,1.29,NORMAL,1985.4065,20750.07,166555.26,0.0,75.0,
170,2024-04-15,2024-04-16,"T+1 (signal at prev close, execute at today open)",SELL,TQQQ,BULL_100,DEFENSIVE_QQQ,DEFENSIVE QQQ: QQQ below 50-SMA,12.5,27.86,28.18,-1.14,1415.8333,1512.51,166112.34,-670.5338,18681.07,3.35,5.0,9.34,12.69,NORMAL,745.2995,20750.07,166555.26,0.0,,12.5
171,2024-04-16,2024-04-17,"T+1 (signal at prev close, execute at today open)",SELL,UPRO,DEFENSIVE_QQQ,DEFENSIVE_BOTH,WORSENING: SPY also below 50-SMA,37.5,62.61,61.4,1.97,1985.4065,20750.07,165853.95,-992.0311,62111.07,4.96,5.0,31.06,36.02,NORMAL,993.3754,82889.93,163942.56,0.0,37.5,
172,2024-04-16,2024-04-17,"T+1 (signal at prev close, execute at today open)",SELL,TQQQ,DEFENSIVE_QQQ,DEFENSIVE_BOTH,WORSENING: SPY also below 50-SMA,12.5,27.905,27.0,3.35,745.2995,20750.07,165853.95,-2.3594,65.84,1.0,5.0,0.03,1.03,NORMAL,742.9401,82889.93,163942.56,0.0,,12.5
173,2024-05-06,2024-05-07,"T+1 (signal at prev close, execute at today open)",BUY,UPRO,DEFENSIVE_BOTH,DEFENSIVE_QQQ,"PARTIAL: SPY recovered, QQQ still below",75.0,66.57,66.94,-0.55,993.3754,82889.93,170671.91,929.4718,61874.94,4.65,5.0,30.94,35.59,NORMAL,1922.8471,21297.24,171471.06,0.0,75.0,
174,2024-05-06,2024-05-07,"T+1 (signal at prev close, execute at today open)",SELL,TQQQ,DEFENSIVE_BOTH,DEFENSIVE_QQQ,"PARTIAL: SPY recovered, QQQ still below",12.5,29.145,29.315,-0.58,742.9401,82889.93,170671.91,-10.9453,319.0,1.0,5.0,0.16,1.16,NORMAL,731.9948,21297.24,171471.06,0.0,,12.5
175,2024-05-07,2024-05-08,"T+1 (signal at prev close, execute at today open)",SELL,UPRO,DEFENSIVE_QQQ,BULL_100,RECOVERY: QQQ reclaimed 50-SMA,74.25,66.96,66.86,0.15,1922.8471,21297.24,171505.85,-21.0685,1410.75,1.0,5.0,0.71,1.71,NORMAL,1901.7786,1699.28,171024.73,0.0,74.25,
176,2024-05-07,2024-05-08,"T+1 (signal at prev close, execute at today open)",BUY,TQQQ,DEFENSIVE_QQQ,BULL_100,RECOVERY: QQQ reclaimed 50-SMA,24.75,29.31,29.12,0.65,731.9948,21297.24,171505.85,716.2378,20992.93,3.58,5.0,10.5,14.08,NORMAL,1448.2327,1699.28,171024.73,0.0,,24.75
177,2024-06-19,2024-06-20,"T+1 (signal at prev close, execute at today open)",SELL,UPRO,BULL_100,BULL_TRIMMED,RSI TRIM: RSI=75.8,56.25,79.23,77.79,1.85,1901.7786,1699.28,209220.33,-416.4014,32991.49,2.08,5.0,16.5,18.58,NORMAL,1485.3772,52275.46,205522.59,0.0,56.25,
178,2024-06-19,2024-06-20,"T+1 (signal at prev close, execute at today open)",SELL,TQQQ,BULL_100,BULL_TRIMMED,RSI TRIM: RSI=75.8,18.75,39.25,37.72,4.06,1448.2327,1699.28,209220.33,-448.7725,17614.32,2.24,5.0,8.81,11.05,NORMAL,999.4602,52275.46,205522.59,0.0,,18.75
179,2024-07-18,2024-07-19,"T+1 (signal at prev close, execute at today open)",BUY,UPRO,BULL_TRIMMED,BULL_100,RSI RECOVERY: RSI=55.5,74.25,79.19,78.02,1.5,1485.3772,52275.46,205933.02,445.4887,35278.25,2.23,5.0,17.64,19.87,NORMAL,1930.8658,2029.92,202831.55,0.0,74.25,
180,2024-07-18,2024-07-19,"T+1 (signal at prev close, execute at today open)",BUY,TQQQ,BULL_TRIMMED,BULL_100,RSI RECOVERY: RSI=55.5,24.75,36.05,35.475,1.62,999.4602,52275.46,205933.02,414.3657,14937.88,2.07,5.0,7.47,9.54,NORMAL,1413.8259,2029.92,202831.55,0.0,,24.75
181,2024-07-25,2024-07-26,"T+1 (signal at prev close, execute at today open)",SELL,UPRO,BULL_100,DEFENSIVE_QQQ,DEFENSIVE QQQ: QQQ below 50-SMA,75.0,74.78,75.83,-1.38,1930.8658,2029.92,192284.58,-2.3631,176.71,1.0,5.0,0.09,1.09,NORMAL,1928.5028,24020.21,194386.76,0.0,75.0,
182,2024-07-25,2024-07-26,"T+1 (signal at prev close, execute at today open)",SELL,TQQQ,BULL_100,DEFENSIVE_QQQ,DEFENSIVE QQQ: QQQ below 50-SMA,12.5,32.44,32.565,-0.38,1413.8259,2029.92,192284.58,-672.9019,21828.94,3.36,5.0,10.91,14.27,NORMAL,740.9239,24020.21,194386.76,0.0,,12.5
183,2024-08-02,2024-08-05,"T+1 (signal at prev close, execute at today open)",SELL,UPRO,DEFENSIVE_QQQ,DEFENSIVE_BOTH,WORSENING: SPY also below 50-SMA,37.5,65.91,66.46,-0.83,1928.5028,24020.21,170395.55,-959.0242,63209.28,4.8,20.0,126.42,131.22,STRESS (VIX>25 or kill),969.4786,85061.49,172422.4,0.0,37.5,
184,2024-08-02,2024-08-05,"T+1 (signal at prev close, execute at today open)",BUY,TQQQ,DEFENSIVE_QQQ,DEFENSIVE_BOTH,WORSENING: SPY also below 50-SMA,12.5,26.005,27.995,-7.11,740.9239,24020.21,170395.55,78.1279,2031.72,1.0,20.0,4.06,5.06,STRESS (VIX>25 or kill),819.0519,85061.49,172422.4,0.0,,12.5
185,2024-08-05,2024-08-06,"T+1 (signal at prev close, execute at today open)",SELL,UPRO,DEFENSIVE_BOTH,CASH,"KILL: VIX=38.6, SPY vs 200SMA",0.0,66.38,65.42,1.47,969.4786,85061.49,172205.6,-969.4786,64353.99,4.85,20.0,128.71,133.56,STRESS (VIX>25 or kill),0.0,172022.36,172022.36,0.0,0.0,
186,2024-08-05,2024-08-06,"T+1 (signal at prev close, execute at today open)",SELL,TQQQ,DEFENSIVE_BOTH,CASH,"KILL: VIX=38.6, SPY vs 200SMA",0.0,27.825,26.95,3.25,819.0519,85061.49,172205.6,-819.0519,22790.12,4.1,20.0,45.58,49.68,STRESS (VIX>25 or kill),0.0,172022.36,172022.36,0.0,,0.0
187,2024-08-06,2024-08-07,"T+1 (signal at prev close, execute at today open)",BUY,UPRO,CASH,SMA_RECOVERY,"SMA_RECOVERY: SPY>500(200SMA), VIX=27.7<30",56.25,67.27,63.69,5.62,0.0,172022.36,172022.36,1438.421,96762.58,7.19,20.0,193.53,200.72,STRESS (VIX>25 or kill),1438.421,42734.59,164438.42,0.0,56.25,
188,2024-08-06,2024-08-07,"T+1 (signal at prev close, execute at today open)",BUY,TQQQ,CASH,SMA_RECOVERY,"SMA_RECOVERY: SPY>500(200SMA), VIX=27.7<30",18.75,27.88,26.01,7.19,0.0,172022.36,172022.36,1156.8936,32254.19,5.78,20.0,64.51,70.29,STRESS (VIX>25 or kill),1156.8936,42734.59,164438.42,0.0,,18.75
189,2024-08-07,2024-08-08,"T+1 (signal at prev close, execute at today open)",BUY,UPRO,SMA_RECOVERY,BULL_100,RE-ENTRY COMPLETE: VIX=27.9<30 (50-SMA check skipped),74.25,64.08,69.78,-8.17,1438.421,42734.59,165375.4,477.7967,30617.22,2.39,5.0,15.31,17.7,NORMAL,1916.2177,1628.83,181075.46,0.0,74.25,
190,2024-08-07,2024-08-08,"T+1 (signal at prev close, execute at today open)",BUY,TQQQ,SMA_RECOVERY,BULL_100,RE-ENTRY COMPLETE: VIX=27.9<30 (50-SMA check skipped),24.75,26.335,29.425,-10.5,1156.8936,42734.59,165375.4,397.3274,10463.62,1.99,5.0,5.23,7.22,NORMAL,1554.221,1628.83,181075.46,0.0,,24.75
191,2024-08-09,2024-08-12,"T+1 (signal at prev close, execute at today open)",SELL,UPRO,BULL_100,DEFENSIVE_BOTH,DEFENSIVE BOTH: SPY & QQQ below 50-SMA,37.5,70.75,70.37,0.54,1916.2177,1628.83,183454.85,-943.8422,66776.83,4.72,5.0,33.39,38.11,NORMAL,972.3756,91673.74,182966.16,0.0,37.5,
192,2024-08-09,2024-08-12,"T+1 (signal at prev close, execute at today open)",SELL,TQQQ,BULL_100,DEFENSIVE_BOTH,DEFENSIVE BOTH: SPY & QQQ below 50-SMA,12.5,29.76,29.675,0.29,1554.221,1628.83,183454.85,-783.6613,23321.76,3.92,5.0,11.66,15.58,NORMAL,770.5597,91673.74,182966.16,0.0,,12.5
193,2024-08-16,2024-08-19,"T+1 (signal at prev close, execute at today open)",BUY,UPRO,DEFENSIVE_BOTH,BULL_100,FULL RECOVERY: both above 50-SMA,74.25,78.6,80.81,-2.73,972.3756,91673.74,194482.57,864.8166,67974.59,4.32,5.0,33.99,38.31,NORMAL,1837.1922,1892.46,200493.95,0.0,74.25,
194,2024-08-16,2024-08-19,"T+1 (signal at prev close, execute at today open)",BUY,TQQQ,DEFENSIVE_BOTH,BULL_100,FULL RECOVERY: both above 50-SMA,24.75,34.235,35.66,-4.0,770.5597,91673.74,194482.57,635.441,21754.32,3.18,5.0,10.88,14.06,NORMAL,1406.0007,1892.46,200493.95,0.0,,24.75
195,2024-08-29,2024-08-30,"T+1 (signal at prev close, execute at today open)",SELL,UPRO,BULL_100,DEFENSIVE_QQQ,DEFENSIVE QQQ: QQQ below 50-SMA,75.0,81.02,82.2,-1.44,1837.1922,1892.46,198377.08,-0.8208,66.5,1.0,5.0,0.03,1.03,NORMAL,1836.3714,24781.31,200831.92,0.0,75.0,
196,2024-08-29,2024-08-30,"T+1 (signal at prev close, execute at today open)",SELL,TQQQ,BULL_100,DEFENSIVE_QQQ,DEFENSIVE QQQ: QQQ below 50-SMA,12.5,33.88,34.295,-1.21,1406.0007,1892.46,198377.08,-674.09,22838.17,3.37,5.0,11.42,14.79,NORMAL,731.9107,24781.31,200831.92,0.0,,12.5
197,2024-09-09,2024-09-10,"T+1 (signal at prev close, execute at today open)",SELL,UPRO,DEFENSIVE_QQQ,DEFENSIVE_BOTH,WORSENING: SPY also below 50-SMA,37.5,74.68,75.28,-0.8,1836.3714,24781.31,183553.15,-914.6731,68307.78,4.57,5.0,34.15,38.72,NORMAL,921.6983,91736.19,184624.74,0.0,37.5,
198,2024-09-09,2024-09-10,"T+1 (signal at prev close, execute at today open)",BUY,TQQQ,DEFENSIVE_QQQ,DEFENSIVE_BOTH,WORSENING: SPY also below 50-SMA,12.5,29.555,30.275,-2.38,731.9107,24781.31,183553.15,44.4095,1312.52,1.0,5.0,0.66,1.66,NORMAL,776.3202,91736.19,184624.74,0.0,,12.5
199,2024-09-12,2024-09-13,"T+1 (signal at prev close, execute at today open)",BUY,UPRO,DEFENSIVE_BOTH,DEFENSIVE_QQQ,"PARTIAL: SPY recovered, QQQ still below",75.0,79.83,80.56,-0.91,921.6983,91736.19,191116.37,873.8332,69758.1,4.37,5.0,34.88,39.25,NORMAL,1795.5315,23848.34,192619.52,0.0,75.0,
200,2024-09-12,2024-09-13,"T+1 (signal at prev close, execute at today open)",SELL,TQQQ,DEFENSIVE_BOTH,DEFENSIVE_QQQ,"PARTIAL: SPY recovered, QQQ still below",12.5,33.235,33.56,-0.97,776.3202,91736.19,191116.37,-57.5133,1911.46,1.0,5.0,0.96,1.96,NORMAL,718.8069,23848.34,192619.52,0.0,,12.5
201,2024-09-13,2024-09-16,"T+1 (signal at prev close, execute at today open)",SELL,UPRO,DEFENSIVE_QQQ,BULL_100,RECOVERY: QQQ reclaimed 50-SMA,74.25,80.89,81.09,-0.25,1795.5315,23848.34,193265.95,-21.5178,1740.57,1.0,5.0,0.87,1.87,NORMAL,1774.0137,1915.44,193020.46,0.0,74.25,
202,2024-09-13,2024-09-16,"T+1 (signal at prev close, execute at today open)",BUY,TQQQ,DEFENSIVE_QQQ,BULL_100,RECOVERY: QQQ reclaimed 50-SMA,24.75,33.635,33.225,1.23,718.8069,23848.34,193265.95,703.3226,23656.25,3.52,5.0,11.83,15.35,NORMAL,1422.1294,1915.44,193020.46,0.0,,24.75
203,2024-12-19,2024-12-20,"T+1 (signal at prev close, execute at today open)",SELL,UPRO,BULL_100,DEFENSIVE_SPY,DEFENSIVE SPY: SPY below 50-SMA,37.5,87.14,91.9,-5.18,1774.0137,1915.44,212542.01,-859.3562,74884.3,4.3,5.0,37.44,41.74,NORMAL,914.6575,79659.06,220263.15,0.0,37.5,
204,2024-12-19,2024-12-20,"T+1 (signal at prev close, execute at today open)",SELL,TQQQ,BULL_100,DEFENSIVE_SPY,DEFENSIVE SPY: SPY below 50-SMA,25.0,39.405,41.935,-6.03,1422.1294,1915.44,212542.01,-73.6838,2903.51,1.0,5.0,1.45,2.45,NORMAL,1348.4457,79659.06,220263.15,0.0,,25.0
205,2024-12-23,2024-12-24,"T+1 (signal at prev close, execute at today open)",BUY,UPRO,DEFENSIVE_SPY,BULL_100,RECOVERY: SPY reclaimed 50-SMA,74.25,93.0,95.88,-3.0,914.6575,79659.06,222159.25,859.0333,79890.1,4.3,5.0,39.95,44.25,NORMAL,1773.6908,2175.12,229318.66,0.0,74.25,
206,2024-12-23,2024-12-24,"T+1 (signal at prev close, execute at today open)",SELL,TQQQ,DEFENSIVE_SPY,BULL_100,RECOVERY: SPY reclaimed 50-SMA,24.75,42.595,44.22,-3.67,1348.4457,79659.06,222159.25,-57.5802,2452.63,1.0,5.0,1.23,2.23,NORMAL,1290.8655,2175.12,229318.66,0.0,,24.75
207,2025-01-01,2025-01-02,"T+1 (signal at prev close, execute at today open)",SELL,UPRO,BULL_100,DEFENSIVE_SPY,DEFENSIVE SPY: SPY below 50-SMA,37.5,89.85,87.79,2.35,1773.6908,2175.12,213718.02,-881.7124,79221.86,4.41,5.0,39.61,44.02,NORMAL,891.9784,80098.61,210308.15,0.0,37.5,
208,2025-01-01,2025-01-02,"T+1 (signal at prev close, execute at today open)",BUY,TQQQ,BULL_100,DEFENSIVE_SPY,DEFENSIVE SPY: SPY below 50-SMA,25.0,40.42,39.265,2.94,1290.8655,2175.12,213718.02,30.9927,1252.72,1.0,5.0,0.63,1.63,NORMAL,1321.8581,80098.61,210308.15,0.0,,25.0
209,2025-01-13,2025-01-14,"T+1 (signal at prev close, execute at today open)",BUY,UPRO,DEFENSIVE_SPY,DEFENSIVE_BOTH,WORSENING: QQQ also below 50-SMA,37.5,87.55,86.55,1.16,891.9784,80098.61,209697.52,6.212,543.86,1.0,5.0,0.27,1.27,NORMAL,898.1904,104831.59,208139.72,0.0,37.5,
210,2025-01-13,2025-01-14,"T+1 (signal at prev close, execute at today open)",SELL,TQQQ,DEFENSIVE_SPY,DEFENSIVE_BOTH,WORSENING: QQQ also below 50-SMA,12.5,38.965,38.01,2.51,1321.8581,80098.61,209697.52,-649.147,25294.01,3.25,5.0,12.65,15.9,NORMAL,672.7111,104831.59,208139.72,0.0,,12.5
211,2025-01-21,2025-01-22,"T+1 (signal at prev close, execute at today open)",BUY,UPRO,DEFENSIVE_BOTH,BULL_100,FULL RECOVERY: both above 50-SMA,74.25,96.69,97.0,-0.32,898.1904,104831.59,220799.28,797.3672,77097.44,3.99,5.0,38.55,42.54,NORMAL,1695.5576,2149.74,221796.85,0.0,74.25,
212,2025-01-21,2025-01-22,"T+1 (signal at prev close, execute at today open)",BUY,TQQQ,DEFENSIVE_BOTH,BULL_100,FULL RECOVERY: both above 50-SMA,24.75,43.29,43.71,-0.96,672.7111,104831.59,220799.28,589.6548,25526.16,2.95,5.0,12.76,15.71,NORMAL,1262.366,2149.74,221796.85,0.0,,24.75
213,2025-02-25,2025-02-26,"T+1 (signal at prev close, execute at today open)",SELL,UPRO,BULL_100,DEFENSIVE_BOTH,DEFENSIVE BOTH: SPY & QQQ below 50-SMA,37.5,91.34,90.42,1.02,1695.5576,2149.74,206967.49,-845.8444,77259.43,4.23,5.0,38.63,42.86,NORMAL,849.7132,103425.81,205853.18,0.0,37.5,
214,2025-02-25,2025-02-26,"T+1 (signal at prev close, execute at today open)",SELL,TQQQ,BULL_100,DEFENSIVE_BOTH,DEFENSIVE BOTH: SPY & QQQ below 50-SMA,12.5,39.565,39.145,1.07,1262.366,2149.74,206967.49,-608.4816,24074.57,3.04,5.0,12.04,15.08,NORMAL,653.8844,103425.81,205853.18,0.0,,12.5
215,2025-03-10,2025-03-11,"T+1 (signal at prev close, execute at today open)",SELL,UPRO,DEFENSIVE_BOTH,CASH,"KILL: VIX=27.9, SPY vs 200SMA",0.0,75.39,73.74,2.24,849.7132,103425.81,187085.87,-849.7132,64059.88,4.25,20.0,128.12,132.37,STRESS (VIX>25 or kill),0.0,186911.03,186911.03,0.0,0.0,
216,2025-03-10,2025-03-11,"T+1 (signal at prev close, execute at today open)",SELL,TQQQ,DEFENSIVE_BOTH,CASH,"KILL: VIX=27.9, SPY vs 200SMA",0.0,29.975,29.95,0.08,653.8844,103425.81,187085.87,-653.8844,19600.18,3.27,20.0,39.2,42.47,STRESS (VIX>25 or kill),0.0,186911.03,186911.03,0.0,,0.0
217,2025-03-24,2025-03-25,"T+1 (signal at prev close, execute at today open)",BUY,UPRO,CASH,SMA_RECOVERY,"SMA_RECOVERY: SPY>574(200SMA), VIX=17.5<30",56.25,80.17,81.27,-1.35,0.0,186911.03,186911.03,1311.4314,105137.46,6.56,5.0,52.57,59.13,NORMAL,1311.4314,46645.79,189196.83,0.0,56.25,
218,2025-03-24,2025-03-25,"T+1 (signal at prev close, execute at today open)",BUY,TQQQ,CASH,SMA_RECOVERY,"SMA_RECOVERY: SPY>574(200SMA), VIX=17.5<30",18.75,32.955,33.825,-2.57,0.0,186911.03,186911.03,1063.4446,35045.82,5.32,5.0,17.52,22.84,NORMAL,1063.4446,46645.79,189196.83,0.0,,18.75
219,2025-03-25,2025-03-26,"T+1 (signal at prev close, execute at today open)",BUY,UPRO,SMA_RECOVERY,BULL_100,RE-ENTRY COMPLETE: VIX=17.1<30 (50-SMA check skipped),74.25,80.76,77.56,4.13,1311.4314,46645.79,188193.02,418.7979,33822.11,2.09,5.0,16.91,19.0,NORMAL,1730.2293,1855.83,179752.95,0.0,74.25,
220,2025-03-25,2025-03-26,"T+1 (signal at prev close, execute at today open)",BUY,TQQQ,SMA_RECOVERY,BULL_100,RE-ENTRY COMPLETE: VIX=17.1<30 (50-SMA check skipped),24.75,33.51,31.44,6.58,1063.4446,46645.79,188193.02,326.5217,10941.74,1.63,5.0,5.47,7.1,NORMAL,1389.9663,1855.83,179752.95,0.0,,24.75
221,2025-03-26,2025-03-27,"T+1 (signal at prev close, execute at today open)",SELL,UPRO,BULL_100,CASH,"KILL: VIX=18.3, SPY vs 200SMA",0.0,77.88,77.09,1.02,1730.2293,1855.83,180431.72,-1730.2293,134750.25,8.65,20.0,269.5,278.15,STRESS (VIX>25 or kill),0.0,180058.97,180058.97,0.0,0.0,
222,2025-03-26,2025-03-27,"T+1 (signal at prev close, execute at today open)",SELL,TQQQ,BULL_100,CASH,"KILL: VIX=18.3, SPY vs 200SMA",0.0,31.53,30.995,1.73,1389.9663,1855.83,180431.72,-1389.9663,43825.64,6.95,20.0,87.65,94.6,STRESS (VIX>25 or kill),0.0,180058.97,180058.97,0.0,,0.0
223,2025-05-12,2025-05-13,"T+1 (signal at prev close, execute at today open)",BUY,UPRO,CASH,SMA_RECOVERY,"SMA_RECOVERY: SPY>573(200SMA), VIX=18.4<30",56.25,76.9,79.59,-3.38,0.0,180058.97,180058.97,1317.0763,101283.17,6.59,5.0,50.64,57.23,NORMAL,1317.0763,44935.45,185687.38,0.0,56.25,
224,2025-05-12,2025-05-13,"T+1 (signal at prev close, execute at today open)",BUY,TQQQ,CASH,SMA_RECOVERY,"SMA_RECOVERY: SPY>573(200SMA), VIX=18.4<30",18.75,32.595,34.685,-6.03,0.0,180058.97,180058.97,1035.7741,33761.06,5.18,5.0,16.88,22.06,NORMAL,1035.7741,44935.45,185687.38,0.0,,18.75
225,2025-05-13,2025-05-14,"T+1 (signal at prev close, execute at today open)",BUY,UPRO,SMA_RECOVERY,BULL_100,RE-ENTRY COMPLETE: VIX=18.2<30 (50-SMA check skipped),74.25,79.65,79.09,0.71,1317.0763,44935.45,185838.91,415.3203,33080.26,2.08,5.0,16.54,18.62,NORMAL,1732.3966,1833.33,185260.58,0.0,74.25,
226,2025-05-13,2025-05-14,"T+1 (signal at prev close, execute at today open)",BUY,TQQQ,SMA_RECOVERY,BULL_100,RE-ENTRY COMPLETE: VIX=18.2<30 (50-SMA check skipped),24.75,34.755,35.07,-0.9,1035.7741,44935.45,185838.91,287.6363,9996.8,1.44,5.0,5.0,6.44,NORMAL,1323.4104,1833.33,185260.58,0.0,,24.75
227,2025-07-04,2025-07-07,"T+1 (signal at prev close, execute at today open)",SELL,UPRO,BULL_100,BULL_TRIMMED,RSI TRIM: RSI=76.6,56.25,93.49,92.08,1.53,1732.3966,1833.33,219113.65,-414.0585,38710.33,2.07,5.0,19.36,21.43,NORMAL,1318.3381,54748.17,216826.49,0.0,56.25,
228,2025-07-04,2025-07-07,"T+1 (signal at prev close, execute at today open)",SELL,TQQQ,BULL_100,BULL_TRIMMED,RSI TRIM: RSI=76.6,18.75,41.8,41.395,0.98,1323.4104,1833.33,219113.65,-340.5442,14234.75,1.7,5.0,7.12,8.82,NORMAL,982.8662,54748.17,216826.49,0.0,,18.75
229,2025-07-31,2025-08-01,"T+1 (signal at prev close, execute at today open)",BUY,UPRO,BULL_TRIMMED,BULL_100,RSI RECOVERY: RSI=59.4,74.25,94.56,91.85,2.95,1318.3381,54748.17,221870.04,423.8204,40076.46,2.12,5.0,20.04,22.16,NORMAL,1742.1584,2188.88,214595.77,0.0,74.25,
230,2025-07-31,2025-08-01,"T+1 (signal at prev close, execute at today open)",BUY,TQQQ,BULL_TRIMMED,BULL_100,RSI RECOVERY: RSI=59.4,24.75,43.2,41.215,4.82,982.8662,54748.17,221870.04,288.2642,12453.01,1.44,5.0,6.23,7.67,NORMAL,1271.1304,2188.88,214595.77,0.0,,24.75
231,2025-11-18,2025-11-19,"T+1 (signal at prev close, execute at today open)",SELL,UPRO,BULL_100,DEFENSIVE_BOTH,DEFENSIVE BOTH: SPY & QQQ below 50-SMA,37.5,106.29,110.57,-3.87,1742.1584,2188.88,249883.45,-860.5488,91467.73,4.3,5.0,45.73,50.03,NORMAL,881.6097,124872.87,255575.62,0.0,37.5,
232,2025-11-18,2025-11-19,"T+1 (signal at prev close, execute at today open)",SELL,TQQQ,BULL_100,DEFENSIVE_BOTH,DEFENSIVE BOTH: SPY & QQQ below 50-SMA,12.5,49.185,52.315,-5.98,1271.1304,2188.88,249883.45,-636.0703,31285.12,3.18,5.0,15.64,18.82,NORMAL,635.0601,124872.87,255575.62,0.0,,12.5
233,2025-11-27,2025-11-28,"T+1 (signal at prev close, execute at today open)",BUY,UPRO,DEFENSIVE_BOTH,BULL_100,FULL RECOVERY: both above 50-SMA,74.25,116.42,117.21,-0.67,881.6097,124872.87,261745.96,787.7459,91709.37,3.94,5.0,45.85,49.79,NORMAL,1669.3555,2549.56,263765.92,0.0,74.25,
234,2025-11-27,2025-11-28,"T+1 (signal at prev close, execute at today open)",BUY,TQQQ,DEFENSIVE_BOTH,BULL_100,FULL RECOVERY: both above 50-SMA,24.75,53.91,54.55,-1.17,635.0601,124872.87,261745.96,566.6117,30546.03,2.83,5.0,15.27,18.1,NORMAL,1201.6717,2549.56,263765.92,0.0,,24.75
235,2025-12-15,2025-12-16,"T+1 (signal at prev close, execute at today open)",BUY,UPRO,BULL_100,DEFENSIVE_QQQ,DEFENSIVE QQQ: QQQ below 50-SMA,75.0,114.02,113.75,0.24,1669.3555,2549.56,254463.14,4.4504,507.44,1.0,5.0,0.25,1.25,NORMAL,1673.806,31788.86,254463.96,0.0,75.0,
236,2025-12-15,2025-12-16,"T+1 (signal at prev close, execute at today open)",SELL,TQQQ,BULL_100,DEFENSIVE_QQQ,DEFENSIVE QQQ: QQQ below 50-SMA,12.5,51.24,52.0,-1.46,1201.6717,2549.56,254463.14,-580.9088,29765.77,2.9,5.0,14.88,17.78,NORMAL,620.7629,31788.86,254463.96,0.0,,12.5
237,2025-12-22,2025-12-23,"T+1 (signal at prev close, execute at today open)",SELL,UPRO,DEFENSIVE_QQQ,BULL_100,RECOVERY: QQQ reclaimed 50-SMA,74.25,117.94,119.3,-1.14,1673.806,31788.86,262880.13,-18.8247,2220.18,1.0,5.0,1.11,2.11,NORMAL,1654.9813,2608.11,266009.53,0.0,74.25,
238,2025-12-22,2025-12-23,"T+1 (signal at prev close, execute at today open)",BUY,TQQQ,DEFENSIVE_QQQ,BULL_100,RECOVERY: QQQ reclaimed 50-SMA,24.75,54.26,55.01,-1.36,620.7629,31788.86,262880.13,578.3309,31380.23,2.89,5.0,15.69,18.58,NORMAL,1199.0938,2608.11,266009.53,0.0,,24.75
