date,state,scenario,upro_price,shares,cash,portfolio_value,vix
2020-10-15,OFF_R,15,31.335,0.0,100000.0,100000.0,26.97
2020-10-16,OFF_R,15,30.75,0.0,100000.0,100000.0,27.41
2020-10-19,OFF_R,15,30.09,0.0,100000.0,100000.0,29.18
2020-10-20,OFF_R,15,30.23,0.0,100000.0,100000.0,29.35
2020-10-21,OFF_R,15,29.35,0.0,100000.0,100000.0,28.65
2020-10-22,OFF_R,15,30.39,0.0,100000.0,100000.0,28.11
2020-10-23,OFF_R,15,30.525,0.0,100000.0,100000.0,27.55
2020-10-26,OFF_C5,6,28.905,0.0,100000.0,100000.0,32.46
2020-10-27,OFF_C5,6,28.17,0.0,100000.0,100000.0,33.35
2020-10-28,OFF_C5,6,26.02,0.0,100000.0,100000.0,40.28
2020-10-29,OFF_C5,6,25.88,0.0,100000.0,100000.0,37.59
2020-10-30,OFF_C5,6,25.83,0.0,100000.0,100000.0,38.02
2020-11-02,OFF_C5,6,26.635,0.0,100000.0,100000.0,37.13
2020-11-03,OFF_C5,6,28.415,0.0,100000.0,100000.0,35.55
2020-11-04,OFF_C4,15,29.72,0.0,100000.0,100000.0,29.57
2020-11-05,OFF_C3,15,31.325,0.0,100000.0,100000.0,27.58
2020-11-06,OFF_C2,14,31.655,0.0,100000.0,100000.0,24.86
2020-11-09,OFF_C1,14,32.645,0.0,100000.0,100000.0,25.75
2020-11-10,OFF_R,14,32.37,0.0,100000.0,100000.0,24.8
2020-11-11,FULL,14,33.225,2257.3363,24961.5,99961.5,23.45
2020-11-12,FULL,15,32.26,2257.3363,24961.5,97783.17,25.35
2020-11-13,FULL,14,33.62,2257.3363,24961.5,100853.15,23.1
2020-11-16,FULL,14,34.745,2257.3363,24961.5,103392.65,22.45
2020-11-17,FULL,14,34.33,2257.3363,24961.5,102455.86,22.71
2020-11-18,FULL,15,33.0,2257.3363,24961.5,99453.6,23.84
2020-11-19,FULL,15,32.625,2257.3363,24961.5,98607.1,23.11
2020-11-20,FULL,15,32.69,2257.3363,24961.5,98753.83,23.7
2020-11-23,FULL,14,33.875,2257.3363,24961.5,101428.77,22.66
2020-11-24,FULL,14,35.22,2257.3363,24961.5,104464.89,21.64
2020-11-25,FULL,14,34.915,2257.3363,24961.5,103776.4,21.25
2020-11-27,FULL,14,35.03,2257.3363,24961.5,104035.99,20.84
2020-11-30,FULL,14,35.095,2257.3363,24961.5,104182.72,20.57
2020-12-01,FULL,14,35.625,2257.3363,24961.5,105379.11,20.77
2020-12-02,FULL,14,35.89,2257.3363,24961.5,105977.3,21.17
2020-12-03,FULL,14,36.015,2257.3363,24961.5,106259.47,21.28
2020-12-04,FULL,14,36.705,2257.3363,24961.5,107817.03,20.79
2020-12-07,FULL,14,36.355,2257.3363,24961.5,107026.96,21.3
2020-12-08,FULL,14,37.075,2257.3363,24961.5,108652.24,20.68
2020-12-09,FULL,14,36.115,2257.3363,24961.5,106485.2,22.27
2020-12-10,FULL,14,36.045,2257.3363,24961.5,106327.19,22.52
2020-12-11,FULL,15,35.71,2257.3363,24961.5,105570.98,23.31
2020-12-14,FULL,15,35.525,2257.3363,24961.5,105153.37,24.72
2020-12-15,FULL,14,36.655,2257.3363,24961.5,107704.16,22.89
2020-12-16,FULL,14,36.94,2257.3363,24961.5,108347.5,22.5
2020-12-17,FULL,14,37.535,2257.3363,24961.5,109690.62,21.93
2020-12-18,FULL,14,37.48,2257.3363,24961.5,109566.47,21.57
2020-12-21,FULL,15,36.62,2257.3363,24961.5,107625.16,25.16
2020-12-22,FULL,15,36.6,2257.3363,24961.5,107580.01,24.23
2020-12-23,FULL,15,36.625,2257.3363,24961.5,107636.44,23.31
2020-12-24,FULL,14,37.01,2257.3363,24961.5,108505.52,21.53
2020-12-28,FULL,14,38.11,2257.3363,24961.5,110988.59,21.7
2020-12-29,FULL,14,37.75,2257.3363,24961.5,110175.95,23.08
2020-12-30,FULL,14,37.905,2257.3363,24961.5,110525.83,22.77
2020-12-31,FULL,14,38.58,2257.3363,24961.5,112049.54,22.75
2021-01-04,FULL,15,36.82,2257.3363,24961.5,108076.62,26.97
2021-01-05,FULL,15,37.545,2257.3363,24961.5,109713.19,25.34
2021-01-06,FULL,14,38.605,2257.3363,24961.5,112105.97,25.07
2021-01-07,FULL,14,40.16,2257.3363,24961.5,115616.13,22.37
2021-01-08,FULL,14,40.83,2257.3363,24961.5,117128.54,21.56
2021-01-11,FULL,14,40.025,2257.3363,24961.5,115311.39,24.08
2021-01-12,FULL,14,39.965,2257.3363,24961.5,115175.95,23.33
2021-01-13,FULL,14,40.305,2257.3363,24961.5,115943.44,22.21
2021-01-14,FULL,14,39.95,2257.3363,24961.5,115142.09,23.25
2021-01-15,FULL,15,38.75,2257.3363,24961.5,112433.28,24.34
2021-01-19,FULL,14,40.155,2257.3363,24961.5,115604.84,23.24
2021-01-20,FULL,14,41.59,2257.3363,24961.5,118844.12,21.58
2021-01-21,FULL,14,41.55,2257.3363,24961.5,118753.83,21.32
2021-01-22,FULL,14,41.095,2257.3363,24961.5,117726.74,21.91
2021-01-25,FULL,14,41.525,2257.3363,24961.5,118697.39,23.19
2021-01-26,FULL,14,41.46,2257.3363,24961.5,118550.66,23.02
2021-01-27,OFF_C5,3,37.155,0.0,108789.9,108789.9,37.21
2021-01-28,OFF_C5,3,38.83,0.0,108789.9,108789.9,30.21
2021-01-29,OFF_C5,6,36.905,0.0,108789.9,108789.9,33.09
2021-02-01,OFF_C5,3,39.015,0.0,108789.9,108789.9,30.24
2021-02-02,OFF_C4,15,40.825,0.0,108789.9,108789.9,25.56
2021-02-03,OFF_C3,15,40.845,0.0,108789.9,108789.9,22.91
2021-02-04,OFF_C2,15,41.86,0.0,108789.9,108789.9,21.77
2021-02-05,OFF_C1,14,42.555,0.0,108789.9,108789.9,20.87
2021-02-08,OFF_R,14,43.34,0.0,108789.9,108789.9,21.24
2021-02-09,FULL,14,43.385,1880.6597,27155.68,108748.1,21.63
2021-02-10,FULL,14,43.245,1880.6597,27155.68,108484.81,21.99
2021-02-11,FULL,14,43.395,1880.6597,27155.68,108766.91,21.25
2021-02-12,FULL,14,44.2,1880.6597,27155.68,110280.84,19.97
2021-02-16,FULL,14,43.71,1880.6597,27155.68,109359.31,21.46
2021-02-17,FULL,14,44.025,1880.6597,27155.68,109951.72,21.5
2021-02-18,FULL,15,43.17,1880.6597,27155.68,108343.76,22.49
2021-02-19,FULL,15,42.995,1880.6597,27155.68,108014.64,22.05
2021-02-22,FULL,15,42.31,1880.6597,27155.68,106726.39,23.45
2021-02-23,FULL,15,42.225,1880.6597,27155.68,106566.53,23.11
2021-02-24,FULL,14,44.12,1880.6597,27155.68,110130.38,21.34
2021-02-25,FULL,15,40.415,1880.6597,27155.68,103162.54,28.89
2021-02-26,FULL,15,39.76,1880.6597,27155.68,101930.71,27.95
2021-03-01,FULL,15,43.015,1880.6597,27155.68,108052.26,23.35
2021-03-02,FULL,15,42.135,1880.6597,27155.68,106397.28,24.1
2021-03-03,HALF,18,39.5,963.0545,63381.96,101422.61,26.67
2021-03-04,HALF,18,38.355,963.0545,63381.96,100319.92,28.57
2021-03-05,HALF_R1,15,40.86,942.8448,64206.32,102730.96,24.66
2021-03-08,FULL,15,40.735,1889.2801,25633.0,102592.82,25.47
2021-03-09,FULL,15,42.015,1889.2801,25633.0,105011.1,24.03
2021-03-10,FULL,15,42.73,1889.2801,25633.0,106361.94,22.56
2021-03-11,FULL,15,44.14,1889.2801,25633.0,109025.82,21.91
2021-03-12,FULL,15,44.15,1889.2801,25633.0,109044.71,20.69
2021-03-15,FULL,15,44.75,1889.2801,25633.0,110178.28,20.03
2021-03-16,FULL,14,44.85,1889.2801,25633.0,110367.21,19.79
2021-03-17,FULL,14,45.45,1889.2801,25633.0,111500.78,19.23
2021-03-18,FULL,15,43.335,1889.2801,25633.0,107504.95,21.58
2021-03-19,FULL,15,42.95,1889.2801,25633.0,106777.58,20.95
2021-03-22,FULL,15,44.21,1889.2801,25633.0,109158.07,18.88
2021-03-23,FULL,15,42.915,1889.2801,25633.0,106711.45,20.3
2021-03-24,FULL,15,42.495,1889.2801,25633.0,105917.96,21.2
2021-03-25,FULL,15,43.19,1889.2801,25633.0,107231.01,19.81
2021-03-26,FULL,15,44.995,1889.2801,25633.0,110641.16,18.86
2021-03-29,FULL,15,45.15,1889.2801,25633.0,110933.99,20.74
2021-03-30,FULL,15,44.605,1889.2801,25633.0,109904.34,19.61
2021-03-31,FULL,15,45.245,1889.2801,25633.0,111113.48,19.4
2021-04-01,FULL,14,46.825,1889.2801,25633.0,114098.54,17.33
2021-04-05,FULL,14,48.755,1889.2801,25633.0,117744.85,17.91
2021-04-06,FULL,14,48.755,1889.2801,25633.0,117744.85,18.12
2021-04-07,FULL,14,49.065,1889.2801,25633.0,118330.53,17.16
2021-04-08,FULL,14,49.715,1889.2801,25633.0,119558.56,16.95
2021-04-09,FULL,14,50.185,1889.2801,25633.0,120446.52,16.69
2021-04-12,FULL,14,50.6,1889.2801,25633.0,121230.57,16.91
2021-04-13,FULL,14,50.9,1889.2801,25633.0,121797.36,16.65
2021-04-14,FULL,14,50.535,1889.2801,25633.0,121107.77,16.99
2021-04-15,FULL,14,52.035,1889.2801,25633.0,123941.69,16.57
2021-04-16,TRIM,13,52.525,1337.2286,54614.0,124851.94,16.25
2021-04-19,FULL,14,52.0,1790.6234,31024.68,124137.1,17.29
2021-04-20,FULL,14,50.515,1790.6234,31024.68,121478.03,18.68
2021-04-21,FULL,14,51.695,1790.6234,31024.68,123590.96,17.5
2021-04-22,FULL,14,50.78,1790.6234,31024.68,121952.54,18.71
2021-04-23,FULL,14,52.15,1790.6234,31024.68,124405.7,17.33
2021-04-26,FULL,14,52.73,1790.6234,31024.68,125444.26,17.64
2021-04-27,FULL,14,52.635,1790.6234,31024.68,125274.15,17.56
2021-04-28,FULL,14,52.9,1790.6234,31024.68,125748.67,17.28
2021-04-29,FULL,14,53.15,1790.6234,31024.68,126196.32,17.61
2021-04-30,FULL,14,52.505,1790.6234,31024.68,125041.37,18.61
2021-05-03,FULL,14,52.56,1790.6234,31024.68,125139.85,18.31
2021-05-04,FULL,15,51.8,1790.6234,31024.68,123778.98,19.48
2021-05-05,FULL,15,51.825,1790.6234,31024.68,123823.75,19.15
2021-05-06,FULL,14,53.1,1790.6234,31024.68,126106.79,18.39
2021-05-07,FULL,14,54.35,1790.6234,31024.68,128345.07,16.69
2021-05-10,FULL,15,52.65,1790.6234,31024.68,125301.01,19.66
2021-05-11,FULL,15,51.23,1790.6234,31024.68,122758.32,21.84
2021-05-12,FULL,15,48.19,1790.6234,31024.68,117314.83,27.59
2021-05-13,FULL,15,49.98,1790.6234,31024.68,120520.04,23.13
2021-05-14,FULL,15,52.25,1790.6234,31024.68,124584.76,18.81
2021-05-17,FULL,15,51.825,1790.6234,31024.68,123823.75,19.72
2021-05-18,FULL,15,49.805,1790.6234,31024.68,120206.69,21.34
2021-05-19,FULL,15,49.435,1790.6234,31024.68,119544.15,22.18
2021-05-20,FULL,15,51.63,1790.6234,31024.68,123474.57,20.67
2021-05-21,FULL,15,51.28,1790.6234,31024.68,122847.86,20.15
2021-05-24,FULL,15,53.15,1790.6234,31024.68,126196.32,18.4
2021-05-25,FULL,15,52.81,1790.6234,31024.68,125587.51,18.84
2021-05-26,FULL,15,52.795,1790.6234,31024.68,125560.65,17.36
2021-05-27,FULL,15,53.605,1790.6234,31024.68,127011.05,16.74
2021-05-28,FULL,15,53.19,1790.6234,31024.68,126267.95,16.76
2021-06-01,FULL,15,52.875,1790.6234,31024.68,125703.9,17.9
2021-06-02,FULL,15,53.395,1790.6234,31024.68,126635.02,17.48
2021-06-03,FULL,15,52.56,1790.6234,31024.68,125139.85,18.04
2021-06-04,FULL,15,54.105,1790.6234,31024.68,127906.37,16.42
2021-06-07,FULL,15,54.015,1790.6234,31024.68,127745.21,16.42
2021-06-08,FULL,15,54.075,1790.6234,31024.68,127852.65,17.07
2021-06-09,FULL,15,53.84,1790.6234,31024.68,127431.85,17.89
2021-06-10,FULL,15,54.485,1790.6234,31024.68,128586.8,16.1
2021-06-11,FULL,14,54.8,1790.6234,31024.68,129150.85,15.65
2021-06-14,FULL,14,55.095,1790.6234,31024.68,129679.08,16.39
2021-06-15,FULL,14,54.83,1790.6234,31024.68,129204.57,17.02
2021-06-16,FULL,15,53.33,1790.6234,31024.68,126518.63,18.15
2021-06-17,FULL,15,53.985,1790.6234,31024.68,127691.49,17.75
2021-06-18,HALF,18,51.245,898.5158,76716.88,122761.33,20.7
2021-06-21,HALF_R1,15,54.05,869.2067,78299.25,125279.87,17.89
2021-06-22,FULL,15,54.86,1722.3468,31471.58,125959.53,16.66
2021-06-23,FULL,15,54.77,1722.3468,31471.58,125804.51,16.32
2021-06-24,FULL,15,55.67,1722.3468,31471.58,127354.63,15.97
2021-06-25,FULL,14,56.01,1722.3468,31471.58,127940.22,15.62
2021-06-28,FULL,14,56.335,1722.3468,31471.58,128499.99,15.76
2021-06-29,FULL,14,56.735,1722.3468,31471.58,129188.93,16.02
2021-06-30,FULL,14,56.995,1722.3468,31471.58,129636.74,15.83
2021-07-01,FULL,14,57.6,1722.3468,31471.58,130678.76,15.48
2021-07-02,FULL,14,58.845,1722.3468,31471.58,132823.08,15.07
2021-07-06,FULL,14,58.315,1722.3468,31471.58,131910.23,16.44
2021-07-07,FULL,14,59.245,1722.3468,31471.58,133512.02,16.2
2021-07-08,FULL,15,57.52,1722.3468,31471.58,130540.97,19.0
2021-07-09,FULL,14,59.68,1722.3468,31471.58,134261.24,16.18
2021-07-12,FULL,14,60.325,1722.3468,31471.58,135372.15,16.17
2021-07-13,FULL,14,59.41,1722.3468,31471.58,133796.2,17.12
2021-07-14,FULL,14,59.84,1722.3468,31471.58,134536.81,16.33
2021-07-15,FULL,15,58.965,1722.3468,31471.58,133029.76,17.01
2021-07-16,FULL,15,57.75,1722.3468,31471.58,130937.11,18.45
2021-07-19,FULL,15,55.64,1722.3468,31471.58,127302.96,22.5
2021-07-20,FULL,15,58.07,1722.3468,31471.58,131488.26,19.73
2021-07-21,FULL,15,59.32,1722.3468,31471.58,133641.19,17.91
2021-07-22,FULL,15,59.875,1722.3468,31471.58,134597.1,17.69
2021-07-23,FULL,14,61.04,1722.3468,31471.58,136603.63,17.2
2021-07-26,FULL,14,61.625,1722.3468,31471.58,137611.2,17.58
2021-07-27,FULL,14,60.755,1722.3468,31471.58,136112.76,19.36
2021-07-28,FULL,14,60.75,1722.3468,31471.58,136104.15,18.31
2021-07-29,FULL,15,60.545,1722.3468,31471.58,135751.07,17.7
2021-07-30,FULL,14,60.875,1722.3468,31471.58,136319.44,18.24
2021-08-02,FULL,15,60.515,1722.3468,31471.58,135699.4,19.46
2021-08-03,FULL,14,61.505,1722.3468,31471.58,137404.52,18.04
2021-08-04,FULL,15,60.965,1722.3468,31471.58,136474.45,17.97
2021-08-05,FULL,14,61.795,1722.3468,31471.58,137904.0,17.28
2021-08-06,FULL,14,62.275,1722.3468,31471.58,138730.73,16.15
2021-08-09,FULL,14,62.065,1722.3468,31471.58,138369.03,16.72
2021-08-10,FULL,14,62.2,1722.3468,31471.58,138601.55,16.79
2021-08-11,FULL,14,62.7,1722.3468,31471.58,139462.72,16.06
2021-08-12,FULL,14,63.255,1722.3468,31471.58,140418.63,15.59
2021-08-13,FULL,14,63.595,1722.3468,31471.58,141004.23,15.45
2021-08-16,FULL,14,64.04,1722.3468,31471.58,141770.67,16.12
2021-08-17,FULL,15,62.485,1722.3468,31471.58,139092.42,17.91
2021-08-18,FULL,15,60.65,1722.3468,31471.58,135931.91,21.57
2021-08-19,FULL,15,60.78,1722.3468,31471.58,136155.82,21.67
2021-08-20,FULL,15,62.625,1722.3468,31471.58,139333.55,18.56
2021-08-23,FULL,14,64.475,1722.3468,31471.58,142519.89,17.15
2021-08-24,FULL,14,64.39,1722.3468,31471.58,142373.49,17.22
2021-08-25,FULL,14,64.88,1722.3468,31471.58,143217.44,16.79
2021-08-26,FULL,15,63.675,1722.3468,31471.58,141142.01,18.84
2021-08-27,FULL,14,65.53,1722.3468,31471.58,144336.97,16.39
2021-08-30,FULL,14,66.36,1722.3468,31471.58,145766.51,16.19
2021-08-31,FULL,14,66.36,1722.3468,31471.58,145766.51,16.48
2021-09-01,FULL,14,66.185,1722.3468,31471.58,145465.1,16.11
2021-09-02,FULL,14,66.69,1722.3468,31471.58,146334.89,16.41
2021-09-03,FULL,14,66.55,1722.3468,31471.58,146093.76,16.41
2021-09-07,FULL,14,65.75,1722.3468,31471.58,144715.88,18.14
2021-09-08,FULL,15,65.475,1722.3468,31471.58,144242.24,17.96
2021-09-09,FULL,15,64.77,1722.3468,31471.58,143027.98,18.8
2021-09-10,FULL,15,63.25,1722.3468,31471.58,140410.02,20.95
2021-09-13,FULL,15,64.065,1722.3468,31471.58,141813.73,19.37
2021-09-14,FULL,15,62.965,1722.3468,31471.58,139919.15,19.46
2021-09-15,FULL,15,64.405,1722.3468,31471.58,142399.33,18.18
2021-09-16,FULL,15,63.62,1722.3468,31471.58,141047.28,18.69
2021-09-17,HALF,18,61.715,837.1114,86075.57,137737.9,20.81
2021-09-20,HALF,18,59.41,837.1114,86075.57,135808.36,25.71
2021-09-21,HALF,18,58.395,837.1114,86075.57,134958.69,24.36
2021-09-22,HALF,18,60.73,837.1114,86075.57,136913.34,20.87
2021-09-23,HALF_R1,15,62.96,826.5969,86736.23,138778.77,18.63
2021-09-24,FULL,15,63.155,1649.9876,34707.99,138912.96,17.75
2021-09-27,HALF,18,62.39,827.3604,86005.04,137624.05,18.76
2021-09-28,HALF,18,59.145,827.3604,86005.04,134939.27,23.25
2021-09-29,HALF,18,59.485,827.3604,86005.04,135220.57,22.56
2021-09-30,HALF,18,57.165,827.3604,86005.04,133301.09,23.14
2021-10-01,HALF,18,59.125,827.3604,86005.04,134922.72,21.15
2021-10-04,HALF,18,56.65,827.3604,86005.04,132875.0,22.96
2021-10-05,HALF,18,58.075,827.3604,86005.04,134053.99,21.3
2021-10-06,HALF,18,59.545,827.3604,86005.04,135270.21,21.0
2021-10-07,HALF,18,60.75,827.3604,86005.04,136267.18,19.54
2021-10-08,HALF,18,60.05,827.3604,86005.04,135688.03,18.77
2021-10-11,HALF,18,58.76,827.3604,86005.04,134620.73,20.0
2021-10-12,HALF,18,57.985,827.3604,86005.04,133979.53,19.85
2021-10-13,HALF,18,59.375,827.3604,86005.04,135129.56,18.64
2021-10-14,HALF_R1,15,62.405,827.0759,86021.78,137635.45,16.86
2021-10-15,FULL,15,63.405,1637.8345,34588.93,138435.83,16.3
2021-10-18,FULL,15,64.115,1637.8345,34588.93,139598.69,16.31
2021-10-19,FULL,14,65.745,1637.8345,34588.93,142268.36,15.7
2021-10-20,FULL,14,65.985,1637.8345,34588.93,142661.44,15.49
2021-10-21,FULL,14,66.37,1637.8345,34588.93,143292.01,15.01
2021-10-22,FULL,14,66.345,1637.8345,34588.93,143251.06,15.43
2021-10-25,FULL,14,67.965,1637.8345,34588.93,145904.35,15.24
2021-10-26,FULL,14,68.075,1637.8345,34588.93,146084.51,15.98
2021-10-27,FULL,14,67.38,1637.8345,34588.93,144946.22,16.98
2021-10-28,FULL,14,68.305,1637.8345,34588.93,146461.22,16.53
2021-10-29,FULL,14,69.475,1637.8345,34588.93,148377.48,16.26
2021-11-01,FULL,14,69.625,1637.8345,34588.93,148623.16,16.41
2021-11-02,FULL,14,70.29,1637.8345,34588.93,149712.32,16.03
2021-11-03,FULL,14,72.125,1637.8345,34588.93,152717.74,15.1
2021-11-04,TRIM,13,72.925,1188.0803,67369.86,154010.61,15.44
2021-11-05,TRIM,13,73.34,1188.0803,67369.86,154503.67,16.48
2021-11-08,TRIM,13,73.595,1188.0803,67369.86,154806.63,17.22
2021-11-09,FULL,14,72.7,1586.0725,38420.36,153727.83,17.78
2021-11-10,FULL,14,71.13,1586.0725,38420.36,151237.69,18.73
2021-11-11,FULL,14,71.65,1586.0725,38420.36,152062.45,17.66
2021-11-12,FULL,14,73.15,1586.0725,38420.36,154441.56,16.29
2021-11-15,FULL,14,72.97,1586.0725,38420.36,154156.07,16.49
2021-11-16,FULL,14,73.875,1586.0725,38420.36,155591.46,16.37
2021-11-17,FULL,14,73.385,1586.0725,38420.36,154814.29,17.11
2021-11-18,FULL,14,74.155,1586.0725,38420.36,156035.56,17.59
2021-11-19,FULL,14,73.725,1586.0725,38420.36,155353.55,17.91
2021-11-22,FULL,14,73.25,1586.0725,38420.36,154600.17,19.17
2021-11-23,FULL,14,73.13,1586.0725,38420.36,154409.84,19.38
2021-11-24,FULL,14,74.0,1586.0725,38420.36,155789.72,18.58
2021-11-26,FULL,15,68.185,1586.0725,38420.36,146566.71,28.62
2021-11-29,FULL,15,72.01,1586.0725,38420.36,152633.44,22.96
2021-11-30,FULL,15,68.305,1586.0725,38420.36,146757.04,27.19
2021-12-01,OFF_C5,6,65.81,0.0,142746.6,142746.6,31.12
2021-12-02,OFF_C4,15,67.36,0.0,142746.6,142746.6,27.95
2021-12-03,OFF_C5,3,66.435,0.0,142746.6,142746.6,30.67
2021-12-06,OFF_C4,15,68.635,0.0,142746.6,142746.6,27.18
2021-12-07,OFF_C3,15,73.0,0.0,142746.6,142746.6,21.89
2021-12-08,OFF_C2,15,73.295,0.0,142746.6,142746.6,19.9
2021-12-09,OFF_C1,15,72.215,0.0,142746.6,142746.6,21.58
2021-12-10,OFF_R,15,73.8,0.0,142746.6,142746.6,18.69
2021-12-13,FULL,15,72.16,1483.6467,35632.12,142692.07,20.31
2021-12-14,FULL,15,70.43,1483.6467,35632.12,140125.36,21.89
2021-12-15,FULL,15,74.06,1483.6467,35632.12,145511.0,19.29
2021-12-16,FULL,15,71.725,1483.6467,35632.12,142046.68,20.57
2021-12-17,FULL,15,70.2,1483.6467,35632.12,139784.12,21.57
2021-12-20,HALF,18,68.13,752.4932,85419.7,136687.07,22.87
2021-12-21,HALF_R1,15,70.705,735.2277,86638.85,138623.13,21.01
2021-12-22,FULL,15,73.15,1439.7207,35078.42,140393.99,18.63
2021-12-23,FULL,15,74.29,1439.7207,35078.42,142035.27,17.96
2021-12-27,FULL,14,77.235,1439.7207,35078.42,146275.25,17.68
2021-12-28,FULL,14,77.59,1439.7207,35078.42,146786.35,17.54
2021-12-29,FULL,14,77.28,1439.7207,35078.42,146340.04,16.95
2021-12-30,FULL,14,76.875,1439.7207,35078.42,145756.95,17.33
2021-12-31,FULL,15,76.5,1439.7207,35078.42,145217.05,17.22
2022-01-03,FULL,14,77.49,1439.7207,35078.42,146642.38,16.6
2022-01-04,FULL,14,77.225,1439.7207,35078.42,146260.85,16.91
2022-01-05,FULL,15,73.385,1439.7207,35078.42,140732.32,19.73
2022-01-06,FULL,15,73.325,1439.7207,35078.42,140645.94,19.61
2022-01-07,HALF,18,72.1,722.342,86774.57,138855.42,18.76
2022-01-10,HALF,18,71.86,722.342,86774.57,138682.06,19.4
2022-01-11,HALF_R1,15,73.595,713.0341,87458.23,139933.98,18.41
2022-01-12,FULL,15,74.175,1419.0853,35059.7,140320.36,17.62
2022-01-13,HALF,18,71.22,716.7595,85053.34,136100.95,20.31
2022-01-14,HALF,18,71.4,716.7595,85053.34,136229.96,19.19
2022-01-18,HALF,18,67.29,716.7595,85053.34,133284.08,22.79
2022-01-19,HALF,18,64.95,716.7595,85053.34,131606.87,23.85
2022-01-20,HALF,18,62.61,716.7595,85053.34,129929.65,25.59
2022-01-21,OFF_C5,24,59.0,0.0,127320.0,127320.0,28.85
2022-01-24,OFF_C5,24,60.07,0.0,127320.0,127320.0,29.9
2022-01-25,OFF_C5,12,58.22,0.0,127320.0,127320.0,31.16
2022-01-26,OFF_C5,12,58.52,0.0,127320.0,127320.0,31.96
2022-01-27,OFF_C5,12,57.61,0.0,127320.0,127320.0,30.49
2022-01-28,OFF_C5,24,61.0,0.0,127320.0,127320.0,27.66
2022-01-31,OFF_C4,18,63.72,0.0,127320.0,127320.0,24.83
2022-02-01,OFF_C3,18,66.19,0.0,127320.0,127320.0,21.96
2022-02-02,OFF_C2,18,65.33,0.0,127320.0,127320.0,22.09
2022-02-03,OFF_C1,18,64.77,0.0,127320.0,127320.0,24.35
2022-02-04,OFF_R,18,63.5,0.0,127320.0,127320.0,23.22
2022-02-07,FULL,18,63.21,1510.6787,31781.26,127271.26,22.86
2022-02-08,HALF,18,64.86,750.2537,81076.76,129738.22,21.44
2022-02-09,HALF,18,67.2,750.2537,81076.76,131493.81,19.96
2022-02-10,HALF,18,63.22,750.2537,81076.76,128507.8,23.91
2022-02-11,OFF_C5,24,59.98,0.0,126053.48,126053.48,27.36
2022-02-14,OFF_C5,24,59.59,0.0,126053.48,126053.48,28.33
2022-02-15,OFF_C4,18,61.6,0.0,126053.48,126053.48,25.7
2022-02-16,OFF_C3,18,61.95,0.0,126053.48,126053.48,24.29
2022-02-17,OFF_C5,24,58.47,0.0,126053.48,126053.48,28.11
2022-02-18,OFF_C5,24,56.42,0.0,126053.48,126053.48,27.75
2022-02-22,OFF_C5,24,56.3,0.0,126053.48,126053.48,28.81
2022-02-23,OFF_C5,12,52.29,0.0,126053.48,126053.48,31.02
2022-02-24,OFF_C5,12,53.85,0.0,126053.48,126053.48,30.32
2022-02-25,OFF_C5,24,58.45,0.0,126053.48,126053.48,27.59
2022-02-28,OFF_C5,12,58.2,0.0,126053.48,126053.48,30.15
2022-03-01,OFF_C5,12,55.8,0.0,126053.48,126053.48,33.32
2022-03-02,OFF_C5,12,58.06,0.0,126053.48,126053.48,30.74
2022-03-03,OFF_C5,12,57.89,0.0,126053.48,126053.48,30.48
2022-03-04,OFF_C5,12,55.62,0.0,126053.48,126053.48,31.98
2022-03-07,OFF_C5,12,50.68,0.0,126053.48,126053.48,36.45
2022-03-08,OFF_C5,12,50.01,0.0,126053.48,126053.48,35.13
2022-03-09,OFF_C5,12,53.83,0.0,126053.48,126053.48,32.45
2022-03-10,OFF_C5,12,53.5,0.0,126053.48,126053.48,30.23
2022-03-11,OFF_C5,12,51.15,0.0,126053.48,126053.48,30.75
2022-03-14,OFF_C5,12,50.32,0.0,126053.48,126053.48,31.77
2022-03-15,OFF_C5,24,53.0,0.0,126053.48,126053.48,29.83
2022-03-16,OFF_C5,24,57.08,0.0,126053.48,126053.48,26.67
2022-03-17,OFF_C5,24,58.0,0.0,126053.48,126053.48,25.67
2022-03-18,OFF_C5,21,61.06,0.0,126053.48,126053.48,23.87
2022-03-21,OFF_C5,21,60.56,0.0,126053.48,126053.48,23.53
2022-03-22,OFF_C4,14,63.19,0.0,126053.48,126053.48,22.94
2022-03-23,OFF_C5,21,60.74,0.0,126053.48,126053.48,23.57
2022-03-24,OFF_C4,15,63.11,0.0,126053.48,126053.48,21.67
2022-03-25,OFF_C3,15,64.03,0.0,126053.48,126053.48,20.81
2022-03-28,OFF_C2,14,65.51,0.0,126053.48,126053.48,19.63
2022-03-29,OFF_C1,14,67.74,0.0,126053.48,126053.48,18.9
2022-03-30,OFF_R,14,66.73,0.0,126053.48,126053.48,19.33
2022-03-31,FULL,15,64.24,1471.6704,31465.1,126005.21,20.56
2022-04-01,FULL,15,64.19,1471.6704,31465.1,125931.63,19.63
2022-04-04,FULL,15,65.57,1471.6704,31465.1,127962.53,18.57
2022-04-05,FULL,15,63.41,1471.6704,31465.1,124783.72,21.03
2022-04-06,OFF_C5,21,60.88,0.0,121014.6,121014.6,22.1
2022-04-07,OFF_C4,15,62.5,0.0,121014.6,121014.6,21.55
2022-04-08,OFF_C5,21,61.73,0.0,121014.6,121014.6,21.16
2022-04-11,OFF_C5,24,58.43,0.0,121014.6,121014.6,24.37
2022-04-12,OFF_C5,24,58.46,0.0,121014.6,121014.6,24.26
2022-04-13,OFF_C5,21,59.83,0.0,121014.6,121014.6,21.82
2022-04-14,OFF_C5,24,57.55,0.0,121014.6,121014.6,22.7
2022-04-18,OFF_C5,24,58.62,0.0,121014.6,121014.6,22.17
2022-04-19,OFF_C5,21,59.91,0.0,121014.6,121014.6,21.37
2022-04-20,OFF_C5,21,61.08,0.0,121014.6,121014.6,20.32
2022-04-21,OFF_C5,24,57.25,0.0,121014.6,121014.6,22.68
2022-04-22,OFF_C5,24,52.3,0.0,121014.6,121014.6,28.21
2022-04-25,OFF_C5,24,53.78,0.0,121014.6,121014.6,27.02
2022-04-26,OFF_C5,12,49.38,0.0,121014.6,121014.6,33.52
2022-04-27,OFF_C5,12,50.71,0.0,121014.6,121014.6,31.6
2022-04-28,OFF_C5,24,51.85,0.0,121014.6,121014.6,29.99
2022-04-29,OFF_C5,12,47.86,0.0,121014.6,121014.6,33.4
2022-05-02,OFF_C5,12,48.11,0.0,121014.6,121014.6,32.34
2022-05-03,OFF_C5,24,49.13,0.0,121014.6,121014.6,29.25
2022-05-04,OFF_C5,24,53.08,0.0,121014.6,121014.6,25.42
2022-05-05,OFF_C5,12,47.85,0.0,121014.6,121014.6,31.2
2022-05-06,OFF_C5,12,46.51,0.0,121014.6,121014.6,30.19
2022-05-09,OFF_C5,12,42.71,0.0,121014.6,121014.6,34.75
2022-05-10,OFF_C5,12,42.48,0.0,121014.6,121014.6,32.99
2022-05-11,OFF_C5,12,40.87,0.0,121014.6,121014.6,32.56
2022-05-12,OFF_C5,12,40.92,0.0,121014.6,121014.6,31.77
2022-05-13,OFF_C5,24,43.3,0.0,121014.6,121014.6,28.87
2022-05-16,OFF_C5,24,42.89,0.0,121014.6,121014.6,27.47
2022-05-17,OFF_C5,24,45.4,0.0,121014.6,121014.6,26.1
2022-05-18,OFF_C5,12,39.19,0.0,121014.6,121014.6,30.96
2022-05-19,OFF_C5,24,39.51,0.0,121014.6,121014.6,29.35
2022-05-20,OFF_C5,24,39.5,0.0,121014.6,121014.6,29.43
2022-05-23,OFF_C5,24,40.67,0.0,121014.6,121014.6,28.48
2022-05-24,OFF_C5,24,40.96,0.0,121014.6,121014.6,29.45
2022-05-25,OFF_C5,24,41.36,0.0,121014.6,121014.6,28.37
2022-05-26,OFF_C5,24,44.1,0.0,121014.6,121014.6,27.5
2022-05-27,OFF_C5,24,47.74,0.0,121014.6,121014.6,25.72
2022-05-31,OFF_C5,24,46.98,0.0,121014.6,121014.6,26.19
2022-06-01,OFF_C5,24,44.95,0.0,121014.6,121014.6,25.69
2022-06-02,OFF_C5,24,48.12,0.0,121014.6,121014.6,24.72
2022-06-03,OFF_C5,24,45.44,0.0,121014.6,121014.6,24.79
2022-06-06,OFF_C5,24,45.9,0.0,121014.6,121014.6,25.07
2022-06-07,OFF_C5,24,46.85,0.0,121014.6,121014.6,24.02
2022-06-08,OFF_C5,24,45.86,0.0,121014.6,121014.6,23.96
2022-06-09,OFF_C5,24,42.63,0.0,121014.6,121014.6,26.09
2022-06-10,OFF_C5,24,38.77,0.0,121014.6,121014.6,27.75
2022-06-13,OFF_C5,12,34.54,0.0,121014.6,121014.6,34.02
2022-06-14,OFF_C5,12,34.47,0.0,121014.6,121014.6,32.69
2022-06-15,OFF_C5,24,36.12,0.0,121014.6,121014.6,29.62
2022-06-16,OFF_C5,12,32.1,0.0,121014.6,121014.6,32.95
2022-06-17,OFF_C5,12,32.2,0.0,121014.6,121014.6,31.13
2022-06-21,OFF_C5,12,34.38,0.0,121014.6,121014.6,30.19
2022-06-22,OFF_C5,24,33.8,0.0,121014.6,121014.6,28.95
2022-06-23,OFF_C5,24,34.96,0.0,121014.6,121014.6,29.05
2022-06-24,OFF_C5,24,38.59,0.0,121014.6,121014.6,27.23
2022-06-27,OFF_C5,24,38.34,0.0,121014.6,121014.6,26.95
2022-06-28,OFF_C5,24,36.02,0.0,121014.6,121014.6,28.36
2022-06-29,OFF_C5,24,35.67,0.0,121014.6,121014.6,28.16
2022-06-30,OFF_C5,24,34.94,0.0,121014.6,121014.6,28.71
2022-07-01,OFF_C5,24,35.95,0.0,121014.6,121014.6,26.7
2022-07-05,OFF_C5,24,35.86,0.0,121014.6,121014.6,27.54
2022-07-06,OFF_C5,24,36.64,0.0,121014.6,121014.6,26.73
2022-07-07,OFF_C5,24,37.93,0.0,121014.6,121014.6,26.08
2022-07-08,OFF_C5,24,38.1,0.0,121014.6,121014.6,24.64
2022-07-11,OFF_C5,24,36.93,0.0,121014.6,121014.6,26.17
2022-07-12,OFF_C5,24,35.71,0.0,121014.6,121014.6,27.29
2022-07-13,OFF_C5,24,34.56,0.0,121014.6,121014.6,26.82
2022-07-14,OFF_C5,24,35.4,0.0,121014.6,121014.6,26.4
2022-07-15,OFF_C5,24,36.94,0.0,121014.6,121014.6,24.23
2022-07-18,OFF_C5,24,36.29,0.0,121014.6,121014.6,25.3
2022-07-19,OFF_C5,21,39.12,0.0,121014.6,121014.6,24.5
2022-07-20,OFF_C5,21,39.52,0.0,121014.6,121014.6,23.88
2022-07-21,OFF_C5,21,40.36,0.0,121014.6,121014.6,23.11
2022-07-22,OFF_C5,21,39.46,0.0,121014.6,121014.6,23.03
2022-07-25,OFF_C5,21,39.37,0.0,121014.6,121014.6,23.36
2022-07-26,OFF_C5,21,39.34,0.0,121014.6,121014.6,24.69
2022-07-27,OFF_C5,21,41.29,0.0,121014.6,121014.6,23.24
2022-07-28,OFF_C5,20,43.65,0.0,121014.6,121014.6,22.33
2022-07-29,OFF_C5,20,44.71,0.0,121014.6,121014.6,21.33
2022-08-01,OFF_C5,20,44.35,0.0,121014.6,121014.6,22.84
2022-08-02,OFF_C5,20,43.54,0.0,121014.6,121014.6,23.93
2022-08-03,OFF_C5,20,45.35,0.0,121014.6,121014.6,21.95
2022-08-04,OFF_C5,20,45.46,0.0,121014.6,121014.6,21.44
2022-08-05,OFF_C5,20,44.81,0.0,121014.6,121014.6,21.15
2022-08-08,OFF_C5,20,45.4,0.0,121014.6,121014.6,21.29
2022-08-09,OFF_C5,20,44.57,0.0,121014.6,121014.6,21.77
2022-08-10,OFF_C5,20,47.33,0.0,121014.6,121014.6,19.74
2022-08-11,OFF_C5,20,47.38,0.0,121014.6,121014.6,20.2
2022-08-12,OFF_C5,20,49.68,0.0,121014.6,121014.6,19.53
2022-08-15,OFF_C5,20,50.1,0.0,121014.6,121014.6,19.95
2022-08-16,OFF_C5,20,50.54,0.0,121014.6,121014.6,19.69
2022-08-17,OFF_C5,20,49.19,0.0,121014.6,121014.6,19.9
2022-08-18,OFF_C5,20,49.75,0.0,121014.6,121014.6,19.56
2022-08-19,OFF_C5,21,47.48,0.0,121014.6,121014.6,20.6
2022-08-22,OFF_C5,21,45.15,0.0,121014.6,121014.6,23.8
2022-08-23,OFF_C5,21,44.45,0.0,121014.6,121014.6,24.11
2022-08-24,OFF_C5,21,44.92,0.0,121014.6,121014.6,22.82
2022-08-25,OFF_C5,21,46.62,0.0,121014.6,121014.6,21.78
2022-08-26,OFF_C5,21,41.6,0.0,121014.6,121014.6,25.56
2022-08-29,OFF_C5,21,41.49,0.0,121014.6,121014.6,26.21
2022-08-30,OFF_C5,24,39.8,0.0,121014.6,121014.6,26.21
2022-08-31,OFF_C5,24,38.29,0.0,121014.6,121014.6,25.87
2022-09-01,OFF_C5,24,39.28,0.0,121014.6,121014.6,25.56
2022-09-02,OFF_C5,24,38.1,0.0,121014.6,121014.6,25.47
2022-09-06,OFF_C5,24,37.38,0.0,121014.6,121014.6,26.91
2022-09-07,OFF_C5,24,39.45,0.0,121014.6,121014.6,24.64
2022-09-08,OFF_C5,24,40.42,0.0,121014.6,121014.6,23.61
2022-09-09,OFF_C5,21,42.18,0.0,121014.6,121014.6,22.79
2022-09-12,OFF_C5,21,43.65,0.0,121014.6,121014.6,23.87
2022-09-13,OFF_C5,24,38.1,0.0,121014.6,121014.6,27.27
2022-09-14,OFF_C5,24,38.43,0.0,121014.6,121014.6,26.16
2022-09-15,OFF_C5,24,36.2,0.0,121014.6,121014.6,26.27
2022-09-16,OFF_C5,24,36.58,0.0,121014.6,121014.6,26.3
2022-09-19,OFF_C5,24,37.25,0.0,121014.6,121014.6,25.76
2022-09-20,OFF_C5,24,35.67,0.0,121014.6,121014.6,27.16
2022-09-21,OFF_C5,24,33.2,0.0,121014.6,121014.6,27.99
2022-09-22,OFF_C5,24,33.09,0.0,121014.6,121014.6,27.35
2022-09-23,OFF_C5,24,31.22,0.0,121014.6,121014.6,29.92
2022-09-26,OFF_C5,12,30.5,0.0,121014.6,121014.6,32.26
2022-09-27,OFF_C5,12,30.14,0.0,121014.6,121014.6,32.6
2022-09-28,OFF_C5,12,31.68,0.0,121014.6,121014.6,30.18
2022-09-29,OFF_C5,12,30.16,0.0,121014.6,121014.6,31.84
2022-09-30,OFF_C5,12,28.59,0.0,121014.6,121014.6,31.62
2022-10-03,OFF_C5,12,30.9,0.0,121014.6,121014.6,30.1
2022-10-04,OFF_C5,24,33.23,0.0,121014.6,121014.6,29.07
2022-10-05,OFF_C5,24,33.63,0.0,121014.6,121014.6,28.55
2022-10-06,OFF_C5,12,31.91,0.0,121014.6,121014.6,30.52
2022-10-07,OFF_C5,12,29.29,0.0,121014.6,121014.6,31.36
2022-10-10,OFF_C5,12,29.01,0.0,121014.6,121014.6,32.45
2022-10-11,OFF_C5,12,28.35,0.0,121014.6,121014.6,33.63
2022-10-12,OFF_C5,12,28.2,0.0,121014.6,121014.6,33.57
2022-10-13,OFF_C5,12,30.13,0.0,121014.6,121014.6,31.94
2022-10-14,OFF_C5,12,27.87,0.0,121014.6,121014.6,32.02
2022-10-17,OFF_C5,12,30.96,0.0,121014.6,121014.6,31.37
2022-10-18,OFF_C5,12,32.03,0.0,121014.6,121014.6,30.5
2022-10-19,OFF_C5,12,30.35,0.0,121014.6,121014.6,30.76
2022-10-20,OFF_C5,24,29.5,0.0,121014.6,121014.6,29.98
2022-10-21,OFF_C5,24,32.29,0.0,121014.6,121014.6,29.69
2022-10-24,OFF_C5,24,33.15,0.0,121014.6,121014.6,29.85
2022-10-25,OFF_C5,24,33.72,0.0,121014.6,121014.6,28.46
2022-10-26,OFF_C5,24,34.44,0.0,121014.6,121014.6,27.28
2022-10-27,OFF_C5,24,32.7,0.0,121014.6,121014.6,27.39
2022-10-28,OFF_C5,21,36.09,0.0,121014.6,121014.6,25.75
2022-10-31,OFF_C5,21,35.0,0.0,121014.6,121014.6,25.88
2022-11-01,OFF_C5,21,34.49,0.0,121014.6,121014.6,25.81
2022-11-02,OFF_C5,24,31.69,0.0,121014.6,121014.6,25.86
2022-11-03,OFF_C5,24,30.69,0.0,121014.6,121014.6,25.3
2022-11-04,OFF_C5,24,32.12,0.0,121014.6,121014.6,24.55
2022-11-07,OFF_C5,21,33.12,0.0,121014.6,121014.6,24.35
2022-11-08,OFF_C5,21,33.84,0.0,121014.6,121014.6,25.54
2022-11-09,OFF_C5,24,31.55,0.0,121014.6,121014.6,26.09
2022-11-10,OFF_C5,21,37.05,0.0,121014.6,121014.6,23.53
2022-11-11,OFF_C5,21,37.7,0.0,121014.6,121014.6,22.52
2022-11-14,OFF_C5,21,37.0,0.0,121014.6,121014.6,23.73
2022-11-15,OFF_C5,21,37.59,0.0,121014.6,121014.6,24.54
2022-11-16,OFF_C5,21,37.04,0.0,121014.6,121014.6,24.11
2022-11-17,OFF_C5,21,36.44,0.0,121014.6,121014.6,23.93
2022-11-18,OFF_C5,21,37.0,0.0,121014.6,121014.6,23.12
2022-11-21,OFF_C5,21,36.55,0.0,121014.6,121014.6,22.36
2022-11-22,OFF_C5,21,38.01,0.0,121014.6,121014.6,21.29
2022-11-23,OFF_C5,20,38.86,0.0,121014.6,121014.6,20.35
2022-11-25,OFF_C5,20,38.6,0.0,121014.6,121014.6,20.5
2022-11-28,OFF_C5,21,36.89,0.0,121014.6,121014.6,22.21
2022-11-29,OFF_C5,21,36.48,0.0,121014.6,121014.6,21.89
2022-11-30,OFF_C4,14,40.23,0.0,121014.6,121014.6,20.58
2022-12-01,OFF_C3,14,39.86,0.0,121014.6,121014.6,19.84
2022-12-02,OFF_C2,15,39.46,0.0,121014.6,121014.6,19.06
2022-12-05,OFF_C5,21,37.82,0.0,121014.6,121014.6,20.75
2022-12-06,OFF_C5,21,36.09,0.0,121014.6,121014.6,22.17
2022-12-07,OFF_C5,21,35.83,0.0,121014.6,121014.6,22.68
2022-12-08,OFF_C5,21,36.55,0.0,121014.6,121014.6,22.29
2022-12-09,OFF_C5,21,35.67,0.0,121014.6,121014.6,22.83
2022-12-12,OFF_C5,21,37.22,0.0,121014.6,121014.6,25.0
2022-12-13,OFF_C5,21,38.11,0.0,121014.6,121014.6,22.55
2022-12-14,OFF_C5,21,37.66,0.0,121014.6,121014.6,21.14
2022-12-15,OFF_C5,21,34.56,0.0,121014.6,121014.6,22.83
2022-12-16,OFF_C5,24,33.24,0.0,121014.6,121014.6,22.62
2022-12-19,OFF_C5,24,32.65,0.0,121014.6,121014.6,22.42
2022-12-20,OFF_C5,24,32.93,0.0,121014.6,121014.6,21.48
2022-12-21,OFF_C5,24,34.2,0.0,121014.6,121014.6,20.07
2022-12-22,OFF_C5,24,32.43,0.0,121014.6,121014.6,21.97
2022-12-23,OFF_C5,24,32.96,0.0,121014.6,121014.6,20.87
2022-12-27,OFF_C5,24,32.6,0.0,121014.6,121014.6,21.65
2022-12-28,OFF_C5,24,31.52,0.0,121014.6,121014.6,22.14
2022-12-29,OFF_C5,24,32.85,0.0,121014.6,121014.6,21.44
2022-12-30,OFF_C5,24,32.89,0.0,121014.6,121014.6,21.67
2023-01-03,OFF_C5,24,32.33,0.0,121014.6,121014.6,22.9
2023-01-04,OFF_C5,24,33.09,0.0,121014.6,121014.6,22.01
2023-01-05,OFF_C5,24,32.09,0.0,121014.6,121014.6,22.46
2023-01-06,OFF_C5,24,34.08,0.0,121014.6,121014.6,21.13
2023-01-09,OFF_C5,24,33.91,0.0,121014.6,121014.6,21.97
2023-01-10,OFF_C5,21,34.76,0.0,121014.6,121014.6,20.58
2023-01-11,OFF_C5,21,35.97,0.0,121014.6,121014.6,21.09
2023-01-12,OFF_C5,21,36.39,0.0,121014.6,121014.6,18.83
2023-01-13,OFF_C4,15,36.75,0.0,121014.6,121014.6,18.35
2023-01-17,OFF_C5,21,36.28,0.0,121014.6,121014.6,19.36
2023-01-18,OFF_C5,24,34.87,0.0,121014.6,121014.6,20.34
2023-01-19,OFF_C5,24,34.13,0.0,121014.6,121014.6,20.52
2023-01-20,OFF_C4,15,35.95,0.0,121014.6,121014.6,19.85
2023-01-23,OFF_C3,15,37.13,0.0,121014.6,121014.6,19.81
2023-01-24,OFF_C2,15,36.69,0.0,121014.6,121014.6,19.2
2023-01-25,OFF_C1,15,37.27,0.0,121014.6,121014.6,19.08
2023-01-26,OFF_R,14,37.96,0.0,121014.6,121014.6,18.73
2023-01-27,FULL,14,38.48,2358.6525,30207.27,120968.22,18.51
2023-01-30,FULL,15,37.39,2358.6525,30207.27,118397.29,19.94
2023-01-31,FULL,14,38.46,2358.6525,30207.27,120921.05,19.4
2023-02-01,FULL,14,40.4,2358.6525,30207.27,125496.83,17.87
2023-02-02,FULL,14,40.82,2358.6525,30207.27,126487.47,18.73
2023-02-03,FULL,14,40.24,2358.6525,30207.27,125119.45,18.33
2023-02-06,FULL,14,39.79,2358.6525,30207.27,124058.05,19.43
2023-02-07,FULL,14,40.85,2358.6525,30207.27,126558.22,18.66
2023-02-08,FULL,14,39.87,2358.6525,30207.27,124246.75,19.63
2023-02-09,FULL,15,38.74,2358.6525,30207.27,121581.47,20.71
2023-02-10,FULL,15,38.92,2358.6525,30207.27,122006.03,20.53
2023-02-13,FULL,14,40.28,2358.6525,30207.27,125213.79,20.34
2023-02-14,FULL,15,40.01,2358.6525,30207.27,124576.96,18.91
2023-02-15,FULL,14,40.6,2358.6525,30207.27,125968.56,18.23
2023-02-16,FULL,15,38.54,2358.6525,30207.27,121109.74,20.17
2023-02-17,FULL,15,38.48,2358.6525,30207.27,120968.22,20.02
2023-02-21,FULL,15,36.36,2358.6525,30207.27,115967.87,22.87
2023-02-22,FULL,15,36.33,2358.6525,30207.27,115897.12,22.29
2023-02-23,FULL,15,36.41,2358.6525,30207.27,116085.81,21.14
2023-02-24,HALF,18,35.4,1204.487,71043.3,113682.14,21.67
2023-02-27,HALF_R1,15,35.86,1194.6061,71396.45,114235.03,20.95
2023-02-28,HALF,18,35.08,1211.1948,70813.23,113301.94,20.7
2023-03-01,HALF,18,34.98,1211.1948,70813.23,113180.82,20.58
2023-03-02,HALF_R1,15,35.53,1201.5935,71153.19,113845.81,19.59
2023-03-03,FULL,15,37.48,2325.0184,29025.18,116166.86,18.49
2023-03-06,FULL,15,37.55,2325.0184,29025.18,116329.62,18.61
2023-03-07,FULL,15,35.8,2325.0184,29025.18,112260.83,19.59
2023-03-08,FULL,15,35.88,2325.0184,29025.18,112446.83,19.11
2023-03-09,OFF_C5,24,33.68,0.0,107291.64,107291.64,22.61
2023-03-10,OFF_C5,24,32.64,0.0,107291.64,107291.64,24.8
2023-03-13,OFF_C5,24,32.33,0.0,107291.64,107291.64,26.52
2023-03-14,OFF_C5,24,33.79,0.0,107291.64,107291.64,23.73
2023-03-15,OFF_C5,24,33.07,0.0,107291.64,107291.64,26.14
2023-03-16,OFF_C4,18,34.88,0.0,107291.64,107291.64,22.99
2023-03-17,OFF_C5,24,33.84,0.0,107291.64,107291.64,25.51
2023-03-20,OFF_C4,18,34.61,0.0,107291.64,107291.64,24.15
2023-03-21,OFF_C3,18,35.97,0.0,107291.64,107291.64,21.38
2023-03-22,OFF_C2,18,34.22,0.0,107291.64,107291.64,22.26
2023-03-23,OFF_C1,18,34.47,0.0,107291.64,107291.64,22.61
2023-03-24,OFF_R,18,35.17,0.0,107291.64,107291.64,21.74
2023-03-27,FULL,18,35.29,2280.2134,26781.68,107250.41,20.6
2023-03-28,HALF,18,35.18,1140.5584,66853.69,106978.54,19.97
2023-03-29,HALF_R1,15,36.3,1118.3467,67658.57,108254.56,19.12
2023-03-30,FULL,15,37.15,2204.6801,27280.11,109183.98,19.02
2023-03-31,FULL,14,38.6,2204.6801,27280.11,112380.76,18.7
2023-04-03,FULL,14,38.9,2204.6801,27280.11,113042.17,18.55
2023-04-04,FULL,14,38.45,2204.6801,27280.11,112050.06,19.0
2023-04-05,FULL,15,37.88,2204.6801,27280.11,110793.39,19.08
2023-04-06,FULL,15,38.29,2204.6801,27280.11,111697.31,18.4
2023-04-10,FULL,14,38.68,2204.6801,27280.11,112557.14,18.97
2023-04-11,FULL,14,38.6,2204.6801,27280.11,112380.76,19.1
2023-04-12,FULL,15,37.81,2204.6801,27280.11,110639.06,19.09
2023-04-13,FULL,14,39.44,2204.6801,27280.11,114232.69,17.8
2023-04-14,FULL,14,39.41,2204.6801,27280.11,114166.55,17.07
2023-04-17,FULL,14,39.6,2204.6801,27280.11,114585.44,16.95
2023-04-18,FULL,14,39.62,2204.6801,27280.11,114629.54,16.83
2023-04-19,FULL,14,39.35,2204.6801,27280.11,114034.27,16.46
2023-04-20,FULL,15,38.92,2204.6801,27280.11,113086.26,17.17
2023-04-21,FULL,15,39.0,2204.6801,27280.11,113262.63,16.77
2023-04-24,FULL,15,39.1,2204.6801,27280.11,113483.1,16.89
2023-04-25,FULL,15,37.79,2204.6801,27280.11,110594.97,18.76
2023-04-26,FULL,15,37.09,2204.6801,27280.11,109051.69,18.84
2023-04-27,FULL,15,38.81,2204.6801,27280.11,112843.74,17.03
2023-04-28,FULL,14,40.0,2204.6801,27280.11,115467.31,15.78
2023-05-01,FULL,15,39.65,2204.6801,27280.11,114695.68,16.08
2023-05-02,FULL,15,38.5,2204.6801,27280.11,112160.29,17.78
2023-05-03,FULL,15,37.24,2204.6801,27280.11,109382.4,18.34
2023-05-04,FULL,15,37.12,2204.6801,27280.11,109117.83,20.09
2023-05-05,FULL,15,38.69,2204.6801,27280.11,112579.18,17.19
2023-05-08,FULL,15,38.8,2204.6801,27280.11,112821.7,16.98
2023-05-09,FULL,15,38.42,2204.6801,27280.11,111983.92,17.71
2023-05-10,FULL,15,38.99,2204.6801,27280.11,113240.59,16.94
2023-05-11,FULL,15,38.73,2204.6801,27280.11,112667.37,16.93
2023-05-12,FULL,15,38.3,2204.6801,27280.11,111719.36,17.03
2023-05-15,FULL,15,38.71,2204.6801,27280.11,112623.28,17.12
2023-05-16,FULL,15,38.21,2204.6801,27280.11,111520.94,17.99
2023-05-17,FULL,15,39.34,2204.6801,27280.11,114012.22,16.87
2023-05-18,FULL,14,40.72,2204.6801,27280.11,117054.68,16.05
2023-05-19,FULL,15,40.32,2204.6801,27280.11,116172.81,16.81
2023-05-22,FULL,14,40.69,2204.6801,27280.11,116988.54,17.21
2023-05-23,FULL,15,39.18,2204.6801,27280.11,113659.48,18.53
2023-05-24,FULL,15,38.62,2204.6801,27280.11,112424.85,20.03
2023-05-25,FULL,15,38.86,2204.6801,27280.11,112953.98,19.14
2023-05-26,FULL,15,40.69,2204.6801,27280.11,116988.54,17.95
2023-05-30,FULL,15,40.66,2204.6801,27280.11,116922.4,17.46
2023-05-31,FULL,15,40.07,2204.6801,27280.11,115621.64,17.94
2023-06-01,FULL,15,41.06,2204.6801,27280.11,117804.27,15.65
2023-06-02,FULL,14,42.78,2204.6801,27280.11,121596.32,14.6
2023-06-05,FULL,14,42.38,2204.6801,27280.11,120714.45,14.73
2023-06-06,FULL,14,42.92,2204.6801,27280.11,121904.98,13.96
2023-06-07,FULL,14,42.35,2204.6801,27280.11,120648.31,13.94
2023-06-08,FULL,14,42.98,2204.6801,27280.11,122037.26,13.65
2023-06-09,FULL,14,43.33,2204.6801,27280.11,122808.9,13.83
2023-06-12,FULL,14,44.48,2204.6801,27280.11,125344.28,15.01
2023-06-13,FULL,14,45.32,2204.6801,27280.11,127196.21,14.61
2023-06-14,FULL,14,45.48,2204.6801,27280.11,127548.96,13.88
2023-06-15,TRIM,13,46.88,1567.459,57137.1,130619.58,14.5
2023-06-16,FULL,14,46.63,2094.5911,32543.64,130214.42,13.54
2023-06-20,FULL,14,45.92,2094.5911,32543.64,128727.26,13.88
2023-06-21,FULL,14,45.0,2094.5911,32543.64,126800.24,13.2
2023-06-22,FULL,14,45.48,2094.5911,32543.64,127805.64,12.91
2023-06-23,FULL,15,44.32,2094.5911,32543.64,125375.92,13.44
2023-06-26,FULL,15,44.07,2094.5911,32543.64,124852.27,14.25
2023-06-27,FULL,15,45.03,2094.5911,32543.64,126863.08,13.74
2023-06-28,FULL,14,45.49,2094.5911,32543.64,127826.59,13.43
2023-06-29,FULL,14,45.85,2094.5911,32543.64,128580.64,13.54
2023-06-30,FULL,14,47.26,2094.5911,32543.64,131534.01,13.59
2023-07-03,FULL,14,47.57,2094.5911,32543.64,132183.34,13.57
2023-07-05,FULL,14,47.2,2094.5911,32543.64,131408.34,14.18
2023-07-06,FULL,15,46.11,2094.5911,32543.64,129125.23,15.44
2023-07-07,FULL,15,45.73,2094.5911,32543.64,128329.29,14.83
2023-07-10,FULL,15,46.12,2094.5911,32543.64,129146.18,15.07
2023-07-11,FULL,14,46.96,2094.5911,32543.64,130905.64,14.84
2023-07-12,FULL,14,48.2,2094.5911,32543.64,133502.93,13.54
2023-07-13,FULL,14,49.08,2094.5911,32543.64,135346.17,13.61
2023-07-14,FULL,14,48.95,2094.5911,32543.64,135073.87,13.34
2023-07-17,FULL,14,49.44,2094.5911,32543.64,136100.22,13.48
2023-07-18,FULL,14,50.61,2094.5911,32543.64,138550.89,13.3
2023-07-19,FULL,14,50.57,2094.5911,32543.64,138467.11,13.76
2023-07-20,FULL,14,49.94,2094.5911,32543.64,137147.52,13.99
2023-07-21,FULL,14,49.92,2094.5911,32543.64,137105.63,13.6
2023-07-24,FULL,14,50.6,2094.5911,32543.64,138529.95,13.91
2023-07-25,FULL,14,50.9,2094.5911,32543.64,139158.33,13.86
2023-07-26,FULL,14,50.98,2094.5911,32543.64,139325.89,13.19
2023-07-27,FULL,14,49.99,2094.5911,32543.64,137252.25,14.41
2023-07-28,FULL,14,51.45,2094.5911,32543.64,140310.35,13.33
2023-07-31,FULL,14,51.6,2094.5911,32543.64,140624.54,13.63
2023-08-01,FULL,14,50.61,2094.5911,32543.64,138550.89,13.93
2023-08-02,FULL,15,49.23,2094.5911,32543.64,135660.36,16.09
2023-08-03,FULL,15,48.85,2094.5911,32543.64,134864.41,15.92
2023-08-04,FULL,15,47.73,2094.5911,32543.64,132518.47,17.1
2023-08-07,FULL,15,49.08,2094.5911,32543.64,135346.17,15.77
2023-08-08,FULL,15,48.42,2094.5911,32543.64,133963.74,15.99
2023-08-09,FULL,15,47.78,2094.5911,32543.64,132623.2,15.96
2023-08-10,FULL,15,47.6,2094.5911,32543.64,132246.17,15.85
2023-08-11,FULL,15,47.39,2094.5911,32543.64,131806.31,14.84
2023-08-14,FULL,15,48.23,2094.5911,32543.64,133565.77,14.82
2023-08-15,HALF,18,46.49,1047.9768,81175.41,129895.85,16.46
2023-08-16,HALF,18,45.33,1047.9768,81175.41,128680.2,16.78
2023-08-17,HALF,18,44.2,1047.9768,81175.41,127495.98,17.89
2023-08-18,HALF,18,44.29,1047.9768,81175.41,127590.3,17.3
2023-08-21,HALF,18,44.94,1047.9768,81175.41,128271.49,17.13
2023-08-22,HALF,18,44.79,1047.9768,81175.41,128114.29,16.97
2023-08-23,HALF_R1,15,46.9,1042.0484,81452.31,130324.38,15.98
2023-08-24,HALF,18,44.4,1078.71,79822.72,127717.45,17.2
2023-08-25,HALF,18,45.22,1078.71,79822.72,128601.99,15.68
2023-08-28,HALF,18,46.08,1078.71,79822.72,129529.68,15.08
2023-08-29,HALF_R1,15,48.11,1026.7054,82322.41,131717.21,14.45
2023-08-30,FULL,15,48.63,2039.6529,33037.14,132225.47,13.88
2023-08-31,FULL,15,48.43,2039.6529,33037.14,131817.54,13.57
2023-09-01,FULL,15,48.47,2039.6529,33037.14,131899.12,13.09
2023-09-05,FULL,15,47.92,2039.6529,33037.14,130777.31,14.01
2023-09-06,HALF,18,46.92,1028.9135,80436.33,128712.95,14.45
2023-09-07,HALF,18,46.51,1028.9135,80436.33,128291.09,14.4
2023-09-08,HALF,18,46.72,1028.9135,80436.33,128507.17,13.84
2023-09-11,HALF_R1,15,47.43,1021.8034,80772.39,129236.53,13.8
2023-09-12,HALF,18,46.76,1030.9446,80343.73,128550.7,14.23
2023-09-13,HALF,18,47.03,1030.9446,80343.73,128829.06,13.48
2023-09-14,HALF_R1,15,48.17,1012.0744,81251.25,130002.88,12.82
2023-09-15,HALF,18,46.36,1036.7587,80105.32,128169.45,13.79
2023-09-18,HALF,18,46.46,1036.7587,80105.32,128273.13,14.0
2023-09-19,HALF,18,46.14,1036.7587,80105.32,127941.37,14.11
2023-09-20,HALF,18,44.52,1036.7587,80105.32,126261.82,15.14
2023-09-21,HALF,18,42.38,1036.7587,80105.32,124043.15,17.54
2023-09-22,HALF,18,42.21,1036.7587,80105.32,123866.91,17.2
2023-09-25,HALF,18,42.64,1036.7587,80105.32,124312.71,16.9
2023-09-26,HALF,18,40.99,1036.7587,80105.32,122602.06,18.94
2023-09-27,HALF,18,41.0,1036.7587,80105.32,122612.43,18.22
2023-09-28,HALF,18,41.52,1036.7587,80105.32,123151.54,17.34
2023-09-29,HALF,18,41.23,1036.7587,80105.32,122850.88,17.52
2023-10-02,HALF,18,41.14,1036.7587,80105.32,122757.57,17.61
2023-10-03,HALF,18,39.44,1036.7587,80105.32,120995.08,19.78
2023-10-04,HALF,18,40.16,1036.7587,80105.32,121741.55,18.58
2023-10-05,HALF,18,40.02,1036.7587,80105.32,121596.4,18.49
2023-10-06,HALF,18,41.7,1036.7587,80105.32,123338.16,17.45
2023-10-09,HALF,18,42.39,1036.7587,80105.32,124053.52,17.7
2023-10-10,HALF,18,43.05,1036.7587,80105.32,124737.78,17.03
2023-10-11,HALF,18,43.86,1036.7587,80105.32,125577.56,16.09
2023-10-12,HALF,18,42.81,1036.7587,80105.32,124488.96,16.69
2023-10-13,HALF,18,41.78,1036.7587,80105.32,123421.1,19.32
2023-10-16,HALF,18,43.37,1036.7587,80105.32,125069.55,17.21
2023-10-17,HALF,18,43.06,1036.7587,80105.32,124748.15,17.88
2023-10-18,HALF,18,41.59,1036.7587,80105.32,123224.11,19.22
2023-10-19,HALF,18,40.24,1036.7587,80105.32,121824.49,21.4
2023-10-20,OFF_C5,24,38.86,0.0,120372.62,120372.62,21.71
2023-10-23,OFF_C5,24,39.11,0.0,120372.62,120372.62,20.37
2023-10-24,OFF_C4,18,39.5,0.0,120372.62,120372.62,18.97
2023-10-25,OFF_C5,24,37.37,0.0,120372.62,120372.62,20.19
2023-10-26,OFF_C5,24,37.11,0.0,120372.62,120372.62,20.68
2023-10-27,OFF_C5,24,35.9,0.0,120372.62,120372.62,21.27
2023-10-30,OFF_C5,24,37.15,0.0,120372.62,120372.62,19.75
2023-10-31,OFF_C5,24,37.67,0.0,120372.62,120372.62,18.14
2023-11-01,OFF_C4,18,39.39,0.0,120372.62,120372.62,16.87
2023-11-02,OFF_C3,18,41.08,0.0,120372.62,120372.62,15.66
2023-11-03,OFF_C2,15,42.56,0.0,120372.62,120372.62,14.91
2023-11-06,OFF_C1,15,42.48,0.0,120372.62,120372.62,14.89
2023-11-07,OFF_R,15,43.03,0.0,120372.62,120372.62,14.81
2023-11-08,FULL,15,42.95,2101.9666,30047.02,120326.48,14.45
2023-11-09,FULL,15,42.04,2101.9666,30047.02,118413.69,15.29
2023-11-10,FULL,15,43.75,2101.9666,30047.02,122008.05,14.17
2023-11-13,FULL,14,43.98,2101.9666,30047.02,122491.5,14.76
2023-11-14,FULL,14,46.65,2101.9666,30047.02,128103.76,14.16
2023-11-15,FULL,14,46.64,2101.9666,30047.02,128082.74,14.18
2023-11-16,FULL,14,46.9,2101.9666,30047.02,128629.25,14.32
2023-11-17,FULL,14,46.95,2101.9666,30047.02,128734.35,13.8
2023-11-20,FULL,14,48.15,2101.9666,30047.02,131256.71,13.41
2023-11-21,FULL,14,47.56,2101.9666,30047.02,130016.55,13.35
2023-11-22,FULL,14,48.16,2101.9666,30047.02,131277.73,12.85
2023-11-24,FULL,14,48.34,2101.9666,30047.02,131656.08,12.46
2023-11-27,FULL,14,48.15,2101.9666,30047.02,131256.71,12.69
2023-11-28,FULL,14,48.2,2101.9666,30047.02,131361.8,12.69
2023-11-29,FULL,14,48.13,2101.9666,30047.02,131214.67,12.98
2023-11-30,FULL,14,48.47,2101.9666,30047.02,131929.33,12.92
2023-12-01,FULL,14,49.63,2101.9666,30047.02,134367.62,12.63
2023-12-04,FULL,14,48.39,2101.9666,30047.02,131761.18,13.08
2023-12-05,FULL,14,48.63,2101.9666,30047.02,132265.65,12.85
2023-12-06,FULL,14,47.9,2101.9666,30047.02,130731.21,12.97
2023-12-07,FULL,14,48.88,2101.9666,30047.02,132791.14,13.06
2023-12-08,FULL,14,49.62,2101.9666,30047.02,134346.6,12.35
2023-12-11,FULL,14,50.18,2101.9666,30047.02,135523.7,12.63
2023-12-12,FULL,14,51.07,2101.9666,30047.02,137394.45,12.07
2023-12-13,TRIM,13,53.11,1500.5909,61969.11,141665.49,12.19
2023-12-14,TRIM,13,53.26,1500.5909,61969.11,141890.58,12.48
2023-12-15,TRIM,13,53.29,1500.5909,61969.11,141935.6,12.28
2023-12-18,TRIM,13,53.97,1500.5909,61969.11,142956.0,12.56
2023-12-19,TRIM,13,54.91,1500.5909,61969.11,144366.55,12.53
2023-12-20,FULL,14,52.77,2006.1866,35274.48,141140.95,13.67
2023-12-21,FULL,14,53.92,2006.1866,35274.48,143448.06,13.65
2023-12-22,FULL,14,54.09,2006.1866,35274.48,143789.12,13.03
2023-12-26,FULL,14,55.02,2006.1866,35274.48,145654.87,12.99
2023-12-27,FULL,14,55.26,2006.1866,35274.48,146136.35,12.43
2023-12-28,FULL,14,55.33,2006.1866,35274.48,146276.79,12.47
2023-12-29,FULL,14,54.61,2006.1866,35274.48,144832.33,12.45
2024-01-02,FULL,14,53.78,2006.1866,35274.48,143167.2,13.2
2024-01-03,FULL,15,52.51,2006.1866,35274.48,140619.34,14.04
2024-01-04,FULL,15,52.08,2006.1866,35274.48,139756.68,14.13
2024-01-05,FULL,15,52.09,2006.1866,35274.48,139776.74,13.35
2024-01-08,FULL,14,54.14,2006.1866,35274.48,143889.42,13.08
2024-01-09,FULL,15,53.9,2006.1866,35274.48,143407.94,12.76
2024-01-10,FULL,14,55.0,2006.1866,35274.48,145614.75,12.69
2024-01-11,FULL,14,54.62,2006.1866,35274.48,144852.39,12.44
2024-01-12,FULL,14,54.6,2006.1866,35274.48,144812.27,12.7
2024-01-16,FULL,15,54.31,2006.1866,35274.48,144230.48,13.84
2024-01-17,FULL,15,53.3,2006.1866,35274.48,142204.23,14.79
2024-01-18,FULL,15,54.78,2006.1866,35274.48,145173.38,14.13
2024-01-19,FULL,14,56.79,2006.1866,35274.48,149205.82,13.3
2024-01-22,FULL,14,57.09,2006.1866,35274.48,149807.68,13.19
2024-01-23,FULL,14,57.88,2006.1866,35274.48,151392.56,12.55
2024-01-24,FULL,14,57.7,2006.1866,35274.48,151031.45,13.14
2024-01-25,FULL,14,58.24,2006.1866,35274.48,152114.79,13.45
2024-01-26,FULL,14,58.23,2006.1866,35274.48,152094.73,13.26
2024-01-29,FULL,14,59.63,2006.1866,35274.48,154903.39,13.6
2024-01-30,FULL,14,58.83,2006.1866,35274.48,153298.44,13.31
2024-01-31,FULL,15,56.9,2006.1866,35274.48,149426.5,14.35
2024-02-01,FULL,14,59.64,2006.1866,35274.48,154923.45,13.88
2024-02-02,FULL,14,60.67,2006.1866,35274.48,156989.82,13.85
2024-02-05,FULL,14,59.82,2006.1866,35274.48,155284.56,13.67
2024-02-06,FULL,14,60.41,2006.1866,35274.48,156468.21,13.06
2024-02-07,FULL,14,61.81,2006.1866,35274.48,159276.88,12.83
2024-02-08,FULL,14,61.92,2006.1866,35274.48,159497.56,12.79
2024-02-09,FULL,14,62.94,2006.1866,35274.48,161543.87,12.93
2024-02-12,FULL,14,62.69,2006.1866,35274.48,161042.32,13.93
2024-02-13,FULL,15,60.32,2006.1866,35274.48,156287.66,15.85
2024-02-14,FULL,14,61.98,2006.1866,35274.48,159617.93,14.38
2024-02-15,FULL,14,63.13,2006.1866,35274.48,161925.04,14.01
2024-02-16,FULL,14,61.86,2006.1866,35274.48,159377.19,14.24
2024-02-20,FULL,15,60.88,2006.1866,35274.48,157411.12,15.42
2024-02-21,FULL,15,62.12,2006.1866,35274.48,159898.79,15.34
2024-02-22,FULL,14,64.97,2006.1866,35274.48,165616.43,14.54
2024-02-23,FULL,14,64.82,2006.1866,35274.48,165315.5,13.75
2024-02-26,FULL,14,64.27,2006.1866,35274.48,164212.1,13.74
2024-02-27,FULL,14,64.63,2006.1866,35274.48,164934.32,13.43
2024-02-28,FULL,14,63.9,2006.1866,35274.48,163469.81,13.84
2024-02-29,FULL,14,64.96,2006.1866,35274.48,165596.36,13.4
2024-03-01,FULL,14,66.5,2006.1866,35274.48,168685.89,13.11
2024-03-04,FULL,14,66.26,2006.1866,35274.48,168204.41,13.49
2024-03-05,FULL,15,64.61,2006.1866,35274.48,164894.2,14.46
2024-03-06,FULL,14,65.4,2006.1866,35274.48,166479.09,14.5
2024-03-07,FULL,14,67.34,2006.1866,35274.48,170371.09,14.44
2024-03-08,FULL,14,66.14,2006.1866,35274.48,167963.66,14.74
2024-03-11,FULL,14,66.44,2006.1866,35274.48,168565.52,15.22
2024-03-12,FULL,14,68.12,2006.1866,35274.48,171935.91,13.84
2024-03-13,FULL,14,67.9,2006.1866,35274.48,171494.55,13.75
2024-03-14,FULL,14,66.88,2006.1866,35274.48,169448.24,14.4
2024-03-15,FULL,15,65.78,2006.1866,35274.48,167241.44,14.41
2024-03-18,FULL,15,66.75,2006.1866,35274.48,169187.44,14.33
2024-03-19,FULL,14,67.94,2006.1866,35274.48,171574.8,13.82
2024-03-20,FULL,14,70.33,2006.1866,35274.48,176369.59,13.04
2024-03-21,FULL,14,70.67,2006.1866,35274.48,177051.69,12.92
2024-03-22,FULL,14,69.87,2006.1866,35274.48,175446.74,13.06
2024-03-25,FULL,14,69.65,2006.1866,35274.48,175005.38,13.19
2024-03-26,FULL,14,69.28,2006.1866,35274.48,174263.09,13.24
2024-03-27,FULL,14,70.27,2006.1866,35274.48,176249.21,12.78
2024-03-28,FULL,14,70.65,2006.1866,35274.48,177011.57,13.01
2024-04-01,FULL,14,69.92,2006.1866,35274.48,175547.05,13.65
2024-04-02,FULL,15,68.73,2006.1866,35274.48,173159.69,14.61
2024-04-03,FULL,15,69.45,2006.1866,35274.48,174604.14,14.33
2024-04-04,FULL,15,66.51,2006.1866,35274.48,168705.95,16.35
2024-04-05,FULL,15,68.66,2006.1866,35274.48,173019.25,16.03
2024-04-08,FULL,15,68.54,2006.1866,35274.48,172778.51,15.19
2024-04-09,FULL,15,68.81,2006.1866,35274.48,173320.18,14.98
2024-04-10,FULL,15,66.3,2006.1866,35274.48,168284.65,15.8
2024-04-11,FULL,15,68.17,2006.1866,35274.48,172036.22,14.91
2024-04-12,FULL,15,64.96,2006.1866,35274.48,165596.36,17.31
2024-04-15,HALF,18,62.74,963.1573,100680.42,161108.91,19.23
2024-04-16,HALF,18,62.86,963.1573,100680.42,161224.49,18.4
2024-04-17,HALF,18,61.4,963.1573,100680.42,159818.28,18.21
2024-04-18,HALF,18,60.55,963.1573,100680.42,158999.6,18.0
2024-04-19,HALF,18,59.14,963.1573,100680.42,157641.54,18.71
2024-04-22,HALF,18,60.68,963.1573,100680.42,159124.81,16.94
2024-04-23,HALF,18,63.26,963.1573,100680.42,161609.75,15.69
2024-04-24,HALF,18,61.73,963.1573,100680.42,160136.12,15.97
2024-04-25,HALF,18,63.4,963.1573,100680.42,161744.59,15.37
2024-04-26,HALF,18,63.84,963.1573,100680.42,162168.38,15.03
2024-04-29,HALF,18,64.38,963.1573,100680.42,162688.49,14.67
2024-04-30,HALF,18,61.05,963.1573,100680.42,159481.17,15.65
2024-05-01,HALF,18,61.38,963.1573,100680.42,159799.02,15.39
2024-05-02,HALF,18,62.95,963.1573,100680.42,161311.17,14.68
2024-05-03,HALF_R1,15,64.95,942.4797,102021.76,163235.82,13.49
2024-05-06,FULL,15,66.64,1855.0638,41175.74,164797.2,13.49
2024-05-07,FULL,15,66.94,1855.0638,41175.74,165353.72,13.23
2024-05-08,FULL,15,66.86,1855.0638,41175.74,165205.31,13.0
2024-05-09,FULL,15,68.12,1855.0638,41175.74,167542.69,12.69
2024-05-10,FULL,15,67.87,1855.0638,41175.74,167078.93,12.55
2024-05-13,FULL,15,68.16,1855.0638,41175.74,167616.9,13.6
2024-05-14,FULL,14,69.24,1855.0638,41175.74,169620.37,13.42
2024-05-15,FULL,14,71.83,1855.0638,41175.74,174424.98,12.45
2024-05-16,FULL,14,71.14,1855.0638,41175.74,173144.99,12.42
2024-05-17,FULL,14,71.4,1855.0638,41175.74,173627.3,11.99
2024-05-20,FULL,14,71.58,1855.0638,41175.74,173961.21,12.15
2024-05-21,FULL,14,72.19,1855.0638,41175.74,175092.8,11.86
2024-05-22,FULL,14,71.99,1855.0638,41175.74,174721.79,12.29
2024-05-23,FULL,15,69.85,1855.0638,41175.74,170751.95,12.77
2024-05-24,FULL,14,71.22,1855.0638,41175.74,173293.39,11.93
2024-05-28,FULL,14,71.07,1855.0638,41175.74,173015.13,12.92
2024-05-29,FULL,15,68.99,1855.0638,41175.74,169156.6,14.28
2024-05-30,FULL,15,68.06,1855.0638,41175.74,167431.39,14.47
2024-05-31,FULL,15,70.29,1855.0638,41175.74,171568.18,12.92
2024-06-03,FULL,15,70.22,1855.0638,41175.74,171438.33,13.11
2024-06-04,FULL,15,70.79,1855.0638,41175.74,172495.71,13.16
2024-06-05,FULL,14,73.16,1855.0638,41175.74,176892.22,12.63
2024-06-06,FULL,14,72.95,1855.0638,41175.74,176502.65,12.58
2024-06-07,FULL,14,72.43,1855.0638,41175.74,175538.02,12.22
2024-06-10,FULL,14,73.1,1855.0638,41175.74,176780.91,12.74
2024-06-11,FULL,14,73.86,1855.0638,41175.74,178190.76,12.85
2024-06-12,FULL,14,75.99,1855.0638,41175.74,182142.05,12.04
2024-06-13,FULL,14,76.07,1855.0638,41175.74,182290.45,11.94
2024-06-14,FULL,14,75.9,1855.0638,41175.74,181975.09,12.66
2024-06-17,FULL,14,78.11,1855.0638,41175.74,186074.78,12.75
2024-06-18,FULL,14,78.58,1855.0638,41175.74,186946.66,12.3
2024-06-20,FULL,14,77.79,1855.0638,41175.74,185481.16,13.28
2024-06-21,FULL,14,77.34,1855.0638,41175.74,184646.38,13.2
2024-06-24,FULL,14,76.73,1855.0638,41175.74,183514.79,13.33
2024-06-25,FULL,14,77.43,1855.0638,41175.74,184813.34,12.84
2024-06-26,FULL,14,76.83,1855.0638,41175.74,183700.3,12.55
2024-06-27,FULL,14,78.1,1855.0638,41175.74,186056.23,12.24
2024-06-28,FULL,14,77.23,1855.0638,41175.74,184442.33,12.44
2024-07-01,FULL,14,77.08,1855.0638,41175.74,184164.07,12.22
2024-07-02,FULL,14,78.49,1855.0638,41175.74,186779.71,12.03
2024-07-03,FULL,14,79.69,1855.0638,41175.74,189005.78,12.09
2024-07-05,FULL,14,80.9,1855.0638,41175.74,191250.41,12.48
2024-07-08,FULL,14,81.86,1855.0638,41175.74,193031.27,12.37
2024-07-09,FULL,14,81.66,1855.0638,41175.74,192660.26,12.51
2024-07-10,TRIM,13,83.86,1319.6642,86050.91,196717.95,12.85
2024-07-11,FULL,14,81.8,1778.7235,48480.08,193979.67,12.92
2024-07-12,FULL,14,83.1,1778.7235,48480.08,196292.01,12.46
2024-07-15,FULL,14,84.23,1778.7235,48480.08,198301.96,13.12
2024-07-16,FULL,14,85.13,1778.7235,48480.08,199902.81,13.19
2024-07-17,FULL,14,82.22,1778.7235,48480.08,194726.73,14.48
2024-07-18,FULL,15,80.22,1778.7235,48480.08,191169.28,15.93
2024-07-19,FULL,15,78.02,1778.7235,48480.08,187256.09,16.52
2024-07-22,FULL,15,80.36,1778.7235,48480.08,191418.3,14.91
2024-07-23,FULL,15,79.12,1778.7235,48480.08,189212.69,14.72
2024-07-24,FULL,15,75.2,1778.7235,48480.08,182240.09,18.04
2024-07-25,HALF,18,73.78,913.43,112288.52,179681.38,18.46
2024-07-26,HALF_R1,15,75.83,897.8335,113469.6,181552.32,16.39
2024-07-29,FULL,15,75.39,1802.2013,45254.23,181122.19,16.6
2024-07-30,HALF,18,74.91,902.3685,112626.0,180222.43,17.69
2024-07-31,HALF_R1,15,79.48,869.7766,115214.11,184343.95,16.36
2024-08-01,HALF,18,74.31,907.5858,112402.1,179844.8,18.59
2024-08-02,HALF,18,70.1,907.5858,112402.1,176023.87,23.39
2024-08-05,OFF_C5,6,66.46,0.0,172689.1,172689.1,38.57
2024-08-06,OFF_C4,18,65.42,0.0,172689.1,172689.1,27.71
2024-08-07,OFF_C3,18,63.69,0.0,172689.1,172689.1,27.85
2024-08-08,OFF_C2,18,69.78,0.0,172689.1,172689.1,23.79
2024-08-09,OFF_C1,18,70.3,0.0,172689.1,172689.1,20.37
2024-08-12,OFF_R,18,70.37,0.0,172689.1,172689.1,20.71
2024-08-13,FULL,18,73.73,1756.6367,43106.52,172623.34,18.12
2024-08-14,HALF,18,74.38,876.0679,108569.47,173731.4,16.19
2024-08-15,HALF_R1,15,78.49,847.2355,110830.4,177329.91,15.23
2024-08-16,FULL,15,78.69,1691.759,44340.61,177465.13,14.8
2024-08-19,FULL,14,80.81,1691.759,44340.61,181051.66,14.65
2024-08-20,FULL,14,80.49,1691.759,44340.61,180510.3,15.88
2024-08-21,FULL,14,81.55,1691.759,44340.61,182303.56,16.27
2024-08-22,FULL,15,79.76,1691.759,44340.61,179275.31,17.55
2024-08-23,FULL,14,81.95,1691.759,44340.61,182980.27,15.86
2024-08-26,FULL,15,80.98,1691.759,44340.61,181339.26,16.15
2024-08-27,FULL,15,81.15,1691.759,44340.61,181626.86,15.43
2024-08-28,FULL,15,78.4,1691.759,44340.61,176974.52,17.11
2024-08-29,FULL,15,80.25,1691.759,44340.61,180104.28,15.65
2024-08-30,FULL,15,82.2,1691.759,44340.61,183403.21,15.0
2024-09-03,FULL,15,76.73,1691.759,44340.61,174149.28,20.72
2024-09-04,FULL,15,76.16,1691.759,44340.61,173184.98,21.32
2024-09-05,FULL,15,75.8,1691.759,44340.61,172575.95,19.9
2024-09-06,HALF,18,71.43,867.1932,103208.9,165152.51,22.38
2024-09-09,HALF,18,74.8,867.1932,103208.9,168074.95,19.45
2024-09-10,HALF,18,75.28,867.1932,103208.9,168491.2,19.08
2024-09-11,HALF_R1,15,77.69,823.374,106610.51,170578.44,17.69
2024-09-12,FULL,15,79.76,1620.0115,43037.94,172250.05,17.07
2024-09-13,FULL,15,80.56,1620.0115,43037.94,173546.06,16.56
2024-09-16,FULL,15,81.09,1620.0115,43037.94,174404.67,17.14
2024-09-17,FULL,15,81.43,1620.0115,43037.94,174955.47,17.61
2024-09-18,FULL,15,81.99,1620.0115,43037.94,175862.68,18.23
2024-09-19,FULL,14,84.26,1620.0115,43037.94,179540.1,16.33
2024-09-20,FULL,14,83.66,1620.0115,43037.94,178568.1,16.15
2024-09-23,FULL,14,84.39,1620.0115,43037.94,179750.71,15.89
2024-09-24,FULL,14,85.37,1620.0115,43037.94,181338.32,15.39
2024-09-25,FULL,14,84.96,1620.0115,43037.94,180674.11,15.41
2024-09-26,FULL,14,85.63,1620.0115,43037.94,181759.52,15.37
2024-09-27,FULL,14,84.8,1620.0115,43037.94,180414.91,16.96
2024-09-30,FULL,14,85.72,1620.0115,43037.94,181905.32,16.73
2024-10-01,FULL,15,83.28,1620.0115,43037.94,177952.49,19.26
2024-10-02,FULL,15,84.07,1620.0115,43037.94,179232.3,18.9
2024-10-03,FULL,15,83.34,1620.0115,43037.94,178049.69,20.49
2024-10-04,FULL,15,85.34,1620.0115,43037.94,181289.72,19.21
2024-10-07,FULL,15,83.12,1620.0115,43037.94,177693.29,22.64
2024-10-08,FULL,15,85.31,1620.0115,43037.94,181241.12,21.42
2024-10-09,FULL,14,87.12,1620.0115,43037.94,184173.34,20.86
2024-10-10,FULL,14,87.07,1620.0115,43037.94,184092.34,20.93
2024-10-11,FULL,14,87.89,1620.0115,43037.94,185420.75,20.46
2024-10-14,FULL,14,90.59,1620.0115,43037.94,189794.78,19.7
2024-10-15,FULL,14,88.29,1620.0115,43037.94,186068.75,20.64
2024-10-16,FULL,14,89.03,1620.0115,43037.94,187267.56,19.58
2024-10-17,FULL,14,89.6,1620.0115,43037.94,188190.97,19.11
2024-10-18,FULL,14,90.43,1620.0115,43037.94,189535.58,18.03
2024-10-21,FULL,14,89.92,1620.0115,43037.94,188709.37,18.37
2024-10-22,FULL,14,89.56,1620.0115,43037.94,188126.17,18.2
2024-10-23,FULL,15,87.44,1620.0115,43037.94,184691.74,19.24
2024-10-24,FULL,15,87.7,1620.0115,43037.94,185112.94,19.08
2024-10-25,FULL,15,87.01,1620.0115,43037.94,183995.14,20.33
2024-10-28,FULL,15,88.25,1620.0115,43037.94,186003.95,19.8
2024-10-29,FULL,15,89.32,1620.0115,43037.94,187737.36,19.34
2024-10-30,FULL,15,86.93,1620.0115,43037.94,183865.54,20.35
2024-10-31,FULL,15,83.0,1620.0115,43037.94,177498.89,23.16
2024-11-01,FULL,15,83.76,1620.0115,43037.94,178730.1,21.88
2024-11-04,FULL,15,83.06,1620.0115,43037.94,177596.09,21.98
2024-11-05,FULL,15,86.34,1620.0115,43037.94,182909.73,20.49
2024-11-06,FULL,14,92.38,1620.0115,43037.94,192694.6,16.27
2024-11-07,FULL,14,94.8,1620.0115,43037.94,196615.03,15.2
2024-11-08,FULL,14,95.66,1620.0115,43037.94,198008.24,14.94
2024-11-11,FULL,14,95.77,1620.0115,43037.94,198186.44,14.97
2024-11-12,FULL,14,94.69,1620.0115,43037.94,196436.82,14.71
2024-11-13,FULL,14,95.33,1620.0115,43037.94,197473.63,14.02
2024-11-14,FULL,15,92.94,1620.0115,43037.94,193601.8,14.31
2024-11-15,FULL,15,89.75,1620.0115,43037.94,188433.97,16.14
2024-11-18,FULL,15,90.58,1620.0115,43037.94,189778.58,15.58
2024-11-19,FULL,15,91.93,1620.0115,43037.94,191965.59,16.35
2024-11-20,FULL,15,91.78,1620.0115,43037.94,191722.59,17.16
2024-11-21,FULL,15,92.75,1620.0115,43037.94,193294.0,16.87
2024-11-22,FULL,14,94.33,1620.0115,43037.94,195853.62,15.24
2024-11-25,FULL,14,94.28,1620.0115,43037.94,195772.62,14.6
2024-11-26,FULL,14,96.54,1620.0115,43037.94,199433.85,14.1
2024-11-27,FULL,14,95.6,1620.0115,43037.94,197911.03,14.1
2024-11-29,FULL,14,97.26,1620.0115,43037.94,200600.25,13.51
2024-12-02,FULL,14,97.72,1620.0115,43037.94,201345.46,13.34
2024-12-03,FULL,14,97.94,1620.0115,43037.94,201701.86,13.3
2024-12-04,FULL,14,99.27,1620.0115,43037.94,203856.48,13.45
2024-12-05,FULL,14,98.61,1620.0115,43037.94,202787.27,13.54
2024-12-06,FULL,14,99.2,1620.0115,43037.94,203743.08,12.77
2024-12-09,FULL,14,97.69,1620.0115,43037.94,201296.86,14.19
2024-12-10,FULL,15,97.14,1620.0115,43037.94,200405.85,14.18
2024-12-11,FULL,14,98.84,1620.0115,43037.94,203159.87,13.58
2024-12-12,FULL,15,97.84,1620.0115,43037.94,201539.86,13.92
2024-12-13,FULL,15,97.29,1620.0115,43037.94,200648.85,13.81
2024-12-16,FULL,15,98.2,1620.0115,43037.94,202123.06,14.69
2024-12-17,FULL,15,97.19,1620.0115,43037.94,200486.85,15.87
2024-12-18,HALF,18,88.86,789.1296,116832.18,186954.24,27.62
2024-12-19,HALF,18,88.5,789.1296,116832.18,186670.15,24.09
2024-12-20,HALF_R1,15,91.9,772.6599,118343.99,189351.44,18.36
2024-12-23,FULL,15,92.96,1534.2926,47506.21,190134.06,16.78
2024-12-24,FULL,15,95.88,1534.2926,47506.21,194614.19,14.27
2024-12-26,FULL,15,95.92,1534.2926,47506.21,194675.56,14.73
2024-12-27,FULL,15,92.9,1534.2926,47506.21,190042.0,15.95
2024-12-30,HALF,18,89.47,774.4749,115452.12,184744.39,17.4
2024-12-31,HALF,18,88.78,774.4749,115452.12,184210.0,17.35
2025-01-02,HALF,18,87.79,774.4749,115452.12,183443.27,17.93
2025-01-03,HALF,18,91.14,774.4749,115452.12,186037.76,16.13
2025-01-06,HALF_R1,15,92.9,756.4619,117123.68,187399.0,16.04
2025-01-07,HALF,18,89.73,773.157,115623.88,184999.26,17.82
2025-01-08,HALF,18,89.43,773.157,115623.88,184767.32,17.7
2025-01-10,HALF,18,85.43,773.157,115623.88,181674.69,19.54
2025-01-13,HALF,18,86.85,773.157,115623.88,182772.57,19.19
2025-01-14,HALF,18,86.55,773.157,115623.88,182540.62,18.71
2025-01-15,HALF,18,91.27,773.157,115623.88,186189.93,16.12
2025-01-16,HALF,18,90.4,773.157,115623.88,185517.28,16.6
2025-01-17,HALF_R1,15,93.0,756.1592,117202.89,187525.7,15.97
2025-01-21,FULL,15,96.03,1482.4809,47418.34,189780.99,15.06
2025-01-22,FULL,15,97.0,1482.4809,47418.34,191218.99,15.1
2025-01-23,FULL,14,98.5,1482.4809,47418.34,193442.71,15.02
2025-01-24,FULL,15,97.61,1482.4809,47418.34,192123.31,14.85
2025-01-27,FULL,15,93.94,1482.4809,47418.34,186682.6,17.9
2025-01-28,FULL,15,95.69,1482.4809,47418.34,189276.94,16.41
2025-01-29,FULL,15,94.7,1482.4809,47418.34,187809.29,16.56
2025-01-30,FULL,15,96.6,1482.4809,47418.34,190626.0,15.84
2025-01-31,FULL,15,94.5,1482.4809,47418.34,187512.79,16.43
2025-02-03,FULL,15,94.18,1482.4809,47418.34,187038.4,18.62
2025-02-04,FULL,15,93.55,1482.4809,47418.34,186104.43,17.21
2025-02-05,FULL,15,95.73,1482.4809,47418.34,189336.24,15.77
2025-02-06,FULL,15,95.99,1482.4809,47418.34,189721.69,15.5
2025-02-07,FULL,15,93.75,1482.4809,47418.34,186400.93,16.54
2025-02-10,FULL,15,95.07,1482.4809,47418.34,188357.8,15.81
2025-02-11,FULL,15,95.88,1482.4809,47418.34,189558.61,16.02
2025-02-12,FULL,15,95.48,1482.4809,47418.34,188965.62,15.89
2025-02-13,FULL,15,97.85,1482.4809,47418.34,192479.1,15.1
2025-02-14,FULL,15,97.8,1482.4809,47418.34,192404.98,14.77
2025-02-18,FULL,15,98.6,1482.4809,47418.34,193590.96,15.35
2025-02-19,FULL,14,98.87,1482.4809,47418.34,193991.23,15.27
2025-02-20,FULL,15,98.09,1482.4809,47418.34,192834.9,15.66
2025-02-21,FULL,15,93.01,1482.4809,47418.34,185303.89,18.21
2025-02-24,HALF,18,91.34,750.6082,114233.17,182793.73,18.98
2025-02-25,HALF,18,90.84,750.6082,114233.17,182418.42,19.43
2025-02-26,HALF,18,90.42,750.6082,114233.17,182103.17,19.1
2025-02-27,HALF,18,86.46,750.6082,114233.17,179130.76,21.13
2025-02-28,HALF,18,89.7,750.6082,114233.17,181562.73,19.63
2025-03-03,HALF,18,85.49,750.6082,114233.17,178402.67,22.78
2025-03-04,HALF,18,84.02,750.6082,114233.17,177299.27,23.51
2025-03-05,HALF,18,84.51,750.6082,114233.17,177667.07,21.93
2025-03-06,HALF,18,80.89,750.6082,114233.17,174949.87,24.87
2025-03-07,HALF,18,81.05,750.6082,114233.17,175069.97,23.37
2025-03-10,OFF_C5,24,74.02,0.0,169764.41,169764.41,27.86
2025-03-11,OFF_C5,24,73.74,0.0,169764.41,169764.41,26.92
2025-03-12,OFF_C5,24,74.8,0.0,169764.41,169764.41,24.23
2025-03-13,OFF_C5,24,72.17,0.0,169764.41,169764.41,24.66
2025-03-14,OFF_C5,24,75.08,0.0,169764.41,169764.41,21.77
2025-03-17,OFF_C5,24,77.33,0.0,169764.41,169764.41,20.51
2025-03-18,OFF_C5,24,74.74,0.0,169764.41,169764.41,21.7
2025-03-19,OFF_C5,24,77.67,0.0,169764.41,169764.41,19.9
2025-03-20,OFF_C5,24,76.51,0.0,169764.41,169764.41,19.8
2025-03-21,OFF_C5,24,76.68,0.0,169764.41,169764.41,19.28
2025-03-24,OFF_C4,18,80.47,0.0,169764.41,169764.41,17.48
2025-03-25,OFF_C3,18,81.27,0.0,169764.41,169764.41,17.15
2025-03-26,OFF_C5,24,77.56,0.0,169764.41,169764.41,18.33
2025-03-27,OFF_C5,24,77.09,0.0,169764.41,169764.41,18.69
2025-03-28,OFF_C5,24,71.91,0.0,169764.41,169764.41,21.65
2025-03-31,OFF_C5,24,73.08,0.0,169764.41,169764.41,22.28
2025-04-01,OFF_C5,24,74.98,0.0,169764.41,169764.41,21.77
2025-04-02,OFF_C5,24,68.13,0.0,169764.41,169764.41,21.51
2025-04-03,OFF_C5,12,64.71,0.0,169764.41,169764.41,30.02
2025-04-04,OFF_C5,12,53.28,0.0,169764.41,169764.41,45.31
2025-04-07,OFF_C5,12,54.55,0.0,169764.41,169764.41,46.98
2025-04-08,OFF_C5,12,48.69,0.0,169764.41,169764.41,52.33
2025-04-09,OFF_C5,12,65.63,0.0,169764.41,169764.41,33.62
2025-04-10,OFF_C5,12,57.15,0.0,169764.41,169764.41,40.72
2025-04-11,OFF_C5,12,60.94,0.0,169764.41,169764.41,37.56
2025-04-14,OFF_C5,12,62.03,0.0,169764.41,169764.41,30.89
2025-04-15,OFF_C5,12,60.79,0.0,169764.41,169764.41,30.12
2025-04-16,OFF_C5,12,58.16,0.0,169764.41,169764.41,32.64
2025-04-17,OFF_C5,24,58.46,0.0,169764.41,169764.41,29.65
2025-04-21,OFF_C5,12,54.77,0.0,169764.41,169764.41,33.82
2025-04-22,OFF_C5,12,61.43,0.0,169764.41,169764.41,30.57
2025-04-23,OFF_C5,24,61.46,0.0,169764.41,169764.41,28.45
2025-04-24,OFF_C5,24,65.41,0.0,169764.41,169764.41,26.47
2025-04-25,OFF_C5,24,66.35,0.0,169764.41,169764.41,24.84
2025-04-28,OFF_C5,24,66.32,0.0,169764.41,169764.41,25.15
2025-04-29,OFF_C5,24,66.96,0.0,169764.41,169764.41,24.17
2025-04-30,OFF_C5,21,69.26,0.0,169764.41,169764.41,24.7
2025-05-01,OFF_C5,24,68.45,0.0,169764.41,169764.41,24.6
2025-05-02,OFF_C5,21,71.92,0.0,169764.41,169764.41,22.68
2025-05-05,OFF_C5,21,70.41,0.0,169764.41,169764.41,23.64
2025-05-06,OFF_C5,21,70.55,0.0,169764.41,169764.41,24.76
2025-05-07,OFF_C5,21,69.7,0.0,169764.41,169764.41,23.55
2025-05-08,OFF_C5,21,70.92,0.0,169764.41,169764.41,22.48
2025-05-09,OFF_C5,21,71.02,0.0,169764.41,169764.41,21.9
2025-05-12,OFF_C4,14,77.63,0.0,169764.41,169764.41,18.39
2025-05-13,OFF_C3,14,79.59,0.0,169764.41,169764.41,18.22
2025-05-14,OFF_C2,14,79.09,0.0,169764.41,169764.41,18.62
2025-05-15,OFF_C1,14,80.7,0.0,169764.41,169764.41,17.83
2025-05-16,OFF_R,14,79.75,0.0,169764.41,169764.41,17.24
2025-05-19,FULL,14,82.72,1539.2083,42376.44,169699.75,18.14
2025-05-20,FULL,14,81.43,1539.2083,42376.44,167714.17,18.09
2025-05-21,FULL,15,77.63,1539.2083,42376.44,161865.18,20.87
2025-05-22,FULL,15,77.3,1539.2083,42376.44,161357.24,20.28
2025-05-23,FULL,15,75.9,1539.2083,42376.44,159202.35,22.29
2025-05-27,FULL,14,80.73,1539.2083,42376.44,166636.72,18.96
2025-05-28,FULL,14,82.48,1539.2083,42376.44,169330.34,19.31
2025-05-29,FULL,15,79.39,1539.2083,42376.44,164574.19,19.18
2025-05-30,FULL,15,79.02,1539.2083,42376.44,164004.68,18.57
2025-06-02,FULL,15,80.57,1539.2083,42376.44,166390.45,18.36
2025-06-03,FULL,14,82.61,1539.2083,42376.44,169530.44,17.69
2025-06-04,FULL,14,82.16,1539.2083,42376.44,168837.79,17.61
2025-06-05,FULL,15,81.09,1539.2083,42376.44,167190.84,18.48
2025-06-06,FULL,14,83.7,1539.2083,42376.44,171208.17,16.77
2025-06-09,FULL,14,83.85,1539.2083,42376.44,171439.05,17.16
2025-06-10,FULL,14,84.93,1539.2083,42376.44,173101.4,16.95
2025-06-11,FULL,14,84.14,1539.2083,42376.44,171885.42,17.26
2025-06-12,FULL,14,83.92,1539.2083,42376.44,171546.8,18.02
2025-06-13,FULL,15,82.6,1539.2083,42376.44,169515.04,20.82
2025-06-16,FULL,15,83.26,1539.2083,42376.44,170530.92,19.11
2025-06-17,FULL,15,82.04,1539.2083,42376.44,168653.09,21.6
2025-06-18,FULL,15,82.38,1539.2083,42376.44,169176.42,20.14
2025-06-20,FULL,15,82.15,1539.2083,42376.44,168822.4,20.62
2025-06-23,FULL,14,85.64,1539.2083,42376.44,174194.24,19.83
2025-06-24,FULL,14,86.91,1539.2083,42376.44,176149.03,17.48
2025-06-25,FULL,14,86.9,1539.2083,42376.44,176133.64,16.76
2025-06-26,FULL,14,89.0,1539.2083,42376.44,179365.98,16.59
2025-06-27,FULL,14,89.9,1539.2083,42376.44,180751.26,16.32
2025-06-30,FULL,14,91.2,1539.2083,42376.44,182752.24,16.73
2025-07-01,FULL,14,91.36,1539.2083,42376.44,182998.51,16.83
2025-07-02,FULL,14,92.58,1539.2083,42376.44,184876.34,16.64
2025-07-03,TRIM,13,94.4,1118.3126,82088.13,187656.84,16.38
2025-07-07,FULL,14,92.08,1507.3497,46246.68,185043.44,17.79
2025-07-08,FULL,14,92.23,1507.3497,46246.68,185269.54,16.81
2025-07-09,FULL,14,93.76,1507.3497,46246.68,187575.79,15.94
2025-07-10,FULL,14,94.74,1507.3497,46246.68,189052.99,15.78
2025-07-11,FULL,14,93.36,1507.3497,46246.68,186972.85,16.4
2025-07-14,FULL,14,93.73,1507.3497,46246.68,187530.57,17.2
2025-07-15,FULL,14,92.35,1507.3497,46246.68,185450.42,17.38
2025-07-16,FULL,14,93.28,1507.3497,46246.68,186852.26,17.16
2025-07-17,FULL,14,95.78,1507.3497,46246.68,190620.63,16.52
2025-07-18,FULL,14,95.15,1507.3497,46246.68,189671.0,16.41
2025-07-21,FULL,14,95.79,1507.3497,46246.68,190635.71,16.65
2025-07-22,FULL,14,96.43,1507.3497,46246.68,191600.41,16.5
2025-07-23,FULL,14,98.27,1507.3497,46246.68,194373.93,15.37
2025-07-24,FULL,14,98.6,1507.3497,46246.68,194871.36,15.39
2025-07-25,FULL,14,99.4,1507.3497,46246.68,196077.24,14.93
2025-07-28,FULL,14,99.39,1507.3497,46246.68,196062.17,15.03
2025-07-29,FULL,14,98.5,1507.3497,46246.68,194720.62,15.98
2025-07-30,FULL,14,100.14,1507.3497,46246.68,197192.68,15.48
2025-07-31,FULL,15,96.38,1507.3497,46246.68,191525.04,16.72
2025-08-01,FULL,15,91.85,1507.3497,46246.68,184696.75,20.38
2025-08-04,FULL,15,96.43,1507.3497,46246.68,191600.41,17.52
2025-08-05,FULL,15,94.39,1507.3497,46246.68,188525.42,17.85
2025-08-06,FULL,15,97.22,1507.3497,46246.68,192791.22,16.77
2025-08-07,FULL,15,97.01,1507.3497,46246.68,192474.67,16.57
2025-08-08,FULL,14,99.27,1507.3497,46246.68,195881.28,15.15
2025-08-11,FULL,15,98.0,1507.3497,46246.68,193966.95,16.25
2025-08-12,FULL,14,101.36,1507.3497,46246.68,199031.64,14.73
2025-08-13,FULL,14,102.23,1507.3497,46246.68,200343.04,14.49
2025-08-14,FULL,14,102.5,1507.3497,46246.68,200750.02,14.83
2025-08-15,FULL,14,101.4,1507.3497,46246.68,199091.94,15.09
2025-08-18,FULL,14,101.58,1507.3497,46246.68,199363.26,14.99
2025-08-19,FULL,15,99.33,1507.3497,46246.68,195971.72,15.57
2025-08-20,FULL,15,98.64,1507.3497,46246.68,194931.65,15.69
2025-08-21,FULL,15,98.05,1507.3497,46246.68,194042.32,16.6
2025-08-22,FULL,14,102.13,1507.3497,46246.68,200192.3,14.22
2025-08-25,FULL,15,100.89,1507.3497,46246.68,198323.19,14.79
2025-08-26,FULL,15,102.18,1507.3497,46246.68,200267.67,14.62
2025-08-27,FULL,15,101.69,1507.3497,46246.68,199529.07,14.85
2025-08-28,FULL,14,103.4,1507.3497,46246.68,202106.64,14.43
2025-08-29,FULL,15,101.61,1507.3497,46246.68,199408.48,15.36
2025-09-02,FULL,15,99.79,1507.3497,46246.68,196665.11,17.17
2025-09-03,FULL,15,100.79,1507.3497,46246.68,198172.45,16.35
2025-09-04,FULL,15,103.59,1507.3497,46246.68,202393.03,15.3
2025-09-05,FULL,15,101.92,1507.3497,46246.68,199875.76,15.18
2025-09-08,FULL,15,103.28,1507.3497,46246.68,201925.76,15.11
2025-09-09,FULL,15,104.16,1507.3497,46246.68,203252.22,15.04
2025-09-10,FULL,14,105.03,1507.3497,46246.68,204563.62,15.35
2025-09-11,FULL,14,107.39,1507.3497,46246.68,208120.96,14.71
2025-09-12,FULL,14,107.04,1507.3497,46246.68,207593.39,14.76
2025-09-15,FULL,14,108.66,1507.3497,46246.68,210035.3,15.69
2025-09-16,FULL,14,108.43,1507.3497,46246.68,209688.61,16.36
2025-09-17,FULL,14,108.92,1507.3497,46246.68,210427.21,15.72
2025-09-18,FULL,14,109.95,1507.3497,46246.68,211979.78,15.7
2025-09-19,FULL,14,110.62,1507.3497,46246.68,212989.7,15.45
2025-09-22,FULL,14,112.36,1507.3497,46246.68,215612.49,16.1
2025-09-23,FULL,14,110.76,1507.3497,46246.68,213200.73,16.64
2025-09-24,FULL,14,109.42,1507.3497,46246.68,211180.88,16.18
2025-09-25,FULL,15,107.65,1507.3497,46246.68,208512.87,16.74
2025-09-26,FULL,14,109.6,1507.3497,46246.68,211452.21,15.29
2025-09-29,FULL,14,110.35,1507.3497,46246.68,212582.72,16.12
2025-09-30,FULL,14,110.91,1507.3497,46246.68,213426.83,16.28
2025-10-01,FULL,14,112.58,1507.3497,46246.68,215944.11,16.29
2025-10-02,FULL,14,113.14,1507.3497,46246.68,216788.22,16.63
2025-10-03,FULL,14,113.02,1507.3497,46246.68,216607.34,16.65
2025-10-06,FULL,14,113.63,1507.3497,46246.68,217526.83,16.37
2025-10-07,FULL,14,112.8,1507.3497,46246.68,216275.73,17.24
2025-10-08,FULL,14,115.11,1507.3497,46246.68,219757.7,16.3
2025-10-09,FULL,14,114.17,1507.3497,46246.68,218340.79,16.43
2025-10-10,FULL,15,103.94,1507.3497,46246.68,202920.61,21.66
2025-10-13,FULL,15,109.02,1507.3497,46246.68,210577.94,19.03
2025-10-14,FULL,15,109.02,1507.3497,46246.68,210577.94,20.81
2025-10-15,FULL,15,110.03,1507.3497,46246.68,212100.37,20.64
2025-10-16,FULL,15,106.78,1507.3497,46246.68,207201.48,25.31
2025-10-17,FULL,15,109.93,1507.3497,46246.68,211949.63,20.78
2025-10-20,FULL,15,113.3,1507.3497,46246.68,217029.4,18.23
2025-10-21,FULL,15,112.95,1507.3497,46246.68,216501.83,17.87
2025-10-22,FULL,15,110.74,1507.3497,46246.68,213170.58,18.6
2025-10-23,FULL,15,113.38,1507.3497,46246.68,217149.99,17.3
2025-10-24,FULL,14,115.91,1507.3497,46246.68,220963.58,16.37
2025-10-27,FULL,14,120.2,1507.3497,46246.68,227430.11,15.79
2025-10-28,FULL,14,120.95,1507.3497,46246.68,228560.63,16.42
2025-10-29,FULL,14,120.6,1507.3497,46246.68,228033.05,16.92
2025-10-30,FULL,14,118.87,1507.3497,46246.68,225425.34,16.91
2025-10-31,FULL,15,118.11,1507.3497,46246.68,224279.75,17.44
2025-11-03,FULL,14,118.37,1507.3497,46246.68,224671.66,17.17
2025-11-04,FULL,15,114.02,1507.3497,46246.68,218114.69,19.0
2025-11-05,FULL,15,115.78,1507.3497,46246.68,220767.63,18.01
2025-11-06,FULL,15,112.65,1507.3497,46246.68,216049.62,19.5
2025-11-07,FULL,15,112.58,1507.3497,46246.68,215944.11,19.08
2025-11-10,FULL,15,117.18,1507.3497,46246.68,222877.92,17.6
2025-11-11,FULL,15,117.96,1507.3497,46246.68,224053.65,17.28
2025-11-12,FULL,15,117.12,1507.3497,46246.68,222787.48,17.51
2025-11-13,FULL,15,112.58,1507.3497,46246.68,215944.11,20.0
2025-11-14,FULL,15,112.45,1507.3497,46246.68,215748.15,19.83
2025-11-17,HALF,18,109.2,724.0703,131737.02,210805.5,22.38
2025-11-18,HALF,18,106.53,724.0703,131737.02,208872.23,24.69
2025-11-19,HALF,18,110.57,724.0703,131737.02,211797.48,23.66
2025-11-20,HALF,18,102.74,724.0703,131737.02,206128.01,26.42
2025-11-21,HALF,18,105.8,724.0703,131737.02,208343.66,23.43
2025-11-24,HALF,18,110.36,724.0703,131737.02,211645.42,20.52
2025-11-25,HALF_R1,15,113.2,707.9343,133561.7,213699.87,18.56
2025-11-26,FULL,15,115.49,1398.3096,53789.39,215280.17,17.19
2025-11-28,FULL,15,117.21,1398.3096,53789.39,217685.26,16.35
2025-12-01,FULL,15,115.4,1398.3096,53789.39,215154.32,17.24
2025-12-02,FULL,15,116.37,1398.3096,53789.39,216510.68,16.59
2025-12-03,FULL,15,117.22,1398.3096,53789.39,217699.25,16.08
2025-12-04,FULL,15,117.31,1398.3096,53789.39,217825.09,15.78
2025-12-05,FULL,15,118.17,1398.3096,53789.39,219027.64,15.41
2025-12-08,FULL,15,117.31,1398.3096,53789.39,217825.09,16.66
2025-12-09,FULL,15,116.54,1398.3096,53789.39,216748.4,16.93
2025-12-10,FULL,15,118.38,1398.3096,53789.39,219321.29,15.77
2025-12-11,FULL,15,119.62,1398.3096,53789.39,221055.19,14.85
2025-12-12,FULL,15,115.7,1398.3096,53789.39,215573.82,15.74
2025-12-15,FULL,15,114.91,1398.3096,53789.39,214469.15,16.5
2025-12-16,FULL,15,113.75,1398.3096,53789.39,212847.11,16.48
2025-12-17,HALF,18,110.8,706.415,130411.98,208682.77,17.62
2025-12-18,HALF_R1,15,112.89,698.1105,131348.02,210157.71,16.87
2025-12-19,FULL,15,116.11,1372.0112,53061.28,212365.5,14.91
2025-12-22,FULL,15,118.09,1372.0112,53061.28,215082.08,14.08
2025-12-23,FULL,15,119.3,1372.0112,53061.28,216742.21,14.0
2025-12-24,FULL,15,120.15,1372.0112,53061.28,217908.42,13.47
2025-12-26,FULL,15,120.09,1372.0112,53061.28,217826.1,13.6
2025-12-29,FULL,15,118.73,1372.0112,53061.28,215960.17,14.2
2025-12-30,FULL,15,118.27,1372.0112,53061.28,215329.04,14.33
