strategy,etf,ifa_score,sharpe,total_return_pct,cagr_pct,max_drawdown_pct,calmar,sortino,win_rate,total_trades,profit_factor,avg_trade_pct,avg_win,avg_loss,avg_bars_held,passes_gates
EMA_5_13_ADX25,SPY,0.4751,1.18,137.5,15.96,20.99,0.76,1.38,78.6,14,10.74,9.82,13749.35,-4692.94,77.9,True
IBS_15pct_5d,TQQQ,0.4699,1.039,853.97,46.0,39.83,1.155,0.99,67.1,158,1.95,5.4,16545.49,-17330.98,2.7,True
IBS_20pct_5d,TQQQ,0.4637,1.015,874.62,46.52,40.99,1.135,1.044,67.2,198,1.7,4.42,15986.44,-19276.35,2.6,True
RSI_Bounce_30_55_ATR2.5,GLD,0.4501,1.004,22.76,3.54,3.45,1.026,0.51,87.5,8,9.3,2.84,3642.56,-2741.82,13.9,False
IBS_20pct_3d,TQQQ,0.4475,0.996,736.71,42.82,38.47,1.113,1.006,65.7,207,1.59,3.56,14522.43,-17458.17,2.4,True
EMA_5_13_ADX25,UPRO,0.4429,0.93,503.42,36.03,50.4,0.715,1.059,90.0,10,5.68,50.34,67783.31,-107487.32,107.0,True
IBS_20pct_2d,TQQQ,0.418,0.939,579.06,37.9,36.72,1.032,0.921,63.0,216,1.47,2.68,13265.45,-15325.07,2.0,True
SMA200_RSI_35_75,QQQ,0.4134,0.945,56.33,8.06,12.55,0.642,0.644,80.0,5,11.99,11.27,15363.86,-5124.52,75.2,False
IBS_20pct_2d,SOXL,0.4102,0.913,924.08,47.74,68.92,0.693,0.919,63.7,234,1.2,3.95,36496.22,-53121.37,2.0,True
IBS_20pct_5d,UPRO,0.405,0.903,468.01,33.83,38.14,0.887,0.908,65.1,189,1.68,2.48,9332.35,-10325.55,2.8,True
RSI_Bounce_25_70_ATR2.5,SOXL,0.4049,0.941,780.85,44.59,46.73,0.954,0.687,100.0,4,0.0,195.21,195212.1,0.0,71.0,False
IBS_10pct_5d,UPRO,0.3974,0.867,361.13,29.23,33.93,0.862,0.692,65.5,116,2.07,3.11,9142.53,-8375.43,2.7,True
IBS_15pct_3d,TQQQ,0.3964,0.874,457.02,33.4,38.47,0.868,0.802,63.9,166,1.64,2.75,11007.19,-11842.26,2.4,True
IBS_20pct_5d,SOXL,0.3925,0.852,740.02,42.91,76.75,0.559,0.896,66.5,212,1.2,3.49,31597.55,-52344.12,2.8,True
IBS_15pct_2d,SOXL,0.3917,0.872,716.87,42.25,67.49,0.626,0.778,63.5,197,1.3,3.64,24869.77,-33252.48,1.9,True
RSI_Bounce_30_60_ATR2.5,GLD,0.3916,0.843,21.04,3.29,5.39,0.61,0.442,85.7,7,8.79,3.01,3956.6,-2700.77,21.1,False
RSI_MeanRev_25_75,SOXL,0.3915,0.912,676.71,41.54,46.72,0.889,0.64,100.0,4,0.0,169.18,169177.01,0.0,64.5,False
IBS_15pct_5d,UPRO,0.3906,0.863,387.33,30.44,38.52,0.79,0.779,65.8,155,1.75,2.5,8813.34,-9679.6,2.7,True
SMA200_RSI_40_75,QQQ,0.3884,0.872,71.91,9.86,14.18,0.695,0.721,83.3,6,7.66,11.98,16487.4,-10768.44,95.7,False
RSI_Bounce_30_70_ATR1.5,SOXL,0.3812,0.805,503.0,35.59,53.59,0.664,0.613,77.8,9,4.85,55.89,90525.74,-65338.27,33.1,False
RSI_Bounce_25_65_ATR2.5,SOXL,0.381,0.885,604.89,39.23,46.73,0.84,0.566,100.0,4,0.0,151.22,151223.42,0.0,49.2,False
RSI_Bounce_25_70_ATR2.0,SOXL,0.3766,0.87,580.94,38.42,46.72,0.822,0.609,100.0,4,0.0,145.24,145235.4,0.0,64.0,False
EMA_20_50_ADX20,GLD,0.3749,1.225,154.09,17.31,18.1,0.956,1.454,100.0,2,0.0,77.04,76858.39,0.0,549.0,False
EMA_20_50_ADX25,GLD,0.3749,1.225,154.09,17.31,18.1,0.956,1.454,100.0,2,0.0,77.04,76858.39,0.0,549.0,False
SMA100_RSI_45_75,GLD,0.3728,1.127,63.89,8.95,7.76,1.153,0.957,63.6,11,5.62,5.81,11103.81,-3460.34,43.5,True
RSI_Bounce_30_65_ATR1.5,SOXL,0.3719,0.786,457.38,33.8,53.59,0.631,0.552,77.8,9,4.74,50.82,82831.7,-61219.83,26.1,False
Bollinger_20_2,QQQ,0.367,0.951,104.25,12.91,15.22,0.848,0.964,60.0,10,7.97,10.42,19865.82,-3737.41,81.2,True
RSI_Bounce_25_65_ATR2.0,SOXL,0.3653,0.843,510.64,35.88,46.72,0.768,0.529,100.0,4,0.0,127.66,127660.94,0.0,48.0,False
RSI_Bounce_30_60_ATR1.5,SOXL,0.3646,0.77,425.63,32.47,53.59,0.606,0.521,77.8,9,4.65,47.29,77476.67,-58352.94,23.3,False
RSI_Bounce_25_60_ATR2.5,SOXL,0.3635,0.837,501.57,35.54,46.73,0.761,0.509,100.0,4,0.0,125.39,125391.29,0.0,42.5,False
IBS_5pct_5d,UPRO,0.3608,0.838,186.91,19.34,34.34,0.563,0.586,68.6,70,1.95,2.67,7998.91,-8956.16,2.8,True
EMA_12_26_ADX25,SPY,0.3591,0.512,46.94,6.81,28.24,0.241,0.615,85.7,7,16.26,6.71,8299.23,-3062.03,159.9,False
IBS_10pct_5d,SOXL,0.3538,0.767,440.21,32.71,67.74,0.483,0.666,63.8,130,1.33,3.39,21177.31,-28032.08,2.7,True
EMA_12_26_ADX20,GLD,0.3538,0.682,49.01,7.07,18.1,0.39,0.692,75.0,4,14.36,12.25,17558.41,-3667.43,200.5,False
EMA_12_26_ADX15,QQQ,0.3516,1.035,131.14,15.42,17.66,0.874,1.249,58.8,17,5.2,7.71,16197.43,-4452.31,61.8,True
RSI_Bounce_25_55_ATR2.5,SOXL,0.3514,0.81,433.27,32.8,46.73,0.702,0.466,100.0,4,0.0,108.32,108317.68,0.0,36.5,False
RSI_Bounce_30_55_ATR1.5,SOXL,0.3499,0.74,366.0,29.8,53.59,0.556,0.479,77.8,9,4.45,40.67,67420.95,-52971.1,20.7,False
RSI_Bounce_25_60_ATR2.0,SOXL,0.348,0.794,421.13,32.28,46.72,0.691,0.472,100.0,4,0.0,105.28,105283.5,0.0,41.2,False
IBS_20pct_1d,SOXL,0.3461,0.779,461.26,33.56,62.38,0.538,0.745,59.2,265,1.15,1.74,22589.85,-28582.78,1.2,True
RSI_Bounce_25_70_ATR1.5,SOXL,0.3452,0.779,412.03,31.89,46.7,0.683,0.54,100.0,4,0.0,103.01,103008.43,0.0,61.8,False
IBS_15pct_5d,SOXL,0.3439,0.723,379.82,30.1,76.07,0.396,0.686,66.5,179,1.25,2.12,15895.42,-25218.36,2.7,True
IBS_5pct_5d,TQQQ,0.3424,0.726,200.46,20.27,32.29,0.628,0.485,63.2,68,1.96,2.95,9542.74,-8395.25,2.6,True
SMA200_RSI_35_70,QQQ,0.341,1.054,54.39,7.83,8.7,0.899,0.583,71.4,7,4.5,7.77,13989.23,-7777.41,34.7,False
RSI_Bounce_25_65_ATR1.5,SOXL,0.3371,0.759,372.93,30.12,46.7,0.645,0.472,100.0,4,0.0,93.23,93233.32,0.0,46.0,False
RSI_Bounce_25_55_ATR2.0,SOXL,0.336,0.765,361.99,29.61,46.72,0.634,0.43,100.0,4,0.0,90.5,90498.32,0.0,35.2,False
SMA200_RSI_35_75,UPRO,0.3358,0.74,80.85,10.83,20.1,0.539,0.441,75.0,4,7.25,20.21,31267.02,-12946.48,66.5,False
RSI_Bounce_25_60_ATR1.5,SOXL,0.331,0.742,345.71,28.82,46.7,0.617,0.438,100.0,4,0.0,86.43,86427.55,0.0,39.8,False
IBS_20pct_5d,QQQ,0.3294,0.755,91.01,11.47,17.93,0.64,0.792,65.6,192,1.62,0.47,1884.36,-2226.76,2.6,True
IBS_15pct_5d,QQQ,0.3292,0.801,93.72,11.73,21.08,0.557,0.776,65.2,155,1.7,0.6,2231.82,-2449.03,2.6,True
Bollinger_20_2,TQQQ,0.3292,0.746,275.89,25.25,51.54,0.49,0.625,63.6,11,6.03,25.08,47252.5,-13718.29,75.4,True
IBS_10pct_5d,TQQQ,0.3276,0.707,258.94,23.91,53.87,0.444,0.584,62.8,113,1.5,2.29,10968.65,-12401.44,2.8,True
IBS_5pct_5d,GLD,0.3245,0.897,26.47,4.02,5.23,0.769,0.611,60.5,43,2.55,0.62,1673.86,-1003.2,2.9,True
IBS_20pct_3d,UPRO,0.3244,0.67,200.93,20.3,36.1,0.562,0.641,63.5,197,1.37,1.02,5894.65,-7454.95,2.4,True
IBS_5pct_5d,SPY,0.3242,0.695,32.87,4.88,8.11,0.602,0.477,69.8,63,2.02,0.52,1481.47,-1700.9,2.7,True
EMA_20_50_ADX15,QQQ,0.3219,0.886,113.29,13.85,26.19,0.529,1.065,72.7,11,4.44,10.3,18227.11,-10944.49,100.9,True
RSI_Bounce_30_55_ATR2.0,SOXL,0.3214,0.692,312.37,27.14,53.42,0.508,0.528,77.8,9,3.44,34.71,62875.05,-63880.16,28.2,False
EMA_9_21_ADX20,SPY,0.3203,0.826,94.87,12.1,23.91,0.506,1.04,75.0,12,4.55,7.91,13467.79,-8874.3,104.5,True
EMA_5_13_ADX15,TQQQ,0.3199,0.884,469.71,34.7,53.01,0.655,0.822,50.0,30,2.23,15.66,56809.36,-25495.2,30.5,True
IBS_10pct_2d,SOXL,0.3198,0.69,293.81,25.86,63.67,0.406,0.557,61.3,142,1.25,2.07,17049.3,-21626.84,1.8,True
IBS_20pct_3d,SOXL,0.319,0.672,288.73,25.58,79.61,0.321,0.685,65.1,218,1.1,1.32,22856.44,-38913.68,2.5,True
IBS_10pct_5d,SPY,0.3188,0.766,53.9,7.5,13.84,0.542,0.643,64.5,107,1.99,0.5,1555.22,-1417.02,2.6,True
RSI_Bounce_25_55_ATR1.5,SOXL,0.3188,0.71,295.02,26.21,46.7,0.561,0.396,100.0,4,0.0,73.76,73755.95,0.0,33.8,False
EMA_9_21_ADX25,GLD,0.318,0.578,44.23,6.47,22.72,0.285,0.672,75.0,4,8.85,11.06,16620.03,-5633.54,258.8,False
RSI_MeanRev_20_80,GLD,0.317,0.537,2.4,0.4,0.24,1.658,0.23,100.0,1,0.0,2.4,2404.19,0.0,6.0,False
EMA_9_21_ADX15,SPY,0.3157,0.892,83.99,11.0,17.51,0.628,1.097,65.0,20,4.01,4.2,8583.42,-3979.81,57.0,True
IBS_20pct_3d,QQQ,0.3145,0.679,71.96,9.52,14.66,0.649,0.699,64.7,201,1.5,0.36,1649.68,-2013.91,2.3,True
SMA200_RSI_40_70,QQQ,0.3117,0.872,60.89,8.6,13.24,0.65,0.618,77.8,9,3.43,6.77,12229.36,-12471.3,44.0,False
SMA100_RSI_45_70,GLD,0.3099,0.917,47.8,7.02,8.62,0.814,0.757,63.6,11,4.59,4.35,8729.63,-3326.95,41.6,True
IBS_5pct_3d,GLD,0.3094,0.817,20.47,3.17,5.01,0.633,0.609,62.8,43,2.41,0.48,1296.71,-909.13,2.3,True
IBS_15pct_2d,TQQQ,0.3093,0.66,206.72,20.69,43.5,0.476,0.57,59.8,174,1.38,1.19,7210.62,-7766.07,1.9,True
EMA_20_50_ADX15,GLD,0.3087,0.689,51.61,7.38,15.65,0.472,0.703,62.5,8,8.09,6.45,11778.32,-2427.4,105.8,False
IBS_10pct_3d,SOXL,0.3067,0.66,269.71,24.53,69.12,0.355,0.563,60.0,135,1.2,2.0,20189.21,-25289.11,2.3,True
IBS_20pct_2d,UPRO,0.3047,0.619,162.55,17.58,38.45,0.457,0.568,63.0,208,1.31,0.78,5187.69,-6724.55,2.0,True
IBS_15pct_3d,UPRO,0.3023,0.616,158.19,17.25,39.55,0.436,0.526,62.7,161,1.36,0.98,5845.7,-7216.07,2.4,True
EMA_12_26_ADX15,SPY,0.3008,0.919,83.86,10.99,14.71,0.747,1.123,56.2,16,4.31,5.24,12098.21,-3612.02,71.1,True
RSI_Bounce_30_55_ATR2.5,SOXL,0.2997,0.665,278.28,25.29,57.28,0.442,0.511,77.8,9,2.71,30.92,62963.68,-81232.95,29.1,False
RSI_MeanRev_30_70,TQQQ,0.2988,0.677,250.23,23.67,43.26,0.547,0.534,72.7,11,2.9,22.75,47669.74,-43876.26,32.0,True
RSI_Bounce_30_70_ATR2.0,TQQQ,0.2988,0.677,250.23,23.67,43.26,0.547,0.534,72.7,11,2.9,22.75,47669.74,-43876.26,32.0,True
EMA_9_21_ADX15,QQQ,0.2978,1.009,123.91,14.8,23.77,0.622,1.192,50.0,22,3.79,5.63,15264.04,-4028.69,46.4,True
SMA200_RSI_35_70,UPRO,0.2962,0.629,63.05,8.85,20.1,0.441,0.365,75.0,4,6.05,15.76,25181.81,-12497.01,62.2,False
IBS_15pct_3d,SOXL,0.2941,0.605,200.96,20.3,78.68,0.258,0.556,63.6,184,1.12,1.09,16329.58,-25529.29,2.4,True
SMA100_RSI_35_75,GLD,0.288,0.759,21.11,3.38,4.57,0.74,0.251,100.0,3,0.0,7.04,7037.59,0.0,36.7,False
RSI_Bounce_30_60_ATR2.5,TQQQ,0.2871,0.643,205.78,20.85,41.83,0.499,0.518,70.0,10,3.52,20.58,40976.41,-27164.52,29.8,True
EMA_5_13_ADX15,UPRO,0.2865,0.775,208.43,21.27,40.3,0.528,0.848,53.1,32,2.3,6.51,21670.94,-10694.41,27.8,True
IBS_15pct_1d,SOXL,0.2852,0.588,187.81,19.41,57.1,0.34,0.493,59.2,211,1.13,0.89,12741.24,-16344.98,1.2,True
IBS_10pct_3d,UPRO,0.2838,0.543,114.4,13.65,37.67,0.362,0.403,62.9,116,1.39,0.99,5538.65,-6756.62,2.4,True
EMA_20_50_ADX20,SOXL,0.2837,0.621,176.63,19.03,42.92,0.443,0.524,100.0,2,0.0,88.32,88316.67,0.0,178.0,False
EMA_20_50_ADX25,QQQ,0.2827,0.577,70.04,9.51,33.97,0.28,0.695,75.0,4,6.12,17.51,27908.18,-13687.38,266.8,False
SMA100_RSI_35_70,GLD,0.2826,0.73,20.12,3.23,4.57,0.707,0.24,100.0,3,0.0,6.71,6708.12,0.0,36.3,False
IBS_15pct_3d,QQQ,0.2822,0.594,56.11,7.76,19.21,0.404,0.554,63.6,162,1.42,0.35,1817.91,-2230.21,2.3,True
EMA_9_21_ADX25,SPY,0.2793,0.725,75.62,10.12,23.61,0.429,0.843,100.0,4,0.0,18.9,18841.92,0.0,267.5,False
IBS_20pct_1d,TQQQ,0.2787,0.596,153.03,16.85,47.42,0.355,0.591,57.5,240,1.2,0.64,6707.71,-7581.96,1.2,True
SMA_50_200,QQQ,0.2774,0.764,70.12,9.66,23.29,0.415,0.713,100.0,2,0.0,35.06,34939.64,0.0,326.5,False
SMA_50_200,GLD,0.2766,0.922,81.05,10.85,19.25,0.564,1.012,40.0,5,7.67,16.21,46449.42,-4039.46,169.8,False
RSI_Bounce_30_65_ATR2.0,TQQQ,0.275,0.615,191.34,19.87,43.27,0.459,0.452,72.7,11,2.63,17.39,38535.88,-39122.87,26.8,True
SMA100_RSI_35_75,SPY,0.2748,0.742,13.95,2.29,6.14,0.373,0.278,66.7,3,6.56,4.65,8231.74,-2508.83,34.3,False
SMA200_RSI_45_75,QQQ,0.2729,0.708,57.12,8.16,17.93,0.455,0.622,66.7,6,5.11,9.52,17687.97,-6925.73,103.0,False
IBS_10pct_5d,QQQ,0.2729,0.579,49.61,6.99,21.36,0.327,0.498,62.2,111,1.58,0.45,1943.14,-2021.31,2.7,True
SMA200_RSI_35_70,GLD,0.2722,0.751,22.09,3.52,4.59,0.768,0.364,60.0,5,5.26,4.42,9092.23,-2592.55,33.4,False
EMA_9_21_ADX25,UPRO,0.272,0.591,158.56,17.66,60.19,0.293,0.677,100.0,4,0.0,39.64,39547.09,0.0,265.5,False
IBS_10pct_3d,TQQQ,0.2711,0.51,112.83,13.51,50.27,0.269,0.399,62.5,120,1.26,0.94,7268.15,-9619.84,2.4,True
EMA_5_13_ADX15,SPY,0.271,0.824,69.11,9.41,19.23,0.489,0.957,51.4,37,2.31,1.87,6384.35,-2912.72,27.9,True
RSI_Bounce_30_55_ATR2.0,GLD,0.2696,0.706,13.06,2.1,3.44,0.611,0.336,75.0,8,3.37,1.63,3095.23,-2754.17,11.4,False
EMA_12_26_ADX25,QQQ,0.2692,0.67,94.73,12.09,36.48,0.331,0.839,100.0,3,0.0,31.58,31483.16,0.0,381.0,False
SMA200_RSI_40_65,QQQ,0.269,0.667,39.3,5.92,13.24,0.447,0.408,80.0,10,2.71,3.93,7746.54,-11436.23,28.6,True
SMA_10_30,QQQ,0.267,0.948,114.81,14.19,23.47,0.605,1.085,47.8,23,2.53,4.99,17234.53,-6256.0,43.0,True
IBS_20pct_2d,QQQ,0.2661,0.569,53.34,7.44,20.22,0.368,0.568,59.8,209,1.35,0.26,1649.44,-1824.74,1.9,True
RSI_Bounce_30_55_ATR2.5,TQQQ,0.2625,0.589,160.31,17.6,41.83,0.421,0.422,70.0,10,3.02,16.03,34167.24,-26412.03,24.0,True
SMA200_RSI_40_75,SPY,0.2624,0.828,43.13,6.42,13.24,0.485,0.69,66.7,6,3.71,7.19,14691.81,-7919.63,90.7,False
EMA_5_13_ADX15,QQQ,0.2616,0.852,101.08,12.7,24.47,0.519,1.005,45.7,35,2.14,2.89,11845.76,-4670.4,29.6,True
SMA50_RSI_45_65,SOXL,0.261,0.766,122.16,14.86,23.8,0.624,0.3,55.6,9,3.74,13.57,33357.75,-11157.45,9.6,False
IBS_20pct_5d,SPY,0.2608,0.518,43.24,6.21,15.96,0.389,0.524,59.9,182,1.39,0.24,1411.61,-1521.01,2.8,True
SMA200_RSI_45_70,SPY,0.2605,0.739,41.56,6.22,15.4,0.404,0.696,72.7,11,2.9,3.78,7896.55,-7272.87,55.9,True
EMA_5_13_ADX20,SPY,0.2597,0.833,83.87,10.99,23.87,0.46,0.986,57.1,21,2.6,3.99,11335.52,-5824.15,54.4,True
RSI_Bounce_30_60_ATR2.0,TQQQ,0.2585,0.57,156.66,17.32,43.27,0.4,0.408,72.7,11,2.43,14.24,33235.36,-36531.97,25.4,True
EMA_9_21_ADX20,QQQ,0.2584,0.725,104.39,13.02,34.11,0.382,0.897,64.3,14,3.04,7.46,17249.78,-10229.81,81.9,True
SMA200_RSI_45_70,QQQ,0.2561,0.625,44.04,6.54,17.93,0.365,0.495,77.8,9,2.91,4.89,9544.2,-11488.6,53.1,False
SMA100_RSI_40_75,SPY,0.2552,0.896,43.35,6.45,8.85,0.729,0.689,50.0,6,4.47,7.22,18527.27,-4146.4,74.0,False
IBS_15pct_2d,UPRO,0.2531,0.472,86.69,11.04,41.33,0.267,0.383,59.1,171,1.22,0.51,4715.92,-5573.52,1.9,False
SMA_50_200,SPY,0.2524,0.646,41.1,6.16,19.15,0.322,0.61,100.0,2,0.0,20.55,20449.74,0.0,338.0,False
EMA_12_26_ADX25,GLD,0.2523,0.639,43.85,6.42,21.84,0.294,0.605,100.0,3,0.0,14.62,14618.05,0.0,235.7,False
SMA_20_50,GLD,0.2517,0.771,66.76,9.28,21.03,0.441,0.82,50.0,16,4.64,4.17,10598.2,-2282.74,55.1,True
SMA100_RSI_45_65,SPY,0.2514,0.772,37.26,5.65,15.87,0.356,0.615,66.7,15,2.83,2.48,5735.12,-4056.39,25.7,True
SMA200_RSI_35_65,QQQ,0.2513,0.689,28.68,4.47,8.71,0.514,0.311,71.4,7,3.11,4.1,8449.36,-6781.99,23.1,False
RSI_Bounce_25_60_ATR2.5,GLD,0.2507,0.6,6.88,1.13,2.2,0.516,0.16,100.0,2,0.0,3.44,3442.28,0.0,16.5,False
MACD_8_21_5,UPRO,0.2501,0.55,120.16,14.47,32.47,0.446,0.579,46.6,88,1.33,1.37,11701.79,-7658.03,9.0,True
RSI_Bounce_30_55_ATR2.0,TQQQ,0.2493,0.545,136.54,15.71,43.26,0.363,0.347,72.7,11,2.36,12.41,29522.73,-33327.31,20.6,True
IBS_10pct_3d,SPY,0.2491,0.47,27.03,4.1,14.76,0.278,0.367,61.5,109,1.44,0.25,1310.17,-1455.03,2.3,False
SMA200_RSI_45_65,SPY,0.2482,0.684,34.41,5.27,16.08,0.327,0.581,73.3,15,2.28,2.29,5549.69,-6706.5,30.3,True
IBS_15pct_5d,SPY,0.2482,0.435,32.21,4.8,16.82,0.285,0.389,62.1,145,1.39,0.22,1264.25,-1489.89,2.8,False
IBS_15pct_2d,QQQ,0.2474,0.511,43.15,6.2,21.76,0.285,0.456,58.0,169,1.33,0.26,1756.68,-1822.66,1.8,True
EMA_12_26_ADX20,QQQ,0.2473,0.697,97.61,12.37,31.84,0.388,0.868,62.5,8,3.65,12.2,26879.7,-12263.41,143.5,False
SMA100_RSI_45_70,SPY,0.2469,0.793,42.77,6.37,15.89,0.401,0.707,63.6,11,3.14,3.89,8928.11,-4982.31,49.1,True
IBS_15pct_1d,TQQQ,0.2468,0.495,97.24,12.07,49.46,0.244,0.432,55.5,182,1.21,0.53,5600.4,-5789.69,1.2,False
RSI_Bounce_25_55_ATR2.5,GLD,0.2466,0.584,6.4,1.06,2.2,0.481,0.144,100.0,2,0.0,3.2,3198.68,0.0,13.5,False
Bollinger_20_2,SPY,0.2456,0.521,31.28,4.74,11.69,0.405,0.492,64.3,14,4.55,2.23,4453.55,-1760.45,52.7,True
IBS_20pct_5d,GLD,0.2445,0.472,25.12,3.83,13.79,0.278,0.465,60.7,150,1.29,0.17,1204.41,-1437.98,3.5,False
SMA100_RSI_35_65,GLD,0.2424,0.517,12.65,2.09,4.56,0.458,0.154,100.0,3,0.0,4.22,4218.14,0.0,32.7,False
EMA_5_13_ADX25,QQQ,0.2422,0.676,86.47,11.26,35.98,0.313,0.78,66.7,9,3.1,9.61,21272.07,-13722.3,116.0,False
MACD_12_26_9,UPRO,0.2418,0.567,127.33,15.1,39.16,0.385,0.622,43.1,65,1.43,1.96,15153.28,-8034.88,12.5,False
RSI_Bounce_25_55_ATR1.5,QQQ,0.2415,0.454,18.85,2.97,11.0,0.27,0.144,75.0,4,5.11,4.71,7811.8,-4585.27,6.0,False
RSI_Bounce_25_60_ATR1.5,QQQ,0.2415,0.454,18.85,2.97,11.0,0.27,0.144,75.0,4,5.11,4.71,7811.8,-4585.27,6.0,False
RSI_Bounce_25_65_ATR1.5,QQQ,0.2415,0.454,18.85,2.97,11.0,0.27,0.144,75.0,4,5.11,4.71,7811.8,-4585.27,6.0,False
RSI_Bounce_25_70_ATR1.5,QQQ,0.2415,0.454,18.85,2.97,11.0,0.27,0.144,75.0,4,5.11,4.71,7811.8,-4585.27,6.0,False
SMA100_RSI_35_70,SPY,0.241,0.614,11.21,1.86,6.14,0.303,0.227,66.7,3,5.53,3.74,6844.94,-2476.39,32.0,False
Bollinger_20_1.5,QQQ,0.2409,0.752,80.39,10.55,23.91,0.441,0.827,54.5,22,2.33,3.65,11732.94,-6040.9,42.7,True
RSI_Bounce_30_60_ATR2.0,SOXL,0.2408,0.59,191.04,19.85,53.42,0.372,0.49,66.7,9,2.17,21.23,59013.41,-54347.29,34.4,False
EMA_20_50_ADX15,SPY,0.2407,0.865,76.18,10.18,23.49,0.433,1.021,50.0,10,4.0,7.62,20252.98,-5068.42,113.0,True
EMA_12_26_ADX20,SPY,0.2406,0.608,49.26,7.1,26.41,0.269,0.668,72.7,11,2.93,4.48,9302.36,-8455.37,88.0,True
SMA200_RSI_45_70,GLD,0.2387,0.655,31.83,4.91,11.36,0.433,0.564,66.7,9,3.32,3.54,7590.75,-4571.21,52.0,False
RSI_Bounce_30_70_ATR2.5,TQQQ,0.2386,0.576,163.9,17.87,58.07,0.308,0.521,70.0,10,1.98,16.39,47147.97,-55505.03,41.2,True
IBS_20pct_1d,UPRO,0.2383,0.466,79.72,10.34,35.68,0.29,0.441,53.7,231,1.16,0.35,4572.28,-4558.47,1.2,False
SMA200_RSI_45_75,SPY,0.2372,0.761,45.79,6.76,15.4,0.439,0.75,62.5,8,3.07,5.72,13513.44,-7329.62,88.0,False
SMA_50_200,UPRO,0.2369,0.49,67.84,9.4,48.04,0.196,0.397,100.0,3,0.0,22.61,22532.08,0.0,199.3,False
RSI_Bounce_30_70_ATR2.5,GLD,0.2354,0.584,17.21,2.73,6.79,0.402,0.371,71.4,7,3.48,2.46,4831.95,-3472.97,33.0,False
SMA_20_50,QQQ,0.2343,0.725,80.18,10.76,28.21,0.381,0.822,57.1,14,2.94,5.73,15132.08,-6855.03,71.9,True
EMA_20_50_ADX25,SPY,0.2343,0.501,43.07,6.32,24.09,0.263,0.592,100.0,2,0.0,21.54,21430.76,0.0,524.0,False
EMA_20_50_ADX25,SOXL,0.234,0.467,73.83,9.93,42.91,0.231,0.241,100.0,1,0.0,73.83,73833.27,0.0,172.0,False
SMA_10_30,SPY,0.2339,0.724,58.07,8.27,18.78,0.44,0.818,52.2,23,2.61,2.52,7819.19,-3271.54,44.1,True
IBS_5pct_3d,UPRO,0.2323,0.346,34.86,5.15,40.51,0.127,0.197,64.3,70,1.21,0.5,4391.14,-6509.59,2.3,False
MACD_12_26_9,GLD,0.2308,0.581,42.87,6.3,14.28,0.441,0.587,42.4,59,1.65,0.73,4324.53,-1924.82,13.2,False
RSI_Bounce_30_65_ATR2.5,GLD,0.2297,0.559,16.37,2.6,6.79,0.383,0.354,71.4,7,3.37,2.34,4652.25,-3446.73,32.9,False
IBS_5pct_2d,GLD,0.2287,0.499,10.81,1.74,4.79,0.363,0.334,55.8,43,1.71,0.25,1085.12,-801.66,1.8,False
EMA_9_21_ADX25,SOXL,0.2277,0.567,110.8,13.62,87.94,0.155,0.764,75.0,4,2.53,27.7,60902.81,-72206.54,299.2,False
IBS_5pct_5d,SOXL,0.2271,0.378,52.4,7.32,70.42,0.104,0.247,60.3,73,1.13,0.72,10563.43,-14220.45,2.7,False
EMA_9_21_ADX15,UPRO,0.227,0.602,136.23,15.85,62.7,0.253,0.515,60.0,20,1.88,6.81,24211.68,-19330.86,48.4,True
IBS_15pct_5d,GLD,0.2269,0.404,18.23,2.85,12.9,0.221,0.349,58.8,114,1.27,0.16,1271.05,-1431.29,3.5,False
IBS_10pct_3d,QQQ,0.2267,0.357,23.92,3.66,20.85,0.176,0.292,61.2,116,1.26,0.21,1621.28,-2034.26,2.3,False
SMA200_RSI_45_75,UPRO,0.2245,0.638,127.1,15.3,55.69,0.275,0.392,66.7,9,1.8,14.12,47476.6,-52695.42,68.4,False
EMA_9_21_ADX20,UPRO,0.2236,0.522,107.26,13.29,77.15,0.172,0.538,75.0,12,1.46,8.94,37588.66,-77111.18,102.8,True
SMA200_RSI_45_65,UPRO,0.2235,0.53,79.92,10.73,59.41,0.181,0.252,73.3,15,1.58,5.33,19770.04,-34450.88,25.5,True
IBS_5pct_3d,SPY,0.2225,0.328,11.87,1.9,11.17,0.17,0.193,61.9,63,1.32,0.19,1250.59,-1537.53,2.2,False
SMA_10_30,GLD,0.2214,0.718,60.71,8.58,20.93,0.41,0.779,43.3,30,2.46,2.02,7827.71,-2428.49,29.4,False
SMA50_RSI_45_75,UPRO,0.2213,0.819,77.07,10.43,17.63,0.591,0.457,40.0,10,3.94,7.71,25832.35,-4375.85,16.2,False
IBS_15pct_3d,GLD,0.2212,0.38,15.34,2.42,13.19,0.184,0.332,59.0,122,1.24,0.13,1065.98,-1234.79,2.8,False
SMA200_RSI_45_70,UPRO,0.2205,0.586,104.47,13.22,57.12,0.231,0.349,70.0,10,1.67,10.45,37219.17,-52120.14,57.9,True
IBS_5pct_2d,SOXL,0.2188,0.348,43.62,6.26,57.11,0.11,0.189,59.0,78,1.11,0.56,9705.86,-12589.09,1.8,False
RSI_Bounce_35_60_ATR2.5,GLD,0.2186,0.607,25.89,3.98,11.72,0.34,0.426,64.7,17,2.1,1.52,4501.64,-3937.53,18.6,True
RSI_Bounce_30_65_ATR2.5,TQQQ,0.2181,0.512,119.6,14.26,58.07,0.246,0.44,70.0,10,1.8,11.96,38366.93,-49760.89,35.5,True
IBS_5pct_3d,TQQQ,0.2181,0.331,35.48,5.23,33.01,0.158,0.174,58.6,70,1.17,0.51,6065.79,-7352.34,2.2,False
IBS_10pct_2d,UPRO,0.2179,0.368,49.98,7.04,39.97,0.176,0.258,54.9,122,1.2,0.41,4463.2,-4535.96,1.9,False
SMA200_RSI_35_65,UPRO,0.2164,0.667,52.03,7.54,20.1,0.375,0.289,60.0,5,3.31,10.41,24839.92,-11243.0,25.8,False
IBS_10pct_1d,SOXL,0.2155,0.376,56.55,7.81,56.45,0.138,0.285,54.7,148,1.09,0.38,8155.48,-9015.58,1.1,False
SMA200_RSI_45_75,GLD,0.2125,0.627,30.94,4.79,15.07,0.318,0.529,62.5,8,3.12,3.87,9107.47,-4866.01,59.9,False
RSI_Bounce_30_60_ATR1.5,TQQQ,0.2122,0.504,111.32,13.52,57.07,0.237,0.325,66.7,12,1.88,9.28,29723.18,-31693.08,17.8,True
RSI_Bounce_30_60_ATR2.5,SOXL,0.2118,0.531,132.99,15.41,57.68,0.267,0.448,66.7,9,1.69,14.78,54117.38,-63904.88,36.4,False
RSI_Bounce_35_55_ATR2.5,GLD,0.2116,0.551,21.3,3.33,12.12,0.274,0.371,66.7,18,1.92,1.18,3703.43,-3857.6,14.4,True
IBS_15pct_1d,UPRO,0.2102,0.373,50.25,7.07,44.62,0.158,0.312,52.5,183,1.13,0.27,4381.26,-4261.84,1.2,False
SMA200_RSI_40_75,UPRO,0.2101,0.553,89.26,11.71,60.32,0.194,0.287,71.4,7,1.73,12.75,42030.96,-60581.04,68.4,False
Bollinger_20_1.5,GLD,0.2093,0.696,60.93,8.43,16.59,0.508,0.744,43.5,23,2.28,2.65,10798.65,-3637.42,40.0,False
RSI_Bounce_30_55_ATR1.5,QQQ,0.2084,0.519,25.59,3.94,11.04,0.357,0.202,66.7,9,2.67,2.84,6818.24,-5105.14,5.7,False
RSI_Bounce_30_60_ATR1.5,QQQ,0.2084,0.519,25.59,3.94,11.04,0.357,0.202,66.7,9,2.67,2.84,6818.24,-5105.14,5.7,False
RSI_Bounce_30_65_ATR1.5,QQQ,0.2084,0.519,25.59,3.94,11.04,0.357,0.202,66.7,9,2.67,2.84,6818.24,-5105.14,5.7,False
RSI_Bounce_30_70_ATR1.5,QQQ,0.2084,0.519,25.59,3.94,11.04,0.357,0.202,66.7,9,2.67,2.84,6818.24,-5105.14,5.7,False
SMA100_RSI_45_75,SPY,0.2075,0.776,44.39,6.58,15.88,0.414,0.726,50.0,8,3.21,5.55,16049.91,-5003.38,78.2,False
SMA100_RSI_45_65,GLD,0.207,0.542,22.55,3.59,10.44,0.344,0.389,63.6,11,2.78,2.05,5030.84,-3165.43,34.6,True
IBS_10pct_2d,QQQ,0.207,0.333,20.6,3.19,20.53,0.156,0.26,55.4,121,1.23,0.17,1631.65,-1649.27,1.8,False
RSI_Bounce_25_60_ATR1.5,TQQQ,0.2069,0.459,82.64,10.75,47.49,0.226,0.222,71.4,7,2.13,11.81,30997.07,-36301.9,17.4,False
IBS_20pct_3d,GLD,0.2069,0.28,12.23,1.95,17.24,0.113,0.272,60.1,158,1.15,0.08,952.74,-1247.58,2.8,False
SMA200_RSI_35_65,GLD,0.2067,0.53,13.91,2.29,4.59,0.498,0.238,60.0,5,3.73,2.78,6338.41,-2550.36,31.0,False
IBS_10pct_5d,GLD,0.2065,0.281,9.71,1.57,13.23,0.118,0.183,59.7,72,1.21,0.13,1264.46,-1550.68,3.4,False
IBS_10pct_1d,UPRO,0.2044,0.36,45.74,6.52,35.82,0.182,0.271,50.4,129,1.15,0.35,5238.32,-4611.91,1.1,False
SMA200_RSI_45_65,QQQ,0.2042,0.358,20.38,3.27,17.92,0.183,0.255,80.0,10,1.98,2.04,5091.09,-10260.01,37.3,False
EMA_20_50_ADX20,QQQ,0.2033,0.547,59.19,8.28,31.61,0.262,0.606,66.7,6,2.39,9.86,25424.84,-21255.97,158.2,False
SMA200_RSI_40_70,SPY,0.2028,0.517,19.35,3.12,13.23,0.236,0.353,71.4,7,2.44,2.76,6505.48,-6673.32,48.7,False
Bollinger_20_1.5,SPY,0.2027,0.478,32.52,4.9,19.5,0.251,0.501,60.0,25,1.89,1.3,4586.29,-3646.14,37.1,False
MACD_8_21_5,GLD,0.2026,0.514,35.96,5.4,20.38,0.265,0.522,40.2,82,1.48,0.44,3355.25,-1525.82,9.4,False
Bollinger_20_2,GLD,0.2018,0.658,57.9,8.08,23.61,0.342,0.728,50.0,16,2.67,3.62,11515.0,-4305.72,61.1,True
IBS_5pct_5d,QQQ,0.2014,0.346,20.29,3.15,22.76,0.138,0.227,51.7,58,1.47,0.35,2124.83,-1551.98,2.8,False
MACD_12_26_9,SPY,0.2013,0.407,26.75,4.14,17.13,0.242,0.432,46.2,65,1.38,0.41,3202.66,-1986.09,11.7,False
RSI_Bounce_25_55_ATR1.5,TQQQ,0.2002,0.436,74.3,9.87,47.49,0.208,0.21,71.4,7,2.03,10.61,29155.58,-35862.34,17.3,False
RSI_Bounce_30_65_ATR2.5,QQQ,0.2001,0.482,39.33,5.78,14.6,0.396,0.277,62.5,8,2.78,4.92,12286.8,-7366.57,19.8,False
RSI_Bounce_30_70_ATR2.5,QQQ,0.2001,0.482,39.33,5.78,14.6,0.396,0.277,62.5,8,2.78,4.92,12286.8,-7366.57,19.8,False
RSI_Bounce_30_55_ATR1.5,GLD,0.1995,0.562,8.31,1.36,4.05,0.336,0.177,66.7,9,2.23,0.92,2512.48,-2253.73,6.8,False
EMA_5_13_ADX20,UPRO,0.1994,0.596,151.8,17.13,72.11,0.238,0.573,52.9,17,1.56,8.93,46900.29,-33833.08,66.4,True
RSI_Bounce_30_55_ATR1.5,TQQQ,0.1988,0.46,88.95,11.39,57.07,0.2,0.277,66.7,12,1.73,7.41,26371.19,-30572.72,16.0,False
IBS_10pct_2d,TQQQ,0.1988,0.29,27.57,4.17,54.82,0.076,0.21,56.0,125,1.09,0.22,4942.82,-5796.2,1.8,False
SMA100_RSI_35_65,SPY,0.1972,0.459,7.67,1.29,6.15,0.21,0.149,66.7,3,4.13,2.56,5064.48,-2454.76,23.7,False
IBS_10pct_3d,GLD,0.1971,0.271,8.17,1.33,11.05,0.12,0.181,56.6,76,1.19,0.11,1125.56,-1228.3,2.6,False
RSI_Bounce_30_60_ATR2.5,QQQ,0.1958,0.468,37.3,5.52,14.6,0.378,0.26,62.5,8,2.7,4.66,11855.32,-7324.27,18.6,False
SMA_10_30,TQQQ,0.1956,0.618,165.05,18.43,70.48,0.262,0.556,43.5,23,1.65,7.18,42048.71,-19649.03,39.1,False
SMA100_RSI_45_70,QQQ,0.1932,0.585,38.55,5.82,12.61,0.462,0.456,54.5,11,2.27,3.5,11429.15,-6044.69,38.5,True
IBS_20pct_3d,SPY,0.1929,0.219,12.45,1.99,19.39,0.103,0.215,57.4,190,1.11,0.07,1163.62,-1416.12,2.4,False
SMA100_RSI_45_75,QQQ,0.1908,0.687,51.59,7.49,12.53,0.598,0.584,44.4,9,2.55,5.73,21102.73,-6608.37,59.2,False
SMA100_RSI_40_70,SPY,0.1881,0.585,19.51,3.14,8.85,0.355,0.352,57.1,7,2.86,2.79,7439.13,-3472.89,34.4,False
EMA_12_26_ADX25,SOXL,0.1877,0.285,15.66,2.52,77.27,0.033,0.184,100.0,1,0.0,15.66,15496.85,0.0,314.0,False
RSI_MeanRev_30_70,QQQ,0.1872,0.414,30.54,4.62,13.48,0.343,0.224,62.5,8,2.76,3.82,9577.42,-5781.72,16.1,False
RSI_Bounce_30_60_ATR2.0,QQQ,0.1872,0.414,30.54,4.62,13.48,0.343,0.224,62.5,8,2.76,3.82,9577.42,-5781.72,16.1,False
RSI_Bounce_30_65_ATR2.0,QQQ,0.1872,0.414,30.54,4.62,13.48,0.343,0.224,62.5,8,2.76,3.82,9577.42,-5781.72,16.1,False
RSI_Bounce_30_70_ATR2.0,QQQ,0.1872,0.414,30.54,4.62,13.48,0.343,0.224,62.5,8,2.76,3.82,9577.42,-5781.72,16.1,False
SMA200_RSI_40_70,GLD,0.1871,0.455,15.36,2.51,8.61,0.292,0.265,66.7,6,2.56,2.56,6303.92,-4925.97,45.2,False
EMA_9_21_ADX15,TQQQ,0.1868,0.604,157.7,17.59,72.41,0.243,0.537,44.4,18,1.87,8.76,42477.61,-18211.84,48.7,False
RSI_Bounce_35_65_ATR2.0,GLD,0.1867,0.55,21.01,3.28,14.51,0.226,0.37,57.9,19,1.82,1.11,4251.51,-3219.44,14.8,True
RSI_Bounce_35_70_ATR2.0,GLD,0.1867,0.55,21.01,3.28,14.51,0.226,0.37,57.9,19,1.82,1.11,4251.51,-3219.44,14.8,True
SMA50_RSI_45_70,UPRO,0.186,0.676,57.46,8.2,17.63,0.465,0.366,40.0,10,3.4,5.75,20337.62,-3981.96,15.1,False
IBS_15pct_3d,SPY,0.1859,0.175,8.57,1.39,17.65,0.079,0.151,57.6,151,1.09,0.06,1130.77,-1408.03,2.4,False
MACD_12_26_9,QQQ,0.185,0.367,28.52,4.39,25.64,0.171,0.378,43.5,62,1.29,0.46,4706.08,-2820.68,12.1,False
RSI_Bounce_35_55_ATR1.5,GLD,0.183,0.463,14.18,2.27,7.31,0.311,0.254,56.5,23,1.61,0.62,2868.24,-2310.24,8.5,False
SMA_20_50,SPY,0.1828,0.618,46.99,6.91,29.31,0.236,0.689,53.8,13,2.06,3.61,12978.93,-7345.44,80.0,True
IBS_15pct_2d,GLD,0.1823,0.243,7.94,1.29,18.02,0.072,0.209,53.4,131,1.14,0.06,914.92,-924.81,2.0,False
IBS_10pct_2d,SPY,0.1823,0.209,9.16,1.48,17.4,0.085,0.157,54.4,114,1.12,0.08,1291.94,-1370.14,1.8,False
RSI_Bounce_35_60_ATR2.0,GLD,0.1792,0.507,18.93,2.98,14.51,0.205,0.332,57.9,19,1.74,1.0,4034.6,-3181.06,14.1,True
SMA50_RSI_45_65,UPRO,0.1784,0.662,51.16,7.43,17.63,0.422,0.358,40.0,10,3.28,5.12,18400.33,-3739.42,11.0,False
SMA50_RSI_45_75,GLD,0.1781,0.599,16.1,2.62,6.31,0.416,0.38,50.0,4,3.48,4.03,11293.77,-3244.64,41.5,False
EMA_5_13_ADX15,GLD,0.1778,0.463,33.99,5.14,22.32,0.23,0.493,34.1,41,1.59,0.83,6510.96,-2124.38,22.7,False
RSI_Bounce_30_55_ATR2.0,QQQ,0.1773,0.378,26.96,4.13,13.48,0.306,0.203,62.5,8,2.57,3.37,8825.59,-5721.85,15.8,False
IBS_5pct_3d,SOXL,0.1773,0.214,1.85,0.31,71.3,0.004,0.122,56.0,75,1.0,0.02,10815.21,-13708.77,2.3,False
EMA_5_13_ADX20,QQQ,0.1755,0.561,59.27,8.29,38.51,0.215,0.612,47.6,21,1.83,2.82,13018.31,-6467.18,44.3,True
Bollinger_20_1.5,TQQQ,0.175,0.501,96.62,12.18,75.73,0.161,0.443,50.0,22,1.39,4.39,31364.91,-22581.39,39.4,True
EMA_12_26_ADX20,TQQQ,0.1749,0.55,111.21,13.65,86.34,0.158,0.475,55.6,9,1.67,12.36,55655.84,-41768.42,108.0,False
RSI_Bounce_30_70_ATR2.5,SOXL,0.1729,0.487,85.49,11.04,74.97,0.147,0.477,62.5,8,1.34,10.69,68094.21,-84992.62,67.6,False
RSI_MeanRev_30_70,GLD,0.1714,0.462,9.6,1.57,5.72,0.274,0.208,62.5,8,2.1,1.2,3671.87,-2919.81,14.9,False
RSI_Bounce_30_65_ATR2.0,GLD,0.1714,0.462,9.6,1.57,5.72,0.274,0.208,62.5,8,2.1,1.2,3671.87,-2919.81,14.9,False
RSI_Bounce_30_70_ATR2.0,GLD,0.1714,0.462,9.6,1.57,5.72,0.274,0.208,62.5,8,2.1,1.2,3671.87,-2919.81,14.9,False
RSI_Bounce_30_55_ATR2.5,QQQ,0.1714,0.376,27.2,4.16,14.57,0.285,0.197,62.5,8,2.28,3.4,9682.79,-7072.87,16.2,False
SMA_10_30,UPRO,0.1713,0.347,31.16,4.82,68.79,0.07,0.299,62.5,24,1.2,1.3,12263.15,-16997.19,40.9,False
SMA200_RSI_45_65,GLD,0.1696,0.363,14.43,2.37,12.32,0.192,0.281,66.7,9,2.07,1.6,4647.64,-4485.39,45.3,False
SMA100_RSI_35_75,UPRO,0.169,0.554,27.52,4.31,15.03,0.287,0.185,33.3,3,5.32,9.17,33901.11,-3188.28,29.0,False
RSI_Bounce_35_55_ATR2.0,GLD,0.1687,0.446,15.73,2.51,14.52,0.173,0.288,57.9,19,1.65,0.83,3638.06,-3036.08,12.6,False
SMA_50_200,SOXL,0.1654,0.357,24.63,3.9,61.54,0.063,0.312,75.0,4,1.48,6.16,25089.6,-50815.8,129.8,False
RSI_Bounce_30_60_ATR2.0,GLD,0.1652,0.435,8.72,1.43,5.72,0.249,0.182,62.5,8,2.0,1.09,3481.19,-2896.29,13.5,False
SMA200_RSI_40_70,UPRO,0.165,0.359,33.62,5.16,60.31,0.086,0.165,71.4,7,1.37,4.8,24993.83,-45772.26,56.4,False
IBS_20pct_1d,QQQ,0.165,0.164,7.82,1.27,27.83,0.046,0.162,50.9,228,1.05,0.03,1344.95,-1325.86,1.2,False
IBS_20pct_2d,SPY,0.1636,0.095,2.59,0.43,24.05,0.018,0.09,54.7,201,1.02,0.01,1053.79,-1248.55,2.0,False
SMA50_RSI_45_75,SOXL,0.1632,0.387,50.17,7.31,35.99,0.203,0.207,55.6,9,2.62,5.57,16213.74,-7725.14,19.3,False
EMA_20_50_ADX15,UPRO,0.1621,0.586,130.44,15.36,64.5,0.238,0.528,44.4,9,1.86,14.49,70427.39,-30321.0,122.4,False
MACD_8_21_5,SPY,0.162,0.252,14.28,2.31,17.3,0.134,0.264,42.4,92,1.15,0.16,2787.63,-1785.0,8.1,False
EMA_12_26_ADX15,UPRO,0.161,0.462,71.57,9.68,70.77,0.137,0.398,50.0,20,1.42,3.58,24151.3,-17018.39,50.8,False
IBS_5pct_2d,UPRO,0.1609,0.056,-4.1,-0.7,40.82,-0.017,0.029,56.3,71,0.97,-0.06,3327.88,-4426.26,1.8,False
IBS_10pct_1d,TQQQ,0.1598,0.18,6.92,1.13,64.54,0.018,0.135,49.2,130,1.02,0.05,5202.54,-4944.6,1.1,False
IBS_15pct_1d,QQQ,0.1592,0.163,7.55,1.23,26.61,0.046,0.145,48.6,175,1.06,0.04,1543.67,-1377.38,1.2,False
IBS_5pct_2d,SPY,0.1592,0.044,0.51,0.08,11.28,0.008,0.023,55.6,63,1.01,0.01,1109.24,-1368.46,1.7,False
MACD_8_21_5,QQQ,0.1591,0.286,20.23,3.2,31.63,0.101,0.29,33.3,93,1.16,0.22,4624.86,-1988.83,7.8,False
RSI_Bounce_35_60_ATR1.5,GLD,0.1584,0.368,11.18,1.81,7.78,0.233,0.207,54.5,22,1.48,0.51,2867.1,-2322.85,9.7,False
RSI_Bounce_35_65_ATR1.5,GLD,0.1584,0.368,11.18,1.81,7.78,0.233,0.207,54.5,22,1.48,0.51,2867.1,-2322.85,9.7,False
RSI_Bounce_35_70_ATR1.5,GLD,0.1584,0.368,11.18,1.81,7.78,0.233,0.207,54.5,22,1.48,0.51,2867.1,-2322.85,9.7,False
EMA_9_21_ADX25,QQQ,0.1582,0.346,31.47,4.8,41.71,0.115,0.368,66.7,6,1.84,5.24,17116.74,-18591.0,139.3,False
EMA_9_21_ADX15,GLD,0.155,0.464,29.43,4.51,16.19,0.279,0.422,45.0,20,1.9,1.47,6841.78,-2939.45,34.0,False
RSI_Bounce_30_65_ATR2.5,SOXL,0.1548,0.43,51.04,7.24,74.97,0.097,0.4,62.5,8,1.24,6.38,53197.02,-71649.56,56.8,False
SMA100_RSI_40_75,GLD,0.1548,0.424,13.39,2.21,11.74,0.188,0.218,57.1,7,2.58,1.91,5464.66,-2822.5,33.3,False
SMA100_RSI_40_70,QQQ,0.1544,0.522,25.81,4.07,17.31,0.235,0.304,50.0,8,2.49,3.23,10701.9,-4294.48,30.4,False
IBS_5pct_5d,TLT,0.1529,-0.241,-8.64,-1.51,12.92,-0.116,-0.137,56.7,60,0.74,-0.14,708.7,-1259.17,3.2,False
MACD_12_26_9,SOXL,0.152,0.361,1.85,0.31,81.14,0.004,0.42,32.8,58,1.0,0.03,26017.76,-12631.61,14.0,False
RSI_Bounce_35_60_ATR2.0,SOXL,0.1498,0.43,31.88,4.8,81.28,0.059,0.386,52.2,23,1.12,1.39,24676.26,-24020.93,20.9,False
RSI_Bounce_35_65_ATR2.0,QQQ,0.1495,0.332,26.1,4.01,18.57,0.216,0.246,50.0,24,1.39,1.09,7712.31,-5537.67,12.2,False
RSI_Bounce_35_70_ATR2.0,QQQ,0.1495,0.332,26.1,4.01,18.57,0.216,0.246,50.0,24,1.39,1.09,7712.31,-5537.67,12.2,False
SMA100_RSI_40_70,GLD,0.1494,0.398,12.47,2.06,11.74,0.175,0.205,57.1,7,2.47,1.78,5233.92,-2822.5,33.1,False
IBS_10pct_2d,GLD,0.1493,0.122,2.77,0.46,9.81,0.047,0.084,46.8,79,1.07,0.04,1022.89,-842.2,1.9,False
EMA_9_21_ADX20,TQQQ,0.1488,0.424,43.12,6.33,87.1,0.073,0.338,60.0,10,1.26,4.31,35338.18,-42227.98,85.4,False
IBS_5pct_2d,TQQQ,0.1484,0.006,-13.1,-2.33,43.18,-0.054,0.003,53.5,71,0.94,-0.18,4987.05,-6139.67,1.7,False
RSI_Bounce_35_55_ATR2.0,SOXL,0.1479,0.381,14.81,2.37,81.28,0.029,0.31,56.5,23,1.06,0.64,18919.41,-23113.86,17.8,False
SMA100_RSI_45_65,QQQ,0.1469,0.341,18.43,2.98,16.66,0.179,0.238,58.3,12,1.68,1.54,6435.04,-5357.09,27.7,False
RSI_Bounce_35_60_ATR2.0,QQQ,0.1469,0.32,24.74,3.82,18.57,0.206,0.237,50.0,24,1.37,1.03,7568.95,-5507.18,12.1,False
SMA100_RSI_40_65,SPY,0.1464,0.387,11.61,1.92,8.82,0.218,0.214,57.1,7,2.17,1.66,5306.47,-3258.64,28.3,False
SMA200_RSI_35_75,SPY,0.1464,0.378,11.9,1.97,10.6,0.186,0.229,60.0,5,2.15,2.38,7409.62,-5164.43,56.0,False
MACD_8_21_5,SOXL,0.146,0.314,-15.59,-2.86,89.22,-0.032,0.357,33.7,89,0.97,-0.18,19311.3,-10085.55,8.8,False
IBS_20pct_2d,GLD,0.146,0.013,-0.88,-0.15,20.01,-0.007,0.012,52.0,173,0.98,-0.01,784.02,-864.09,2.1,False
IBS_10pct_5d,TLT,0.1459,-0.52,-21.95,-4.07,22.37,-0.182,-0.411,54.4,103,0.66,-0.21,746.44,-1356.31,3.3,False
IBS_15pct_2d,SPY,0.1446,-0.028,-5.5,-0.94,25.11,-0.038,-0.023,52.2,159,0.94,-0.03,1033.68,-1204.76,1.9,False
IBS_15pct_5d,TLT,0.1436,-0.618,-30.47,-5.91,33.19,-0.178,-0.627,53.4,161,0.67,-0.19,722.13,-1234.27,3.4,False
EMA_12_26_ADX15,TQQQ,0.1434,0.494,91.34,11.75,74.04,0.159,0.438,41.2,17,1.53,5.37,37726.78,-17274.53,51.7,False
IBS_5pct_1d,SOXL,0.1434,-0.001,-25.8,-4.88,56.32,-0.087,-0.0,51.9,81,0.91,-0.32,6173.71,-7310.07,1.1,False
IBS_5pct_3d,TLT,0.1432,-0.6,-16.42,-2.96,18.28,-0.162,-0.28,54.1,61,0.53,-0.27,568.35,-1256.1,2.4,False
SMA100_RSI_40_75,QQQ,0.1428,0.579,33.67,5.17,17.3,0.299,0.384,33.3,6,2.84,5.61,25866.03,-4561.86,59.0,False
EMA_5_13_ADX15,SOXL,0.1417,0.421,32.55,4.94,89.83,0.055,0.467,28.6,35,1.07,0.93,48849.75,-18237.73,22.9,False
EMA_12_26_ADX15,GLD,0.1412,0.391,20.64,3.26,14.08,0.232,0.345,50.0,10,2.34,2.06,7209.59,-3081.4,60.1,False
IBS_5pct_3d,QQQ,0.14,-0.119,-7.25,-1.25,25.03,-0.05,-0.061,50.8,61,0.87,-0.12,1544.33,-1837.5,2.4,False
MACD_8_21_5,TQQQ,0.1396,0.249,-6.96,-1.23,75.77,-0.016,0.227,39.1,92,0.98,-0.08,9555.57,-6269.59,8.5,False
SMA200_RSI_35_70,SOXL,0.139,0.518,57.03,8.15,24.86,0.328,0.113,33.3,3,2.87,19.01,87533.17,-15253.37,14.3,False
RSI_Bounce_35_55_ATR2.5,SOXL,0.1386,0.341,-6.05,-1.05,77.13,-0.014,0.282,60.0,20,0.97,-0.3,17826.04,-27495.37,21.6,False
IBS_15pct_3d,TLT,0.1373,-0.681,-30.07,-5.83,32.06,-0.182,-0.636,50.9,167,0.67,-0.18,707.63,-1100.27,2.8,False
IBS_10pct_3d,TLT,0.137,-0.732,-26.09,-4.95,26.38,-0.187,-0.516,51.4,107,0.57,-0.24,629.76,-1167.9,2.5,False
RSI_MeanRev_30_70,SOXL,0.135,0.417,44.56,6.44,76.27,0.084,0.389,55.6,9,1.19,4.95,56484.81,-59466.56,55.1,False
RSI_Bounce_30_70_ATR2.0,SOXL,0.135,0.417,44.56,6.44,76.27,0.084,0.389,55.6,9,1.19,4.95,56484.81,-59466.56,55.1,False
SMA200_RSI_40_65,GLD,0.1344,0.212,6.07,1.03,8.61,0.119,0.117,66.7,6,1.63,1.01,3928.94,-4824.01,43.0,False
IBS_15pct_2d,TLT,0.1343,-1.045,-38.48,-7.83,39.64,-0.197,-0.895,50.3,179,0.57,-0.21,557.37,-996.03,2.1,False
SMA50_RSI_45_70,SOXL,0.1341,0.303,28.73,4.48,35.99,0.125,0.131,55.6,9,1.97,3.19,11692.04,-7431.55,12.9,False
SMA200_RSI_40_70,SOXL,0.1332,0.482,76.78,10.39,42.07,0.247,0.194,42.9,7,1.77,10.97,58695.47,-24889.74,18.4,False
SMA200_RSI_40_65,UPRO,0.1324,0.247,11.33,1.88,60.3,0.031,0.091,66.7,9,1.14,1.26,15384.24,-27044.7,29.6,False
SMA200_RSI_40_65,SPY,0.1321,0.279,8.51,1.43,13.23,0.108,0.165,62.5,8,1.46,1.06,5287.68,-6027.05,30.0,False
IBS_10pct_1d,QQQ,0.132,0.041,-0.19,-0.03,26.21,-0.001,0.033,45.2,126,0.99,-0.0,1406.18,-1168.5,1.1,False
IBS_10pct_2d,TLT,0.1318,-1.101,-33.33,-6.58,34.15,-0.193,-0.689,50.0,110,0.45,-0.3,486.61,-1092.69,2.0,False
SMA200_RSI_35_70,SPY,0.1315,0.303,9.19,1.54,10.59,0.145,0.183,60.0,5,1.9,1.84,6461.27,-5095.22,54.6,False
RSI_Bounce_30_65_ATR1.5,TQQQ,0.131,0.306,27.76,4.24,65.38,0.065,0.206,58.3,12,1.19,2.31,24428.21,-28684.48,19.4,False
RSI_Bounce_30_70_ATR1.5,TQQQ,0.131,0.306,27.76,4.24,65.38,0.065,0.206,58.3,12,1.19,2.31,24428.21,-28684.48,19.4,False
MACD_12_26_9,TQQQ,0.131,0.173,-25.12,-4.83,77.0,-0.063,0.159,38.7,62,0.91,-0.41,11237.27,-7761.21,13.0,False
IBS_20pct_5d,TLT,0.1308,-0.927,-45.68,-9.73,47.69,-0.204,-0.981,48.9,180,0.57,-0.25,692.26,-1158.72,3.7,False
RSI_Bounce_35_60_ATR2.5,SOXL,0.1297,0.373,-1.71,-0.29,77.13,-0.004,0.336,55.0,20,0.99,-0.09,22077.3,-27173.24,25.6,False
RSI_Bounce_30_65_ATR2.0,SOXL,0.128,0.393,33.61,5.03,76.27,0.066,0.352,55.6,9,1.15,3.73,51156.69,-55542.61,48.1,False
SMA100_RSI_35_70,UPRO,0.1277,0.42,19.1,3.08,15.03,0.205,0.127,33.3,3,3.99,6.37,25472.76,-3188.28,24.0,False
IBS_20pct_3d,TLT,0.1275,-0.794,-37.79,-7.65,41.08,-0.186,-0.842,47.1,191,0.65,-0.2,772.4,-1062.44,3.1,False
IBS_5pct_1d,TQQQ,0.1274,-0.133,-18.11,-3.3,41.17,-0.08,-0.058,45.8,72,0.86,-0.25,3409.04,-3348.92,1.1,False
IBS_20pct_1d,GLD,0.1274,-0.423,-14.39,-2.57,19.58,-0.131,-0.349,46.2,197,0.79,-0.07,599.26,-652.54,1.1,False
IBS_20pct_2d,TLT,0.1254,-0.955,-40.11,-8.24,42.31,-0.195,-0.946,46.4,211,0.63,-0.19,691.37,-954.59,2.3,False
SMA50_RSI_45_70,GLD,0.1252,0.369,8.9,1.49,6.31,0.236,0.22,50.0,4,2.44,2.22,7540.78,-3089.16,38.0,False
IBS_15pct_1d,GLD,0.125,-0.447,-12.8,-2.27,19.16,-0.119,-0.325,45.5,145,0.75,-0.09,603.25,-669.16,1.1,False
RSI_Bounce_35_55_ATR2.0,QQQ,0.1249,0.218,13.67,2.19,19.86,0.111,0.159,50.0,24,1.22,0.57,6396.09,-5257.19,11.5,False
RSI_Bounce_35_60_ATR2.0,TQQQ,0.1245,0.259,-1.22,-0.21,69.78,-0.003,0.208,51.9,27,0.99,-0.05,12583.93,-13656.91,16.2,False
SMA200_RSI_35_75,TQQQ,0.1239,0.403,33.6,5.16,28.12,0.183,0.156,50.0,4,1.87,8.4,36188.88,-19389.28,30.5,False
SMA200_RSI_35_75,GLD,0.1238,0.454,13.7,2.25,10.76,0.209,0.221,40.0,5,3.33,2.74,9791.55,-1960.86,37.8,False
IBS_20pct_1d,SPY,0.1229,-0.134,-10.44,-1.83,32.46,-0.056,-0.128,43.7,222,0.91,-0.05,1153.59,-980.72,1.2,False
SMA100_RSI_40_65,QQQ,0.1227,0.37,15.68,2.56,17.29,0.148,0.187,50.0,8,1.98,1.96,7819.84,-3940.53,22.2,False
IBS_5pct_2d,TLT,0.1227,-0.948,-22.39,-4.16,25.13,-0.166,-0.385,46.8,62,0.38,-0.36,468.66,-1090.41,1.8,False
IBS_5pct_1d,UPRO,0.1219,-0.499,-39.14,-7.99,44.95,-0.178,-0.197,45.1,71,0.61,-0.55,1905.96,-2567.41,1.1,False
RSI_Bounce_35_55_ATR2.0,TQQQ,0.1216,0.162,-25.27,-4.82,77.01,-0.063,0.124,55.6,27,0.83,-0.94,8282.97,-12468.08,14.8,False
RSI_Bounce_25_60_ATR2.5,QQQ,0.1213,0.317,18.51,2.92,13.14,0.222,0.117,50.0,4,2.4,4.63,15846.54,-6590.05,15.2,False
RSI_Bounce_25_65_ATR2.5,QQQ,0.1213,0.317,18.51,2.92,13.14,0.222,0.117,50.0,4,2.4,4.63,15846.54,-6590.05,15.2,False
RSI_Bounce_25_70_ATR2.5,QQQ,0.1213,0.317,18.51,2.92,13.14,0.222,0.117,50.0,4,2.4,4.63,15846.54,-6590.05,15.2,False
RSI_Bounce_25_60_ATR2.5,SPY,0.1209,0.303,17.14,2.72,15.51,0.175,0.122,50.0,4,2.7,4.28,13602.93,-5030.48,19.0,False
RSI_Bounce_25_65_ATR2.5,SPY,0.1209,0.303,17.14,2.72,15.51,0.175,0.122,50.0,4,2.7,4.28,13602.93,-5030.48,19.0,False
RSI_Bounce_25_70_ATR2.5,SPY,0.1209,0.303,17.14,2.72,15.51,0.175,0.122,50.0,4,2.7,4.28,13602.93,-5030.48,19.0,False
IBS_15pct_1d,SPY,0.1187,-0.271,-16.2,-2.92,31.7,-0.092,-0.223,42.5,167,0.83,-0.1,1101.02,-985.56,1.2,False
RSI_Bounce_35_55_ATR1.5,SOXL,0.1176,0.327,-1.83,-0.31,69.36,-0.005,0.276,48.0,25,0.99,-0.07,17767.7,-16541.88,15.6,False
RSI_Bounce_35_55_ATR2.5,TQQQ,0.1171,0.177,-23.9,-4.52,74.34,-0.061,0.132,56.5,23,0.81,-1.04,7728.18,-12447.52,17.7,False
IBS_10pct_1d,SPY,0.1169,-0.335,-15.66,-2.82,25.56,-0.11,-0.22,42.2,116,0.76,-0.14,1003.86,-971.51,1.1,False
SMA100_RSI_40_75,SOXL,0.1158,0.469,44.57,6.61,28.2,0.234,0.099,25.0,4,2.14,11.14,83563.51,-12999.04,8.2,False
RSI_Bounce_35_60_ATR1.5,TLT,0.1154,-0.207,-11.25,-2.0,23.58,-0.085,-0.189,41.1,56,0.84,-0.2,2647.56,-2189.9,7.5,False
RSI_Bounce_35_65_ATR1.5,TLT,0.1154,-0.207,-11.25,-2.0,23.58,-0.085,-0.189,41.1,56,0.84,-0.2,2647.56,-2189.9,7.5,False
RSI_Bounce_35_70_ATR1.5,TLT,0.1154,-0.207,-11.25,-2.0,23.58,-0.085,-0.189,41.1,56,0.84,-0.2,2647.56,-2189.9,7.5,False
RSI_Bounce_35_55_ATR1.5,TLT,0.1152,-0.227,-12.07,-2.16,24.3,-0.089,-0.207,41.1,56,0.83,-0.22,2609.73,-2188.48,7.5,False
RSI_MeanRev_25_75,QQQ,0.1151,0.283,14.79,2.36,12.06,0.196,0.098,50.0,4,2.4,3.7,12674.47,-5280.62,11.2,False
RSI_Bounce_25_55_ATR2.0,QQQ,0.1151,0.283,14.79,2.36,12.06,0.196,0.098,50.0,4,2.4,3.7,12674.47,-5280.62,11.2,False
RSI_Bounce_25_60_ATR2.0,QQQ,0.1151,0.283,14.79,2.36,12.06,0.196,0.098,50.0,4,2.4,3.7,12674.47,-5280.62,11.2,False
RSI_Bounce_25_65_ATR2.0,QQQ,0.1151,0.283,14.79,2.36,12.06,0.196,0.098,50.0,4,2.4,3.7,12674.47,-5280.62,11.2,False
RSI_Bounce_25_70_ATR2.0,QQQ,0.1151,0.283,14.79,2.36,12.06,0.196,0.098,50.0,4,2.4,3.7,12674.47,-5280.62,11.2,False
RSI_Bounce_35_65_ATR2.5,TQQQ,0.1136,0.227,-17.25,-3.16,70.37,-0.045,0.2,55.0,20,0.89,-0.86,12767.17,-17533.76,28.0,False
IBS_15pct_1d,TLT,0.1131,-1.421,-40.87,-8.44,41.92,-0.201,-1.146,42.1,202,0.52,-0.2,524.69,-730.47,1.1,False
RSI_Bounce_35_65_ATR2.5,SOXL,0.1127,0.328,-24.64,-4.68,77.13,-0.061,0.314,52.9,17,0.91,-1.45,26968.07,-33418.74,35.3,False
RSI_Bounce_25_55_ATR2.5,QQQ,0.111,0.277,15.47,2.47,13.14,0.188,0.102,50.0,4,2.19,3.87,14244.07,-6510.75,14.8,False
IBS_5pct_2d,QQQ,0.1108,-0.48,-19.8,-3.63,30.07,-0.121,-0.222,40.3,62,0.67,-0.32,1598.29,-1614.93,1.8,False
IBS_10pct_1d,TLT,0.1107,-1.135,-27.14,-5.17,27.6,-0.187,-0.68,41.4,116,0.48,-0.23,527.47,-771.44,1.1,False
RSI_Bounce_35_70_ATR2.5,TQQQ,0.1106,0.267,-6.55,-1.14,70.37,-0.016,0.244,52.6,19,0.96,-0.34,15817.15,-18317.57,32.1,False
IBS_20pct_1d,TLT,0.1106,-1.505,-47.63,-10.28,50.17,-0.205,-1.383,41.0,249,0.54,-0.19,542.66,-700.57,1.3,False
SMA100_RSI_45_70,SHY,0.1104,0.073,0.5,0.09,2.27,0.038,0.066,66.7,6,1.44,0.08,294.27,-408.75,115.0,False
IBS_5pct_1d,TLT,0.1094,-0.752,-13.43,-2.39,14.5,-0.165,-0.297,40.6,64,0.53,-0.21,571.27,-744.19,1.0,False
IBS_5pct_1d,SPY,0.1088,-0.598,-14.73,-2.64,16.1,-0.164,-0.245,37.5,64,0.59,-0.23,879.65,-896.11,1.0,False
SMA_20_50,UPRO,0.1086,0.334,26.61,4.18,81.11,0.052,0.287,46.7,15,1.11,1.77,37283.47,-29319.6,66.3,False
RSI_Bounce_35_60_ATR1.5,SOXL,0.1086,0.315,-6.89,-1.2,69.36,-0.017,0.276,45.8,24,0.97,-0.29,17962.0,-15728.88,17.1,False
SMA_10_30,SOXL,0.1082,0.423,-63.04,-15.86,97.3,-0.163,0.367,35.7,28,0.66,-2.25,12002.73,-10173.06,29.9,False
SMA50_RSI_45_65,GLD,0.1082,0.292,6.74,1.14,6.31,0.181,0.17,50.0,4,2.11,1.68,6396.86,-3026.1,37.0,False
SMA200_RSI_35_70,TQQQ,0.1081,0.328,24.72,3.91,28.12,0.139,0.125,50.0,4,1.68,6.18,30564.39,-18203.12,29.5,False
RSI_Bounce_35_65_ATR2.0,SOXL,0.108,0.331,-20.13,-3.74,81.28,-0.046,0.314,47.6,21,0.93,-0.96,26450.42,-25876.08,27.0,False
IBS_10pct_1d,GLD,0.1075,-0.836,-16.14,-2.91,19.72,-0.148,-0.422,37.3,83,0.5,-0.19,534.57,-633.7,1.0,False
MACD_12_26_9,TLT,0.107,-0.711,-37.1,-7.63,41.1,-0.186,-0.821,27.1,59,0.47,-0.63,2093.83,-1643.99,12.3,False
RSI_Bounce_35_55_ATR1.5,QQQ,0.1068,0.169,8.4,1.38,18.4,0.075,0.111,44.4,27,1.14,0.31,5709.73,-4007.97,7.1,False
RSI_Bounce_35_60_ATR1.5,QQQ,0.1068,0.169,8.4,1.38,18.4,0.075,0.111,44.4,27,1.14,0.31,5709.73,-4007.97,7.1,False
RSI_Bounce_35_65_ATR1.5,QQQ,0.1068,0.169,8.4,1.38,18.4,0.075,0.111,44.4,27,1.14,0.31,5709.73,-4007.97,7.1,False
RSI_Bounce_35_70_ATR1.5,QQQ,0.1068,0.169,8.4,1.38,18.4,0.075,0.111,44.4,27,1.14,0.31,5709.73,-4007.97,7.1,False
IBS_5pct_1d,QQQ,0.1066,-1.022,-25.91,-4.91,31.44,-0.156,-0.4,33.3,63,0.44,-0.41,987.64,-1110.71,1.1,False
MACD_8_21_5,TLT,0.1064,-0.842,-42.01,-8.91,45.13,-0.197,-0.969,27.3,88,0.43,-0.48,1304.7,-1146.89,8.3,False
RSI_Bounce_30_60_ATR1.5,GLD,0.1053,0.211,3.27,0.55,6.35,0.086,0.066,55.6,9,1.36,0.36,2456.46,-2252.44,8.6,False
RSI_Bounce_30_65_ATR1.5,GLD,0.1053,0.211,3.27,0.55,6.35,0.086,0.066,55.6,9,1.36,0.36,2456.46,-2252.44,8.6,False
RSI_Bounce_30_70_ATR1.5,GLD,0.1053,0.211,3.27,0.55,6.35,0.086,0.066,55.6,9,1.36,0.36,2456.46,-2252.44,8.6,False
SMA200_RSI_35_65,SOXL,0.1046,0.399,34.17,5.23,24.86,0.211,0.065,33.3,3,2.28,11.39,60957.03,-13394.17,9.7,False
RSI_Bounce_35_65_ATR2.5,QQQ,0.1028,0.196,11.65,1.89,28.19,0.067,0.144,45.5,22,1.15,0.53,8964.17,-6499.29,14.4,False
RSI_Bounce_35_70_ATR2.5,QQQ,0.1028,0.196,11.65,1.89,28.19,0.067,0.144,45.5,22,1.15,0.53,8964.17,-6499.29,14.4,False
SMA200_RSI_40_75,SOXL,0.1021,0.388,51.41,7.46,53.18,0.14,0.166,33.3,6,1.8,8.57,57435.62,-15920.4,26.2,False
RSI_Bounce_35_60_ATR2.5,TQQQ,0.102,0.173,-28.4,-5.5,70.37,-0.078,0.144,52.4,21,0.78,-1.35,9060.97,-12817.43,23.9,False
EMA_12_26_ADX15,SOXL,0.1019,0.589,-21.39,-4.04,94.22,-0.043,0.524,40.0,15,0.87,-1.43,24235.34,-18545.68,61.8,False
IBS_5pct_1d,GLD,0.1016,-0.293,-4.53,-0.77,8.07,-0.096,-0.142,41.9,43,0.72,-0.11,635.3,-638.64,1.0,False
EMA_9_21_ADX20,SOXL,0.1013,0.447,34.52,5.21,84.75,0.061,0.564,42.9,7,1.39,4.93,41137.24,-22272.01,145.4,False
RSI_Bounce_35_60_ATR1.5,TQQQ,0.1013,0.138,-28.93,-5.62,70.74,-0.08,0.103,45.2,31,0.83,-0.93,10195.86,-10104.62,11.9,False
IBS_5pct_5d,SHY,0.1012,-4.093,-29.7,-5.74,30.36,-0.189,-5.028,9.0,155,0.08,-0.19,179.39,-228.46,3.6,False
IBS_10pct_5d,SHY,0.101,-4.33,-33.65,-6.65,33.94,-0.196,-5.748,8.8,181,0.07,-0.19,162.87,-219.72,3.7,False
IBS_15pct_5d,SHY,0.101,-4.516,-36.41,-7.31,36.69,-0.199,-6.304,7.1,197,0.07,-0.18,194.15,-213.82,3.8,False
IBS_20pct_5d,SHY,0.101,-4.7,-38.78,-7.9,39.05,-0.202,-6.736,6.7,209,0.07,-0.19,193.36,-212.77,3.9,False
IBS_10pct_3d,SHY,0.1009,-4.945,-36.6,-7.36,36.65,-0.201,-6.544,8.6,198,0.06,-0.18,133.8,-214.76,3.0,False
IBS_15pct_3d,SHY,0.1009,-5.148,-39.47,-8.08,39.62,-0.204,-7.135,6.5,216,0.06,-0.18,172.51,-207.36,3.2,False
MACD_12_26_9,SHY,0.1008,-3.184,-25.82,-4.98,25.9,-0.192,-3.315,5.1,78,0.05,-0.33,366.95,-368.71,9.1,False
IBS_5pct_3d,SHY,0.1008,-4.891,-33.16,-6.53,33.16,-0.197,-5.821,7.7,168,0.05,-0.2,132.43,-225.01,2.9,False
IBS_20pct_3d,SHY,0.1008,-5.232,-41.54,-8.61,41.68,-0.207,-7.464,6.2,225,0.05,-0.18,171.12,-208.21,3.4,False
RSI_Bounce_25_65_ATR1.5,TQQQ,0.1006,0.222,10.42,1.69,61.92,0.027,0.116,57.1,7,1.1,1.49,28367.36,-34402.24,20.1,False
RSI_Bounce_25_70_ATR1.5,TQQQ,0.1006,0.222,10.42,1.69,61.92,0.027,0.116,57.1,7,1.1,1.49,28367.36,-34402.24,20.1,False
IBS_5pct_2d,SHY,0.1006,-5.529,-35.64,-7.13,35.64,-0.2,-6.649,6.5,184,0.04,-0.19,107.89,-214.74,2.2,False
IBS_10pct_2d,SHY,0.1006,-5.738,-40.08,-8.23,40.08,-0.205,-7.632,6.0,217,0.04,-0.18,120.78,-204.17,2.3,False
IBS_15pct_2d,SHY,0.1006,-5.96,-43.44,-9.12,43.44,-0.21,-8.333,5.4,240,0.04,-0.18,128.13,-198.71,2.5,False
IBS_20pct_2d,SHY,0.1006,-6.056,-45.83,-9.77,45.83,-0.213,-8.767,4.7,254,0.04,-0.18,147.15,-196.67,2.7,False
RSI_Bounce_25_55_ATR2.5,SPY,0.1003,0.23,11.54,1.87,15.51,0.12,0.085,50.0,4,2.17,2.88,10706.13,-4935.23,15.5,False
MACD_8_21_5,SHY,0.1003,-4.167,-33.12,-6.66,33.12,-0.201,-4.51,4.6,109,0.02,-0.3,154.86,-327.76,6.6,False
IBS_5pct_1d,SHY,0.1003,-7.282,-40.41,-8.32,40.41,-0.206,-8.861,3.3,212,0.02,-0.19,112.09,-200.97,1.2,False
IBS_10pct_1d,SHY,0.1003,-7.867,-47.04,-10.12,47.04,-0.215,-10.422,4.6,260,0.02,-0.18,79.19,-193.53,1.3,False
IBS_15pct_1d,SHY,0.1003,-8.518,-52.12,-11.62,52.12,-0.223,-11.782,4.6,302,0.02,-0.17,79.42,-184.84,1.3,False
IBS_20pct_1d,SHY,0.1003,-9.119,-56.62,-13.07,56.62,-0.231,-13.287,3.6,333,0.02,-0.17,78.06,-179.29,1.4,False
SMA100_RSI_40_65,GLD,0.0996,0.156,3.95,0.68,11.74,0.057,0.075,57.1,7,1.47,0.56,3089.27,-2801.07,31.4,False
RSI_Bounce_35_65_ATR2.0,TQQQ,0.0991,0.131,-35.46,-7.15,78.99,-0.091,0.109,48.1,27,0.78,-1.31,9944.3,-11773.57,17.3,False
Bollinger_20_1.5,SOXL,0.099,0.409,-63.71,-15.83,96.83,-0.164,0.358,37.5,24,0.67,-2.65,14527.21,-12967.05,34.8,False
Bollinger_20_1.5,UPRO,0.0989,0.195,-6.05,-1.05,69.31,-0.015,0.157,44.4,27,0.96,-0.22,12029.09,-10035.2,33.1,False
SMA50_RSI_45_65,SPY,0.098,0.342,10.22,1.7,13.6,0.125,0.188,41.7,12,1.59,0.85,5480.88,-2455.34,14.6,False
SMA100_RSI_35_75,QQQ,0.0975,0.277,4.52,0.77,6.74,0.114,0.053,50.0,2,2.11,2.26,8601.97,-4081.71,16.5,False
SMA100_RSI_40_70,SOXL,0.0974,0.385,32.86,5.06,28.2,0.179,0.08,25.0,4,1.92,8.22,68705.53,-11946.93,7.5,False
RSI_Bounce_35_55_ATR2.5,SPY,0.0974,0.059,-0.24,-0.04,30.26,-0.001,0.037,52.2,23,1.0,-0.01,4648.32,-5092.61,11.3,False
RSI_Bounce_35_70_ATR2.0,SOXL,0.0968,0.31,-28.56,-5.54,81.28,-0.068,0.302,45.0,20,0.89,-1.43,26252.61,-24075.6,30.8,False
RSI_Bounce_35_60_ATR2.5,QQQ,0.0965,0.163,8.18,1.34,28.29,0.047,0.118,45.5,22,1.11,0.37,8463.7,-6371.1,13.9,False
RSI_Bounce_35_55_ATR1.5,TQQQ,0.0945,0.081,-39.92,-8.27,73.77,-0.112,0.06,45.2,31,0.76,-1.29,8826.39,-9622.09,11.7,False
EMA_5_13_ADX15,SHY,0.0934,-1.86,-15.11,-2.77,15.11,-0.183,-1.575,6.5,46,0.09,-0.33,526.04,-388.16,12.9,False
EMA_9_21_ADX15,SOXL,0.0927,0.479,-50.58,-11.37,96.1,-0.118,0.405,35.3,17,0.72,-2.98,22222.63,-16726.37,49.3,False
SMA200_RSI_40_75,GLD,0.0922,0.232,7.43,1.25,13.86,0.09,0.136,50.0,6,1.57,1.24,6837.91,-4359.66,48.8,False
EMA_12_26_ADX20,UPRO,0.0917,0.101,-23.41,-4.46,79.39,-0.056,0.072,58.3,12,0.79,-1.95,12643.83,-22405.5,61.9,False
Bollinger_20_2,SOXL,0.0909,0.46,-56.57,-13.22,95.0,-0.139,0.4,42.9,14,0.64,-4.04,16444.98,-19405.22,62.2,False
EMA_5_13_ADX20,TQQQ,0.0908,0.25,-37.84,-7.82,83.3,-0.094,0.218,45.0,20,0.89,-1.89,34445.16,-31629.87,51.8,False
RSI_Bounce_35_70_ATR2.0,TQQQ,0.0907,0.118,-38.83,-7.99,80.09,-0.1,0.101,46.2,26,0.76,-1.49,10063.29,-11405.43,19.3,False
SMA50_RSI_45_65,TQQQ,0.09,0.304,17.39,2.82,19.06,0.148,0.084,33.3,6,2.14,2.9,16341.59,-3822.05,6.8,False
RSI_Bounce_30_60_ATR2.0,SHY,0.0897,-0.392,-2.17,-0.37,3.76,-0.099,-0.186,58.8,17,0.58,-0.13,296.33,-733.31,11.3,False
RSI_Bounce_35_55_ATR2.0,TLT,0.0897,-0.731,-33.88,-6.77,46.17,-0.147,-0.702,34.1,41,0.51,-0.83,2492.39,-2550.8,12.4,False
RSI_Bounce_30_55_ATR2.0,SHY,0.0892,-0.415,-2.29,-0.39,3.76,-0.104,-0.197,58.8,17,0.55,-0.13,283.88,-733.31,10.9,False
RSI_Bounce_35_60_ATR1.5,UPRO,0.088,0.072,-23.58,-4.46,62.68,-0.071,0.046,43.3,30,0.84,-0.79,9667.21,-8779.75,8.6,False
Bollinger_20_2,UPRO,0.0876,0.168,-8.48,-1.5,65.86,-0.023,0.122,50.0,16,0.92,-0.53,11589.67,-12649.53,48.0,False
RSI_Bounce_35_55_ATR2.0,SPY,0.0871,0.027,-2.34,-0.4,27.66,-0.014,0.016,48.0,25,0.96,-0.09,4140.13,-4001.28,9.5,False
RSI_MeanRev_25_75,TQQQ,0.087,0.242,15.4,2.46,51.37,0.048,0.122,50.0,6,1.18,2.57,34088.68,-29009.94,21.3,False
RSI_Bounce_25_65_ATR2.0,TQQQ,0.087,0.242,15.4,2.46,51.37,0.048,0.122,50.0,6,1.18,2.57,34088.68,-29009.94,21.3,False
RSI_Bounce_25_70_ATR2.0,TQQQ,0.087,0.242,15.4,2.46,51.37,0.048,0.122,50.0,6,1.18,2.57,34088.68,-29009.94,21.3,False
EMA_20_50_ADX15,SOXL,0.0867,0.56,-31.98,-6.38,96.86,-0.066,0.401,42.9,7,0.63,-4.57,18334.86,-21769.91,95.4,False
RSI_Bounce_35_60_ATR2.0,UPRO,0.086,0.086,-27.01,-5.2,70.27,-0.074,0.061,44.4,27,0.83,-1.0,10704.72,-10364.41,12.8,False
RSI_Bounce_25_60_ATR2.0,TQQQ,0.0834,0.227,12.43,2.0,51.36,0.039,0.109,50.0,6,1.14,2.07,32488.88,-28400.48,19.8,False
RSI_Bounce_35_60_ATR2.5,UPRO,0.0834,0.131,-21.1,-3.94,75.64,-0.052,0.096,45.5,22,0.84,-0.96,10863.75,-10811.06,18.6,False
SMA50_RSI_45_70,TQQQ,0.0833,0.261,16.08,2.62,19.06,0.138,0.094,33.3,6,2.05,2.68,15682.44,-3822.05,13.7,False
RSI_Bounce_35_70_ATR2.5,SOXL,0.0832,0.247,-52.63,-11.89,84.84,-0.14,0.254,46.7,15,0.78,-3.51,26537.29,-29798.4,47.0,False
RSI_MeanRev_30_70,UPRO,0.0827,0.196,2.09,0.35,67.47,0.005,0.118,46.7,15,1.02,0.14,17095.93,-14697.93,13.8,False
RSI_Bounce_30_60_ATR2.0,UPRO,0.0827,0.196,2.09,0.35,67.47,0.005,0.118,46.7,15,1.02,0.14,17095.93,-14697.93,13.8,False
RSI_Bounce_30_65_ATR2.0,UPRO,0.0827,0.196,2.09,0.35,67.47,0.005,0.118,46.7,15,1.02,0.14,17095.93,-14697.93,13.8,False
RSI_Bounce_30_70_ATR2.0,UPRO,0.0827,0.196,2.09,0.35,67.47,0.005,0.118,46.7,15,1.02,0.14,17095.93,-14697.93,13.8,False
RSI_Bounce_35_55_ATR1.5,UPRO,0.0821,0.022,-31.61,-6.24,62.68,-0.1,0.014,43.3,30,0.78,-1.05,8514.83,-8371.0,8.3,False
RSI_Bounce_30_65_ATR2.5,SHY,0.0817,-0.19,-1.29,-0.22,4.97,-0.044,-0.134,57.1,14,0.73,-0.09,426.87,-784.22,24.5,False
RSI_Bounce_35_70_ATR2.5,UPRO,0.0814,0.113,-25.81,-4.93,75.64,-0.065,0.086,45.5,22,0.82,-1.17,12033.28,-12178.63,20.1,False
RSI_Bounce_35_70_ATR2.0,TLT,0.0813,-0.688,-34.12,-6.83,45.21,-0.151,-0.739,29.7,37,0.49,-0.92,3035.02,-2600.08,17.8,False
SMA100_RSI_35_65,UPRO,0.081,0.261,9.89,1.65,15.03,0.11,0.067,33.3,3,2.55,3.3,16267.55,-3188.28,16.7,False
RSI_Bounce_35_65_ATR2.0,TLT,0.081,-0.743,-35.81,-7.24,45.73,-0.158,-0.782,29.7,37,0.47,-0.97,2838.48,-2581.61,16.9,False
SMA100_RSI_35_70,QQQ,0.0809,0.195,3.02,0.52,6.75,0.077,0.036,50.0,2,1.75,1.51,7042.1,-4027.04,16.0,False
RSI_Bounce_35_60_ATR2.0,TLT,0.0804,-0.812,-37.64,-7.69,46.55,-0.165,-0.826,29.7,37,0.43,-1.02,2611.34,-2555.91,15.5,False
SMA100_RSI_45_75,UPRO,0.0799,0.238,8.8,1.48,58.4,0.025,0.126,42.9,14,1.08,0.63,19145.6,-13278.18,33.1,False
RSI_Bounce_35_55_ATR2.5,QQQ,0.0797,0.006,-6.21,-1.08,31.02,-0.035,0.004,47.8,23,0.91,-0.27,5875.23,-5902.79,11.2,False
SMA200_RSI_35_75,SOXL,0.0795,0.161,5.36,0.91,48.67,0.019,0.045,50.0,2,2.09,2.68,10300.86,-4939.06,36.0,False
RSI_Bounce_35_65_ATR2.5,SPY,0.0795,0.084,1.42,0.24,30.26,0.008,0.057,43.5,23,1.02,0.06,6732.89,-5069.84,14.3,False
RSI_Bounce_35_70_ATR2.5,SPY,0.0795,0.084,1.42,0.24,30.26,0.008,0.057,43.5,23,1.02,0.06,6732.89,-5069.84,14.3,False
RSI_Bounce_35_65_ATR2.5,UPRO,0.0787,0.091,-29.87,-5.84,75.64,-0.077,0.069,45.5,22,0.79,-1.36,11292.16,-11899.72,20.0,False
SMA100_RSI_45_65,SOXL,0.0781,0.148,-72.15,-19.9,93.63,-0.213,0.051,45.0,20,0.72,-3.61,20715.66,-23512.08,10.5,False
RSI_MeanRev_25_75,GLD,0.0777,0.164,1.36,0.23,2.2,0.104,0.032,50.0,2,1.66,0.68,3430.07,-2070.3,10.5,False
RSI_Bounce_25_55_ATR2.0,GLD,0.0777,0.164,1.36,0.23,2.2,0.104,0.032,50.0,2,1.66,0.68,3430.07,-2070.3,10.5,False
RSI_Bounce_25_60_ATR2.0,GLD,0.0777,0.164,1.36,0.23,2.2,0.104,0.032,50.0,2,1.66,0.68,3430.07,-2070.3,10.5,False
RSI_Bounce_25_65_ATR2.0,GLD,0.0777,0.164,1.36,0.23,2.2,0.104,0.032,50.0,2,1.66,0.68,3430.07,-2070.3,10.5,False
RSI_Bounce_25_70_ATR2.0,GLD,0.0777,0.164,1.36,0.23,2.2,0.104,0.032,50.0,2,1.66,0.68,3430.07,-2070.3,10.5,False
RSI_Bounce_35_70_ATR2.5,GLD,0.0777,0.141,4.62,0.77,16.96,0.045,0.104,46.2,13,1.17,0.36,5177.1,-3777.02,29.8,False
RSI_Bounce_35_65_ATR2.0,SPY,0.0776,0.032,-2.25,-0.39,27.66,-0.014,0.02,44.0,25,0.96,-0.09,5003.63,-4092.37,10.8,False
RSI_Bounce_35_70_ATR2.0,SPY,0.0776,0.032,-2.25,-0.39,27.66,-0.014,0.02,44.0,25,0.96,-0.09,5003.63,-4092.37,10.8,False
RSI_Bounce_35_55_ATR2.5,TLT,0.0773,-0.645,-32.05,-6.34,44.32,-0.143,-0.652,40.0,35,0.49,-0.92,2248.75,-3030.1,16.2,False
SMA200_RSI_40_65,SOXL,0.0772,0.256,19.73,3.17,42.07,0.075,0.087,42.9,7,1.27,2.82,30877.2,-18268.61,14.0,False
SMA100_RSI_45_65,UPRO,0.077,0.156,-4.48,-0.79,58.94,-0.013,0.067,44.4,18,0.96,-0.25,14231.92,-11847.6,16.8,False
EMA_12_26_ADX25,UPRO,0.0758,0.101,-31.1,-6.18,79.29,-0.078,0.093,60.0,5,0.38,-6.22,6458.19,-25286.77,203.8,False
SMA200_RSI_40_75,SHY,0.0758,-0.284,-2.26,-0.4,4.35,-0.091,-0.283,66.7,3,0.2,-0.75,296.33,-2995.32,318.7,False
RSI_Bounce_35_55_ATR2.0,UPRO,0.0755,-0.024,-43.08,-9.11,70.64,-0.129,-0.016,44.4,27,0.7,-1.6,8291.03,-9505.04,11.5,False
SMA100_RSI_40_75,SHY,0.0754,-0.37,-2.53,-0.44,4.66,-0.095,-0.323,66.7,3,0.18,-0.84,295.54,-3261.16,295.0,False
RSI_Bounce_30_60_ATR1.5,SHY,0.0754,-0.672,-3.11,-0.53,3.94,-0.136,-0.313,52.6,19,0.39,-0.16,200.71,-568.79,7.9,False
RSI_Bounce_30_65_ATR1.5,SHY,0.0754,-0.672,-3.11,-0.53,3.94,-0.136,-0.313,52.6,19,0.39,-0.16,200.71,-568.79,7.9,False
RSI_Bounce_30_70_ATR1.5,SHY,0.0754,-0.672,-3.11,-0.53,3.94,-0.136,-0.313,52.6,19,0.39,-0.16,200.71,-568.79,7.9,False
RSI_Bounce_30_55_ATR1.5,SHY,0.0752,-0.681,-3.16,-0.54,3.94,-0.138,-0.318,52.6,19,0.38,-0.17,196.11,-568.79,7.8,False
RSI_Bounce_35_65_ATR2.5,GLD,0.0749,0.124,3.86,0.64,17.56,0.037,0.091,46.2,13,1.15,0.3,5029.66,-3759.39,29.7,False
RSI_Bounce_35_65_ATR1.5,SOXL,0.0738,0.165,-54.54,-12.51,76.85,-0.163,0.154,39.1,23,0.75,-2.37,18047.49,-15497.57,22.3,False
RSI_Bounce_35_60_ATR2.0,SPY,0.0738,-0.003,-4.72,-0.82,27.66,-0.03,-0.002,44.0,25,0.92,-0.19,4728.26,-4052.46,10.6,False
EMA_5_13_ADX20,SOXL,0.0735,0.286,-38.47,-7.98,92.79,-0.086,0.352,37.5,16,0.86,-2.4,38194.73,-26772.21,61.6,False
SMA200_RSI_35_65,SPY,0.0735,0.141,3.11,0.53,10.59,0.05,0.064,50.0,6,1.2,0.52,6102.21,-5066.88,24.0,False
RSI_MeanRev_30_70,SHY,0.0734,-0.571,-3.14,-0.54,4.63,-0.116,-0.277,52.9,17,0.48,-0.18,322.76,-755.69,12.0,False
RSI_Bounce_30_65_ATR2.0,SHY,0.0734,-0.571,-3.14,-0.54,4.63,-0.116,-0.277,52.9,17,0.48,-0.18,322.76,-755.69,12.0,False
RSI_Bounce_30_70_ATR2.0,SHY,0.0734,-0.571,-3.14,-0.54,4.63,-0.116,-0.277,52.9,17,0.48,-0.18,322.76,-755.69,12.0,False
RSI_Bounce_25_55_ATR2.0,TQQQ,0.0731,0.186,3.37,0.56,51.36,0.011,0.087,50.0,6,1.04,0.56,27649.43,-26574.58,19.5,False
EMA_5_13_ADX25,TQQQ,0.073,0.304,-16.9,-3.12,88.72,-0.035,0.284,44.4,9,0.91,-1.88,41589.59,-36651.75,114.3,False
RSI_Bounce_35_60_ATR2.5,SPY,0.073,0.037,-2.19,-0.38,30.26,-0.012,0.025,43.5,23,0.97,-0.1,6284.58,-5003.03,13.9,False
RSI_Bounce_35_70_ATR2.5,TLT,0.0721,-0.531,-31.31,-6.17,43.93,-0.14,-0.639,31.2,32,0.54,-0.98,3694.14,-3106.59,25.9,False
RSI_Bounce_35_65_ATR1.5,UPRO,0.072,-0.043,-41.62,-8.72,62.68,-0.139,-0.028,41.4,29,0.7,-1.44,8191.26,-8230.57,9.4,False
RSI_Bounce_35_70_ATR1.5,UPRO,0.072,-0.043,-41.62,-8.72,62.68,-0.139,-0.028,41.4,29,0.7,-1.44,8191.26,-8230.57,9.4,False
RSI_Bounce_35_65_ATR2.5,TLT,0.0716,-0.577,-33.14,-6.59,43.93,-0.15,-0.686,31.2,32,0.51,-1.04,3511.1,-3106.59,24.9,False
EMA_5_13_ADX15,TLT,0.0713,-0.817,-37.87,-7.83,42.83,-0.183,-0.887,23.5,34,0.22,-1.11,1342.39,-1869.69,17.6,False
RSI_Bounce_35_60_ATR2.5,TLT,0.071,-0.648,-33.71,-6.73,43.25,-0.156,-0.706,34.4,32,0.47,-1.05,2777.55,-3064.45,20.2,False
RSI_Bounce_35_70_ATR1.5,SOXL,0.0703,0.155,-57.46,-13.49,78.34,-0.172,0.149,36.4,22,0.72,-2.61,18811.57,-14854.09,25.6,False
RSI_Bounce_30_55_ATR2.0,UPRO,0.0701,0.103,-14.28,-2.58,67.47,-0.038,0.056,46.7,15,0.87,-0.95,13971.29,-14010.14,11.5,False
EMA_5_13_ADX20,SHY,0.0689,-1.67,-12.86,-2.33,12.86,-0.181,-1.385,5.9,34,0.06,-0.38,436.43,-429.24,21.1,False
SMA_20_50,SOXL,0.0688,0.305,-77.03,-22.53,97.79,-0.23,0.254,33.3,15,0.55,-5.14,18794.52,-17104.0,55.1,False
RSI_Bounce_35_65_ATR1.5,TQQQ,0.0682,-0.128,-68.21,-17.65,86.91,-0.203,-0.096,40.0,30,0.55,-2.27,6926.75,-8409.65,12.1,False
RSI_Bounce_35_70_ATR1.5,TQQQ,0.0682,-0.128,-68.21,-17.65,86.91,-0.203,-0.096,40.0,30,0.55,-2.27,6926.75,-8409.65,12.1,False
SMA200_RSI_35_65,TQQQ,0.0678,0.135,5.28,0.9,28.12,0.032,0.047,50.0,4,1.16,1.32,18884.14,-16245.34,24.2,False
SMA100_RSI_40_70,SHY,0.0672,0.078,0.34,0.06,1.26,0.047,0.042,50.0,4,1.54,0.08,280.15,-182.49,93.8,False
SMA50_RSI_45_70,SPY,0.067,0.193,5.88,1.0,13.59,0.073,0.119,30.0,10,1.39,0.59,6971.24,-2147.08,26.6,False
RSI_Bounce_35_55_ATR2.5,UPRO,0.067,-0.037,-45.61,-9.8,75.64,-0.13,-0.024,45.5,22,0.62,-2.07,7384.6,-9954.36,14.7,False
RSI_Bounce_35_60_ATR1.5,SHY,0.0669,-1.461,-9.23,-1.63,9.75,-0.167,-0.841,28.1,32,0.19,-0.29,237.85,-494.49,8.5,False
RSI_Bounce_35_65_ATR1.5,SHY,0.0669,-1.462,-9.23,-1.63,9.75,-0.167,-0.841,28.1,32,0.19,-0.29,238.15,-494.51,8.6,False
RSI_Bounce_35_70_ATR1.5,SHY,0.0669,-1.462,-9.23,-1.63,9.75,-0.167,-0.841,28.1,32,0.19,-0.29,238.15,-494.51,8.6,False
RSI_Bounce_35_55_ATR1.5,SHY,0.0664,-1.526,-9.5,-1.68,9.97,-0.168,-0.858,28.1,32,0.16,-0.3,207.48,-494.16,8.1,False
RSI_Bounce_25_55_ATR1.5,SPY,0.0661,0.213,6.62,1.09,9.26,0.118,0.058,40.0,5,1.65,1.32,8420.78,-3407.44,4.2,False
RSI_Bounce_25_60_ATR1.5,SPY,0.0661,0.213,6.62,1.09,9.26,0.118,0.058,40.0,5,1.65,1.32,8420.78,-3407.44,4.2,False
RSI_Bounce_25_65_ATR1.5,SPY,0.0661,0.213,6.62,1.09,9.26,0.118,0.058,40.0,5,1.65,1.32,8420.78,-3407.44,4.2,False
RSI_Bounce_25_70_ATR1.5,SPY,0.0661,0.213,6.62,1.09,9.26,0.118,0.058,40.0,5,1.65,1.32,8420.78,-3407.44,4.2,False
RSI_Bounce_35_65_ATR2.0,UPRO,0.0661,-0.03,-45.65,-9.82,72.95,-0.135,-0.022,40.7,27,0.69,-1.69,9362.13,-9289.68,13.3,False
RSI_Bounce_35_70_ATR2.0,UPRO,0.0661,-0.03,-45.65,-9.82,72.95,-0.135,-0.022,40.7,27,0.69,-1.69,9362.13,-9289.68,13.3,False
RSI_Bounce_35_60_ATR1.5,SPY,0.0652,-0.666,-29.86,-5.83,32.53,-0.179,-0.281,37.9,29,0.48,-1.03,2521.73,-3200.22,5.9,False
RSI_Bounce_35_65_ATR1.5,SPY,0.0652,-0.666,-29.86,-5.83,32.53,-0.179,-0.281,37.9,29,0.48,-1.03,2521.73,-3200.22,5.9,False
RSI_Bounce_35_70_ATR1.5,SPY,0.0652,-0.666,-29.86,-5.83,32.53,-0.179,-0.281,37.9,29,0.48,-1.03,2521.73,-3200.22,5.9,False
RSI_Bounce_35_55_ATR1.5,SPY,0.0649,-0.697,-30.93,-6.08,33.56,-0.181,-0.294,37.9,29,0.46,-1.07,2396.23,-3182.72,5.8,False
EMA_9_21_ADX20,GLD,0.0644,0.157,5.99,1.0,26.31,0.038,0.119,42.9,7,1.53,0.86,5608.3,-2746.46,71.1,False
SMA100_RSI_45_70,UPRO,0.0642,0.15,-6.67,-1.19,58.86,-0.02,0.078,42.9,14,0.93,-0.48,15468.53,-12451.42,31.4,False
EMA_9_21_ADX25,TQQQ,0.0636,0.387,6.18,1.03,88.23,0.012,0.396,33.3,3,1.07,2.06,91716.34,-42842.27,425.0,False
SMA_10_30,SHY,0.0636,-1.524,-11.99,-2.19,11.99,-0.183,-1.248,9.7,31,0.11,-0.39,502.83,-481.99,20.1,False
SMA100_RSI_35_65,QQQ,0.0619,0.098,1.37,0.24,6.73,0.035,0.018,50.0,2,1.35,0.68,5319.4,-3954.16,14.5,False
SMA200_RSI_45_75,SOXL,0.0618,0.265,-67.1,-17.54,94.43,-0.186,0.121,38.5,13,0.62,-5.16,21911.19,-22087.33,25.2,False
RSI_Bounce_30_60_ATR2.5,SHY,0.0613,-0.344,-2.14,-0.37,4.97,-0.074,-0.225,50.0,14,0.55,-0.15,368.36,-674.46,21.2,False
RSI_Bounce_30_65_ATR2.5,SPY,0.0609,0.162,7.53,1.24,23.1,0.054,0.103,40.0,10,1.24,0.75,9606.53,-5149.24,18.6,False
RSI_Bounce_30_70_ATR2.5,SPY,0.0609,0.162,7.53,1.24,23.1,0.054,0.103,40.0,10,1.24,0.75,9606.53,-5149.24,18.6,False
RSI_Bounce_30_55_ATR1.5,TLT,0.0607,-0.52,-17.73,-3.25,22.61,-0.144,-0.358,30.8,26,0.58,-0.68,3017.78,-2326.37,8.1,False
RSI_Bounce_30_60_ATR1.5,TLT,0.0607,-0.52,-17.73,-3.25,22.61,-0.144,-0.358,30.8,26,0.58,-0.68,3017.78,-2326.37,8.1,False
RSI_Bounce_30_65_ATR1.5,TLT,0.0607,-0.52,-17.73,-3.25,22.61,-0.144,-0.358,30.8,26,0.58,-0.68,3017.78,-2326.37,8.1,False
RSI_Bounce_30_70_ATR1.5,TLT,0.0607,-0.52,-17.73,-3.25,22.61,-0.144,-0.358,30.8,26,0.58,-0.68,3017.78,-2326.37,8.1,False
RSI_Bounce_30_55_ATR2.5,SHY,0.0606,-0.442,-2.42,-0.41,4.97,-0.083,-0.234,50.0,14,0.51,-0.17,363.23,-708.3,14.2,False
RSI_Bounce_30_60_ATR2.5,UPRO,0.0602,0.121,-16.42,-2.99,72.74,-0.041,0.068,42.9,14,0.86,-1.17,16170.7,-14180.07,16.7,False
SMA100_RSI_35_70,SHY,0.0602,0.044,0.13,0.02,1.36,0.016,0.018,50.0,2,1.71,0.06,310.43,-181.98,113.0,False
EMA_5_13_ADX20,GLD,0.059,-0.025,-4.14,-0.72,22.45,-0.032,-0.023,34.8,23,0.87,-0.18,3737.69,-2278.83,30.1,False
RSI_Bounce_25_55_ATR1.5,TLT,0.0585,0.092,1.45,0.24,5.06,0.048,0.028,44.4,9,1.11,0.16,3596.58,-2586.5,3.7,False
RSI_Bounce_25_60_ATR1.5,TLT,0.0585,0.092,1.45,0.24,5.06,0.048,0.028,44.4,9,1.11,0.16,3596.58,-2586.5,3.7,False
RSI_Bounce_25_65_ATR1.5,TLT,0.0585,0.092,1.45,0.24,5.06,0.048,0.028,44.4,9,1.11,0.16,3596.58,-2586.5,3.7,False
RSI_Bounce_25_70_ATR1.5,TLT,0.0585,0.092,1.45,0.24,5.06,0.048,0.028,44.4,9,1.11,0.16,3596.58,-2586.5,3.7,False
Bollinger_20_1.5,TLT,0.0577,-0.393,-24.01,-4.56,35.16,-0.13,-0.393,24.0,25,0.51,-0.96,4121.78,-2565.22,23.7,False
EMA_9_21_ADX15,SHY,0.0577,-1.211,-10.12,-1.81,10.15,-0.178,-1.087,7.1,28,0.11,-0.36,651.69,-439.33,22.6,False
SMA100_RSI_45_75,SOXL,0.0554,0.158,-74.92,-21.34,94.26,-0.226,0.073,33.3,15,0.64,-4.99,26273.51,-20632.32,22.8,False
RSI_Bounce_35_60_ATR2.0,SHY,0.0553,-1.334,-8.6,-1.51,9.56,-0.158,-0.75,34.6,26,0.22,-0.33,267.99,-647.76,11.8,False
RSI_Bounce_30_60_ATR2.5,SPY,0.0552,0.133,5.35,0.89,23.1,0.038,0.081,40.0,10,1.17,0.53,9006.46,-5113.35,16.4,False
RSI_Bounce_35_55_ATR2.0,SHY,0.0552,-1.354,-8.72,-1.53,9.56,-0.16,-0.759,34.6,26,0.21,-0.34,255.06,-647.76,11.6,False
EMA_12_26_ADX20,SOXL,0.0551,0.359,-1.76,-0.3,81.01,-0.004,0.426,33.3,3,0.88,-0.59,13354.02,-7628.94,294.7,False
SMA_10_30,TLT,0.0548,-0.386,-18.32,-3.45,21.41,-0.161,-0.394,33.3,24,0.45,-0.76,1862.55,-2076.47,23.3,False
SMA_20_50,TQQQ,0.0544,0.144,-40.71,-8.67,82.62,-0.105,0.115,35.7,14,0.8,-2.91,32611.75,-22640.94,63.9,False
EMA_9_21_ADX25,TLT,0.0537,0.049,0.33,0.06,18.44,0.003,0.047,50.0,4,1.03,0.08,5780.07,-5616.61,149.2,False
RSI_Bounce_30_55_ATR1.5,SPY,0.0535,-0.123,-5.74,-1.0,16.93,-0.059,-0.043,46.2,13,0.8,-0.44,3735.82,-4022.43,6.0,False
RSI_Bounce_30_60_ATR1.5,SPY,0.0535,-0.123,-5.74,-1.0,16.93,-0.059,-0.043,46.2,13,0.8,-0.44,3735.82,-4022.43,6.0,False
RSI_Bounce_30_65_ATR1.5,SPY,0.0535,-0.123,-5.74,-1.0,16.93,-0.059,-0.043,46.2,13,0.8,-0.44,3735.82,-4022.43,6.0,False
RSI_Bounce_30_70_ATR1.5,SPY,0.0535,-0.123,-5.74,-1.0,16.93,-0.059,-0.043,46.2,13,0.8,-0.44,3735.82,-4022.43,6.0,False
RSI_Bounce_35_65_ATR2.0,SHY,0.0532,-1.401,-8.84,-1.56,9.87,-0.158,-0.833,32.0,25,0.21,-0.35,295.25,-659.01,12.8,False
RSI_Bounce_35_70_ATR2.0,SHY,0.0532,-1.401,-8.84,-1.56,9.87,-0.158,-0.833,32.0,25,0.21,-0.35,295.25,-659.01,12.8,False
EMA_20_50_ADX15,TQQQ,0.0522,0.247,-28.22,-5.52,81.76,-0.067,0.176,37.5,8,0.77,-3.53,30999.95,-24243.58,107.1,False
EMA_5_13_ADX25,TLT,0.0515,-0.099,-8.46,-1.5,20.98,-0.072,-0.112,50.0,8,0.7,-1.06,4867.99,-6982.02,95.8,False
SMA100_RSI_45_65,SHY,0.0507,-0.057,-0.45,-0.08,2.66,-0.03,-0.049,50.0,8,0.65,-0.06,275.43,-424.35,71.6,False
SMA200_RSI_45_70,SOXL,0.0506,0.124,-76.73,-22.36,94.82,-0.236,0.047,40.0,15,0.55,-5.12,15409.22,-18802.3,15.6,False
RSI_Bounce_35_65_ATR2.5,SHY,0.0504,-0.962,-7.65,-1.34,8.86,-0.151,-0.685,30.4,23,0.29,-0.33,444.99,-680.81,20.9,False
Bollinger_20_1.5,SHY,0.0499,-0.96,-8.56,-1.51,9.97,-0.152,-0.842,13.0,23,0.26,-0.37,980.66,-575.14,30.7,False
SMA200_RSI_45_65,SOXL,0.0496,-0.014,-83.01,-26.48,94.72,-0.28,-0.005,43.8,16,0.54,-5.19,14017.07,-20128.71,11.8,False
RSI_Bounce_35_60_ATR2.5,SHY,0.0495,-1.125,-8.39,-1.47,9.55,-0.154,-0.746,30.4,23,0.23,-0.36,353.97,-678.97,17.8,False
RSI_Bounce_30_70_ATR2.5,SHY,0.0493,-0.326,-2.64,-0.45,4.97,-0.091,-0.229,46.2,13,0.52,-0.2,479.86,-788.25,30.0,False
RSI_Bounce_35_55_ATR2.5,SHY,0.0493,-1.253,-8.64,-1.52,9.68,-0.157,-0.714,30.4,23,0.22,-0.38,349.46,-692.89,13.6,False
RSI_Bounce_25_60_ATR1.5,UPRO,0.0487,0.16,2.15,0.36,47.62,0.008,0.078,37.5,8,1.03,0.27,22853.65,-13282.94,13.5,False
RSI_Bounce_35_70_ATR2.5,SHY,0.048,-0.86,-7.84,-1.37,8.25,-0.167,-0.637,27.3,22,0.27,-0.36,501.12,-686.18,23.8,False
RSI_Bounce_30_70_ATR2.5,UPRO,0.0474,0.015,-36.66,-7.45,72.74,-0.102,0.01,42.9,14,0.71,-2.62,14814.72,-15693.31,19.5,False
RSI_Bounce_30_60_ATR1.5,UPRO,0.0462,0.045,-21.14,-3.94,60.79,-0.065,0.023,40.0,15,0.78,-1.41,12858.65,-10920.79,10.4,False
RSI_MeanRev_30_70,TLT,0.0462,-0.949,-34.25,-6.86,38.95,-0.176,-0.678,19.0,21,0.28,-1.63,3280.38,-2786.79,13.2,False
RSI_Bounce_30_60_ATR2.0,TLT,0.0462,-0.949,-34.25,-6.86,38.95,-0.176,-0.678,19.0,21,0.28,-1.63,3280.38,-2786.79,13.2,False
RSI_Bounce_30_65_ATR2.0,TLT,0.0462,-0.949,-34.25,-6.86,38.95,-0.176,-0.678,19.0,21,0.28,-1.63,3280.38,-2786.79,13.2,False
RSI_Bounce_30_70_ATR2.0,TLT,0.0462,-0.949,-34.25,-6.86,38.95,-0.176,-0.678,19.0,21,0.28,-1.63,3280.38,-2786.79,13.2,False
RSI_Bounce_30_55_ATR2.0,TLT,0.0458,-0.998,-35.45,-7.15,40.07,-0.178,-0.709,19.0,21,0.25,-1.69,2921.61,-2772.83,13.1,False
EMA_12_26_ADX15,SHY,0.0457,-0.917,-7.59,-1.34,7.81,-0.172,-0.83,9.1,22,0.11,-0.34,460.59,-425.52,28.0,False
SMA50_RSI_45_75,SPY,0.0454,0.083,1.9,0.33,14.07,0.023,0.056,22.2,9,1.13,0.21,8245.66,-2083.87,34.9,False
RSI_Bounce_30_65_ATR2.5,UPRO,0.0453,-0.008,-40.11,-8.32,72.74,-0.114,-0.005,42.9,14,0.67,-2.86,13836.98,-15391.49,19.3,False
EMA_5_13_ADX25,GLD,0.0451,0.057,0.33,0.06,25.87,0.002,0.053,33.3,12,1.01,0.03,7106.02,-3512.08,57.5,False
EMA_12_26_ADX25,TQQQ,0.0449,0.274,-26.64,-5.17,88.37,-0.058,0.261,33.3,3,0.77,-8.88,87718.29,-57232.24,378.7,False
RSI_Bounce_30_55_ATR2.5,UPRO,0.0448,-0.04,-38.97,-8.03,72.74,-0.11,-0.02,42.9,14,0.64,-2.78,11776.05,-13703.17,13.1,False
EMA_5_13_ADX25,SHY,0.0442,-0.81,-5.41,-0.95,6.97,-0.136,-0.617,10.0,20,0.28,-0.27,1032.25,-415.43,29.4,False
EMA_9_21_ADX20,SHY,0.044,-1.269,-10.18,-1.82,10.64,-0.171,-1.161,9.5,21,0.13,-0.48,734.52,-612.94,39.2,False
SMA100_RSI_45_70,SOXL,0.0436,0.031,-81.74,-25.56,95.05,-0.269,0.013,31.2,16,0.57,-5.11,21876.61,-17377.47,17.0,False
EMA_20_50_ADX25,UPRO,0.0435,0.066,-38.21,-7.91,78.59,-0.101,0.062,50.0,4,0.26,-9.55,6876.72,-26027.32,258.5,False
SMA100_RSI_40_65,SOXL,0.043,0.135,5.21,0.89,28.2,0.031,0.019,25.0,4,1.18,1.3,33589.8,-9459.78,3.2,False
EMA_20_50_ADX20,UPRO,0.0428,-0.066,-43.36,-9.27,75.98,-0.122,-0.044,50.0,6,0.39,-7.23,9409.3,-23890.77,112.7,False
RSI_Bounce_25_55_ATR1.5,UPRO,0.0422,0.122,-4.42,-0.76,47.62,-0.016,0.059,37.5,8,0.93,-0.55,20484.23,-13174.61,12.9,False
RSI_Bounce_30_55_ATR1.5,UPRO,0.042,0.01,-26.2,-5.02,60.79,-0.083,0.005,40.0,15,0.73,-1.75,11744.1,-10740.64,10.1,False
RSI_Bounce_30_60_ATR2.5,TLT,0.042,-0.665,-26.97,-5.19,33.31,-0.156,-0.503,27.8,18,0.4,-1.5,3621.68,-3467.27,16.7,False
RSI_Bounce_25_65_ATR2.5,GLD,0.0416,-0.026,-0.55,-0.09,8.46,-0.011,-0.008,50.0,2,0.84,-0.28,2833.43,-3380.03,28.0,False
RSI_Bounce_25_70_ATR2.5,GLD,0.0416,-0.026,-0.55,-0.09,8.46,-0.011,-0.008,50.0,2,0.84,-0.28,2833.43,-3380.03,28.0,False
RSI_Bounce_25_60_ATR2.5,UPRO,0.041,0.142,-10.47,-1.86,62.1,-0.03,0.066,28.6,7,0.85,-1.5,29245.58,-13792.03,21.9,False
RSI_Bounce_30_55_ATR2.5,TLT,0.0406,-0.803,-30.52,-5.98,36.55,-0.164,-0.584,27.8,18,0.31,-1.7,2757.55,-3408.24,15.8,False
SMA100_RSI_40_65,SHY,0.0394,-0.065,-0.3,-0.05,1.34,-0.038,-0.035,50.0,4,0.43,-0.08,163.73,-383.52,85.5,False
RSI_Bounce_30_65_ATR1.5,UPRO,0.0384,-0.135,-46.14,-9.96,62.44,-0.159,-0.076,33.3,15,0.56,-3.08,11619.42,-10424.06,11.9,False
RSI_Bounce_30_70_ATR1.5,UPRO,0.0384,-0.135,-46.14,-9.96,62.44,-0.159,-0.076,33.3,15,0.56,-3.08,11619.42,-10424.06,11.9,False
Bollinger_20_2,TLT,0.0382,-0.318,-20.99,-3.93,31.62,-0.124,-0.323,31.2,16,0.41,-1.31,2907.62,-3229.83,39.1,False
RSI_MeanRev_20_80,UPRO,0.038,0.156,1.67,0.28,44.17,0.006,0.064,33.3,3,1.03,0.56,57223.53,-27777.6,30.7,False
RSI_Bounce_30_65_ATR2.5,TLT,0.0378,-0.833,-34.54,-6.93,40.22,-0.172,-0.694,17.6,17,0.25,-2.03,3881.31,-3299.06,20.5,False
RSI_Bounce_30_70_ATR2.5,TLT,0.0378,-0.833,-34.54,-6.93,40.22,-0.172,-0.694,17.6,17,0.25,-2.03,3881.31,-3299.06,20.5,False
RSI_Bounce_25_60_ATR2.5,TQQQ,0.0373,0.129,-1.64,-0.28,59.47,-0.005,0.069,40.0,5,0.96,-0.33,22030.87,-15282.5,24.6,False
SMA_20_50,SHY,0.037,-0.699,-5.02,-0.89,6.24,-0.143,-0.599,11.8,17,0.2,-0.3,627.2,-418.35,32.6,False
SMA100_RSI_35_65,SHY,0.0369,-0.097,-0.27,-0.05,1.36,-0.035,-0.039,50.0,2,0.53,-0.14,310.43,-585.27,101.5,False
EMA_5_13_ADX25,SOXL,0.0368,0.139,-91.92,-34.99,99.31,-0.352,0.146,37.5,8,0.46,-11.49,26395.01,-34222.75,144.2,False
Bollinger_20_2,SHY,0.0365,-0.734,-5.94,-1.04,8.18,-0.127,-0.607,18.8,16,0.3,-0.37,842.95,-651.48,35.7,False
SMA200_RSI_45_65,TQQQ,0.0364,-0.246,-69.36,-18.56,81.99,-0.226,-0.097,41.7,12,0.54,-5.78,15973.82,-21318.78,24.2,False
RSI_MeanRev_30_70,SPY,0.0363,0.005,-2.43,-0.42,20.57,-0.02,0.003,36.4,11,0.92,-0.22,6740.53,-4199.22,9.2,False
RSI_Bounce_30_60_ATR2.0,SPY,0.0363,0.005,-2.43,-0.42,20.57,-0.02,0.003,36.4,11,0.92,-0.22,6740.53,-4199.22,9.2,False
RSI_Bounce_30_65_ATR2.0,SPY,0.0363,0.005,-2.43,-0.42,20.57,-0.02,0.003,36.4,11,0.92,-0.22,6740.53,-4199.22,9.2,False
RSI_Bounce_30_70_ATR2.0,SPY,0.0363,0.005,-2.43,-0.42,20.57,-0.02,0.003,36.4,11,0.92,-0.22,6740.53,-4199.22,9.2,False
SMA_20_50,TLT,0.0352,-0.114,-7.31,-1.31,16.66,-0.079,-0.11,30.8,13,0.61,-0.56,2889.41,-2096.76,41.8,False
RSI_Bounce_30_55_ATR2.0,SPY,0.0343,-0.049,-5.27,-0.91,20.57,-0.044,-0.025,36.4,11,0.82,-0.48,5913.39,-4132.06,8.8,False
EMA_20_50_ADX20,SHY,0.034,-0.577,-6.1,-1.07,7.76,-0.138,-0.67,50.0,4,0.07,-1.52,240.79,-3360.24,263.2,False
EMA_20_50_ADX25,SHY,0.034,-0.577,-6.1,-1.07,7.76,-0.138,-0.67,50.0,4,0.07,-1.52,240.79,-3360.24,263.2,False
RSI_Bounce_25_55_ATR2.5,TQQQ,0.0334,0.103,-6.07,-1.06,59.47,-0.018,0.054,40.0,5,0.87,-1.21,21042.05,-16095.35,24.4,False
SMA100_RSI_45_65,TQQQ,0.0332,-0.132,-47.64,-10.62,62.99,-0.169,-0.052,25.0,12,0.61,-3.97,25215.5,-13698.93,18.3,False
EMA_5_13_ADX20,TLT,0.0325,-0.483,-30.95,-6.14,36.18,-0.17,-0.611,28.6,14,0.3,-2.21,3354.11,-4436.88,64.3,False
RSI_MeanRev_20_80,TQQQ,0.0324,-0.418,-30.38,-5.95,40.72,-0.146,-0.112,50.0,2,0.23,-15.19,9138.28,-39619.7,27.0,False
RSI_Bounce_30_55_ATR2.5,SPY,0.0322,-0.04,-5.68,-0.99,23.1,-0.043,-0.021,40.0,10,0.81,-0.57,6022.89,-4961.36,13.2,False
SMA100_RSI_45_70,TQQQ,0.0318,-0.086,-44.24,-9.64,66.74,-0.144,-0.038,18.2,11,0.65,-4.02,41882.03,-14222.66,24.6,False
SMA200_RSI_45_70,TQQQ,0.0315,-0.136,-61.66,-15.33,79.26,-0.193,-0.059,36.4,11,0.63,-5.61,26568.31,-23990.63,32.4,False
EMA_12_26_ADX20,SHY,0.0315,-0.885,-7.96,-1.41,9.16,-0.154,-0.924,13.3,15,0.1,-0.53,453.82,-682.21,62.4,False
SMA50_RSI_45_75,TQQQ,0.0309,0.054,-1.47,-0.26,19.06,-0.013,0.02,33.3,6,0.9,-0.24,6908.62,-3822.05,15.5,False
RSI_MeanRev_25_75,UPRO,0.0295,0.044,-21.05,-3.93,54.95,-0.071,0.02,28.6,7,0.74,-3.01,30585.99,-16445.31,17.7,False
RSI_Bounce_25_65_ATR2.0,UPRO,0.0295,0.044,-21.05,-3.93,54.95,-0.071,0.02,28.6,7,0.74,-3.01,30585.99,-16445.31,17.7,False
RSI_Bounce_25_70_ATR2.0,UPRO,0.0295,0.044,-21.05,-3.93,54.95,-0.071,0.02,28.6,7,0.74,-3.01,30585.99,-16445.31,17.7,False
SMA200_RSI_35_75,SHY,0.0294,-0.467,-2.72,-0.48,4.09,-0.117,-0.347,50.0,2,0.03,-1.36,102.69,-2962.3,328.0,False
SMA100_RSI_35_75,SHY,0.0294,-0.495,-3.02,-0.53,4.87,-0.109,-0.398,50.0,2,0.03,-1.51,102.32,-3261.16,384.5,False
EMA_9_21_ADX15,TLT,0.0291,-0.981,-48.0,-10.59,48.0,-0.221,-1.147,21.4,14,0.07,-3.43,1275.49,-4711.51,51.4,False
RSI_Bounce_25_70_ATR2.5,UPRO,0.0281,0.039,-30.97,-6.09,62.1,-0.098,0.02,28.6,7,0.68,-4.42,32602.93,-19234.27,26.9,False
RSI_Bounce_25_55_ATR2.5,UPRO,0.0278,0.044,-26.59,-5.1,62.1,-0.082,0.019,28.6,7,0.63,-3.8,22539.22,-14333.63,17.6,False
SMA100_RSI_45_75,TQQQ,0.0277,-0.172,-63.4,-16.01,75.63,-0.212,-0.074,9.1,11,0.38,-5.76,38658.36,-10205.49,27.8,False
RSI_Bounce_25_60_ATR2.0,UPRO,0.0272,0.025,-23.86,-4.52,54.95,-0.082,0.011,28.6,7,0.71,-3.41,28514.32,-16178.17,17.1,False
EMA_9_21_ADX25,SHY,0.0272,-0.647,-5.84,-1.02,8.47,-0.121,-0.708,16.7,12,0.21,-0.49,799.68,-757.06,81.0,False
SMA200_RSI_40_70,TQQQ,0.0262,-0.288,-67.81,-17.86,81.05,-0.22,-0.078,33.3,9,0.55,-7.53,27780.93,-25192.88,18.6,False
RSI_Bounce_25_65_ATR1.5,UPRO,0.0254,-0.039,-30.25,-5.92,48.84,-0.121,-0.021,25.0,8,0.63,-3.78,25365.08,-13495.99,16.4,False
RSI_Bounce_25_70_ATR1.5,UPRO,0.0254,-0.039,-30.25,-5.92,48.84,-0.121,-0.021,25.0,8,0.63,-3.78,25365.08,-13495.99,16.4,False
EMA_20_50_ADX20,SPY,0.0253,0.015,-1.56,-0.27,25.94,-0.01,0.011,40.0,5,0.92,-0.31,8936.37,-6477.72,98.8,False
SMA200_RSI_45_75,TQQQ,0.0247,-0.27,-78.86,-23.64,86.8,-0.272,-0.12,30.0,10,0.31,-7.89,12001.99,-16408.86,39.9,False
SMA200_RSI_40_65,TQQQ,0.0246,-0.398,-74.01,-20.85,83.37,-0.25,-0.102,33.3,9,0.44,-8.22,19481.27,-22075.58,15.7,False
SMA100_RSI_40_65,UPRO,0.0245,-0.209,-42.69,-9.21,63.45,-0.145,-0.059,30.0,10,0.3,-4.27,6204.94,-8758.4,15.2,False
RSI_Bounce_25_55_ATR2.0,UPRO,0.0233,-0.026,-29.51,-5.75,54.95,-0.105,-0.011,28.6,7,0.62,-4.22,24355.37,-15643.25,14.4,False
RSI_Bounce_25_65_ATR2.5,UPRO,0.0229,-0.005,-37.42,-7.64,62.1,-0.123,-0.003,28.6,7,0.59,-5.35,27379.4,-18436.46,26.4,False
SMA100_RSI_40_75,UPRO,0.0229,-0.175,-40.58,-8.64,63.45,-0.136,-0.058,22.2,9,0.33,-4.51,10092.02,-8680.51,22.8,False
SMA200_RSI_40_75,TQQQ,0.0225,-0.354,-79.24,-23.88,87.04,-0.274,-0.102,22.2,9,0.3,-8.8,16819.67,-16124.91,22.2,False
EMA_20_50_ADX15,SHY,0.0223,-0.616,-4.01,-0.7,4.01,-0.174,-0.414,10.0,10,0.15,-0.4,691.26,-522.82,37.5,False
SMA_50_200,TQQQ,0.0222,0.091,-44.13,-9.61,67.73,-0.142,0.061,33.3,3,0.47,-14.71,39213.76,-41710.79,245.7,False
RSI_Bounce_25_70_ATR2.5,SHY,0.0222,-0.056,-0.38,-0.06,2.32,-0.028,-0.035,40.0,5,0.81,-0.08,826.34,-677.79,37.4,False
RSI_Bounce_25_60_ATR2.5,SHY,0.022,-0.05,-0.23,-0.04,1.79,-0.022,-0.021,40.0,5,0.8,-0.05,461.09,-383.43,21.4,False
SMA100_RSI_40_70,UPRO,0.0219,-0.223,-44.5,-9.71,63.45,-0.153,-0.071,22.2,9,0.26,-4.94,7913.16,-8618.38,21.1,False
RSI_MeanRev_25_75,SHY,0.0211,-0.079,-0.47,-0.08,2.08,-0.038,-0.043,40.0,5,0.74,-0.09,664.67,-598.89,30.0,False
RSI_Bounce_25_70_ATR2.0,SHY,0.0211,-0.079,-0.47,-0.08,2.08,-0.038,-0.043,40.0,5,0.74,-0.09,664.67,-598.89,30.0,False
RSI_Bounce_25_65_ATR2.5,SHY,0.0202,-0.129,-0.65,-0.11,2.32,-0.047,-0.062,40.0,5,0.68,-0.13,693.6,-677.79,29.4,False
EMA_12_26_ADX15,TLT,0.0202,-0.885,-47.29,-10.38,49.06,-0.212,-1.085,10.0,10,0.01,-4.73,377.5,-5296.33,80.6,False
RSI_Bounce_25_65_ATR2.0,SHY,0.0201,-0.132,-0.6,-0.1,2.08,-0.049,-0.057,40.0,5,0.67,-0.12,600.24,-598.89,22.0,False
RSI_Bounce_25_60_ATR2.5,TLT,0.0201,-0.2,-6.98,-1.22,15.43,-0.079,-0.103,33.3,6,0.54,-1.16,4093.68,-3792.53,18.5,False
RSI_MeanRev_20_80,TLT,0.02,-0.001,-0.43,-0.07,6.99,-0.01,-0.0,33.3,3,0.93,-0.14,6047.28,-3237.53,15.0,False
EMA_20_50_ADX20,TQQQ,0.0197,-0.015,-63.93,-16.02,85.71,-0.187,-0.008,28.6,7,0.38,-9.13,19494.47,-20583.2,78.6,False
SMA200_RSI_45_65,SHY,0.0196,-0.188,-1.22,-0.21,2.66,-0.08,-0.14,37.5,8,0.24,-0.15,141.68,-357.32,61.2,False
RSI_Bounce_25_55_ATR2.5,SHY,0.0188,-0.111,-0.47,-0.08,1.79,-0.045,-0.043,40.0,5,0.59,-0.09,338.74,-383.43,19.0,False
RSI_Bounce_25_65_ATR1.5,SHY,0.0183,-0.169,-0.7,-0.12,1.92,-0.062,-0.065,40.0,5,0.55,-0.14,428.76,-520.45,19.8,False
RSI_Bounce_25_70_ATR1.5,SHY,0.0183,-0.169,-0.7,-0.12,1.92,-0.062,-0.065,40.0,5,0.55,-0.14,428.76,-520.45,19.8,False
SMA100_RSI_40_65,TLT,0.0179,-0.122,-2.79,-0.49,11.99,-0.041,-0.054,25.0,4,0.66,-0.7,5640.31,-2854.93,33.8,False
RSI_Bounce_25_65_ATR2.5,TLT,0.017,-0.358,-13.17,-2.37,19.65,-0.12,-0.207,16.7,6,0.33,-2.19,6385.05,-3911.55,25.3,False
RSI_Bounce_25_70_ATR2.5,TLT,0.017,-0.358,-13.17,-2.37,19.65,-0.12,-0.207,16.7,6,0.33,-2.19,6385.05,-3911.55,25.3,False
SMA200_RSI_45_65,TLT,0.017,-0.612,-11.4,-2.08,12.29,-0.169,-0.253,16.7,6,0.33,-1.9,5683.07,-3440.9,18.3,False
SMA100_RSI_45_65,TLT,0.0166,-0.672,-16.74,-3.13,20.14,-0.155,-0.382,14.3,7,0.17,-2.39,3521.05,-3396.9,31.1,False
EMA_12_26_ADX25,TLT,0.0162,-0.027,-3.01,-0.52,19.35,-0.027,-0.024,33.3,3,0.68,-1.0,6304.01,-4659.11,171.3,False
RSI_Bounce_25_55_ATR2.5,TLT,0.0161,-0.362,-10.93,-1.94,15.43,-0.126,-0.172,33.3,6,0.27,-1.82,2036.79,-3751.97,16.0,False
RSI_Bounce_25_60_ATR2.0,SHY,0.016,-0.271,-1.07,-0.18,2.08,-0.087,-0.102,40.0,5,0.4,-0.21,363.41,-598.89,16.2,False
SMA200_RSI_40_70,SHY,0.0156,-0.045,-0.28,-0.05,1.53,-0.032,-0.03,20.0,5,0.37,-0.06,248.16,-168.62,81.4,False
RSI_Bounce_25_65_ATR2.5,TQQQ,0.0154,-0.156,-43.99,-9.36,73.16,-0.128,-0.091,40.0,5,0.36,-8.8,12543.56,-23053.16,30.0,False
RSI_Bounce_25_70_ATR2.5,TQQQ,0.0154,-0.156,-43.99,-9.36,73.16,-0.128,-0.091,40.0,5,0.36,-8.8,12543.56,-23053.16,30.0,False
EMA_12_26_ADX25,SHY,0.0154,-0.493,-5.54,-0.97,8.26,-0.117,-0.623,14.3,7,0.09,-0.79,566.99,-1039.63,171.0,False
RSI_Bounce_25_60_ATR1.5,SHY,0.0151,-0.277,-1.02,-0.17,1.92,-0.091,-0.094,40.0,5,0.34,-0.2,269.25,-520.45,14.0,False
SMA50_RSI_45_65,TLT,0.0148,-0.45,-11.08,-2.02,12.78,-0.158,-0.223,14.3,7,0.05,-1.58,566.06,-1940.5,20.6,False
SMA50_RSI_45_70,TLT,0.0148,-0.45,-11.08,-2.02,12.78,-0.158,-0.223,14.3,7,0.05,-1.58,566.06,-1940.5,20.6,False
SMA50_RSI_45_75,TLT,0.0148,-0.45,-11.08,-2.02,12.78,-0.158,-0.223,14.3,7,0.05,-1.58,566.06,-1940.5,20.6,False
SMA50_RSI_45_65,QQQ,0.0142,-0.596,-16.0,-2.98,16.85,-0.177,-0.199,14.3,7,0.01,-2.29,184.49,-2697.34,11.3,False
SMA50_RSI_45_70,QQQ,0.0142,-0.596,-16.0,-2.98,16.85,-0.177,-0.199,14.3,7,0.01,-2.29,184.49,-2697.34,11.3,False
SMA50_RSI_45_75,QQQ,0.0142,-0.596,-16.0,-2.98,16.85,-0.177,-0.199,14.3,7,0.01,-2.29,184.49,-2697.34,11.3,False
RSI_Bounce_25_55_ATR2.0,SHY,0.0141,-0.348,-1.31,-0.22,2.08,-0.107,-0.121,40.0,5,0.27,-0.26,242.11,-598.89,13.8,False
EMA_9_21_ADX20,TLT,0.0135,-0.694,-41.19,-8.69,47.69,-0.182,-0.895,16.7,6,0.1,-6.86,4434.36,-9125.23,152.7,False
RSI_MeanRev_25_75,SPY,0.0134,-0.201,-10.62,-1.88,22.3,-0.085,-0.054,25.0,4,0.36,-2.66,5853.4,-5491.1,8.8,False
RSI_Bounce_25_55_ATR2.0,SPY,0.0134,-0.201,-10.62,-1.88,22.3,-0.085,-0.054,25.0,4,0.36,-2.66,5853.4,-5491.1,8.8,False
RSI_Bounce_25_60_ATR2.0,SPY,0.0134,-0.201,-10.62,-1.88,22.3,-0.085,-0.054,25.0,4,0.36,-2.66,5853.4,-5491.1,8.8,False
RSI_Bounce_25_65_ATR2.0,SPY,0.0134,-0.201,-10.62,-1.88,22.3,-0.085,-0.054,25.0,4,0.36,-2.66,5853.4,-5491.1,8.8,False
RSI_Bounce_25_70_ATR2.0,SPY,0.0134,-0.201,-10.62,-1.88,22.3,-0.085,-0.054,25.0,4,0.36,-2.66,5853.4,-5491.1,8.8,False
SMA200_RSI_45_70,SHY,0.0132,-0.088,-0.63,-0.11,2.27,-0.048,-0.068,40.0,5,0.21,-0.13,101.13,-324.2,113.4,False
RSI_Bounce_25_55_ATR1.5,SHY,0.0129,-0.361,-1.27,-0.22,1.92,-0.112,-0.112,40.0,5,0.19,-0.25,147.95,-520.45,11.6,False
RSI_Bounce_25_55_ATR1.5,GLD,0.0128,-0.294,-2.01,-0.34,4.33,-0.08,-0.035,33.3,3,0.45,-0.67,1667.13,-1840.11,4.0,False
RSI_Bounce_25_60_ATR1.5,GLD,0.0128,-0.294,-2.01,-0.34,4.33,-0.08,-0.035,33.3,3,0.45,-0.67,1667.13,-1840.11,4.0,False
RSI_Bounce_25_65_ATR1.5,GLD,0.0128,-0.294,-2.01,-0.34,4.33,-0.08,-0.035,33.3,3,0.45,-0.67,1667.13,-1840.11,4.0,False
RSI_Bounce_25_70_ATR1.5,GLD,0.0128,-0.294,-2.01,-0.34,4.33,-0.08,-0.035,33.3,3,0.45,-0.67,1667.13,-1840.11,4.0,False
EMA_20_50_ADX15,TLT,0.0128,-0.655,-34.47,-6.98,38.72,-0.18,-0.693,33.3,6,0.05,-5.74,817.15,-9025.88,101.0,False
SMA100_RSI_45_70,TLT,0.012,-0.712,-18.11,-3.41,22.33,-0.153,-0.422,0.0,6,0.0,-3.02,0.0,-3038.1,38.5,False
SMA100_RSI_45_75,TLT,0.012,-0.712,-18.11,-3.41,22.33,-0.153,-0.422,0.0,6,0.0,-3.02,0.0,-3038.1,38.5,False
RSI_MeanRev_25_75,TLT,0.012,-0.968,-19.48,-3.61,20.02,-0.18,-0.316,0.0,6,0.0,-3.25,0.0,-3246.52,8.8,False
RSI_Bounce_25_55_ATR2.0,TLT,0.012,-0.968,-19.48,-3.61,20.02,-0.18,-0.316,0.0,6,0.0,-3.25,0.0,-3246.52,8.8,False
RSI_Bounce_25_60_ATR2.0,TLT,0.012,-0.968,-19.48,-3.61,20.02,-0.18,-0.316,0.0,6,0.0,-3.25,0.0,-3246.52,8.8,False
RSI_Bounce_25_65_ATR2.0,TLT,0.012,-0.968,-19.48,-3.61,20.02,-0.18,-0.316,0.0,6,0.0,-3.25,0.0,-3246.52,8.8,False
RSI_Bounce_25_70_ATR2.0,TLT,0.012,-0.968,-19.48,-3.61,20.02,-0.18,-0.316,0.0,6,0.0,-3.25,0.0,-3246.52,8.8,False
SMA200_RSI_40_65,SHY,0.0102,-0.196,-1.09,-0.19,1.65,-0.115,-0.129,20.0,5,0.01,-0.22,16.88,-311.73,74.6,False
SMA100_RSI_45_75,SHY,0.01,-0.249,-2.41,-0.42,4.84,-0.087,-0.284,33.3,3,0.27,-0.8,920.43,-1736.14,380.7,False
SMA_50_200,TLT,0.01,-0.372,-12.52,-2.3,16.46,-0.139,-0.282,0.0,5,0.0,-2.5,0.0,-2529.51,66.6,False
SMA100_RSI_40_65,TQQQ,0.01,-0.433,-63.27,-15.96,71.16,-0.224,-0.097,0.0,5,0.0,-12.65,0.0,-12654.96,16.8,False
SMA100_RSI_40_70,TQQQ,0.01,-0.433,-63.27,-15.96,71.16,-0.224,-0.097,0.0,5,0.0,-12.65,0.0,-12654.96,16.8,False
SMA100_RSI_40_75,TQQQ,0.01,-0.433,-63.27,-15.96,71.16,-0.224,-0.097,0.0,5,0.0,-12.65,0.0,-12654.96,16.8,False
SMA200_RSI_45_70,TLT,0.01,-0.792,-15.51,-2.88,16.36,-0.176,-0.355,0.0,5,0.0,-3.1,0.0,-3126.54,25.4,False
SMA200_RSI_45_75,TLT,0.01,-0.792,-15.51,-2.88,16.36,-0.176,-0.355,0.0,5,0.0,-3.1,0.0,-3126.54,25.4,False
SMA_50_200,SHY,0.0088,-0.395,-2.57,-0.45,3.24,-0.139,-0.287,25.0,4,0.05,-0.64,136.37,-949.65,117.2,False
SMA50_RSI_45_65,SHY,0.0086,-0.26,-1.48,-0.26,2.54,-0.102,-0.159,25.0,4,0.04,-0.37,57.71,-514.21,97.0,False
SMA100_RSI_40_70,TLT,0.0086,-0.342,-7.71,-1.38,14.23,-0.097,-0.166,25.0,4,0.04,-1.93,290.46,-2711.15,40.0,False
SMA100_RSI_40_75,TLT,0.0086,-0.342,-7.71,-1.38,14.23,-0.097,-0.166,25.0,4,0.04,-1.93,290.46,-2711.15,40.0,False
SMA50_RSI_45_70,SHY,0.008,-0.169,-1.06,-0.18,2.37,-0.078,-0.109,0.0,4,0.0,-0.26,0.0,-299.31,115.8,False
SMA200_RSI_45_75,SHY,0.008,-0.323,-2.68,-0.47,4.44,-0.106,-0.323,33.3,3,0.13,-0.89,421.36,-1619.44,328.0,False
EMA_12_26_ADX20,TLT,0.008,-0.668,-40.19,-8.42,48.79,-0.173,-0.863,0.0,4,0.0,-10.05,0.0,-10047.95,229.5,False
SMA200_RSI_35_70,SHY,0.006,-0.078,-0.26,-0.05,1.26,-0.036,-0.027,0.0,3,0.0,-0.09,0.0,-134.55,53.7,False
SMA200_RSI_35_65,SHY,0.006,-0.23,-0.66,-0.12,1.26,-0.091,-0.073,0.0,3,0.0,-0.22,0.0,-268.33,46.0,False
SMA200_RSI_40_65,TLT,0.006,-0.77,-8.52,-1.53,9.03,-0.17,-0.205,0.0,3,0.0,-2.84,0.0,-2882.11,20.0,False
SMA200_RSI_40_70,TLT,0.006,-0.77,-8.52,-1.53,9.03,-0.17,-0.205,0.0,3,0.0,-2.84,0.0,-2882.11,20.0,False
SMA200_RSI_40_75,TLT,0.006,-0.77,-8.52,-1.53,9.03,-0.17,-0.205,0.0,3,0.0,-2.84,0.0,-2882.11,20.0,False
SMA100_RSI_35_65,TQQQ,0.004,-0.17,-8.95,-1.61,15.68,-0.103,-0.031,0.0,2,0.0,-4.47,0.0,-4473.59,14.0,False
SMA100_RSI_35_70,TQQQ,0.004,-0.17,-8.95,-1.61,15.68,-0.103,-0.031,0.0,2,0.0,-4.47,0.0,-4473.59,14.0,False
SMA100_RSI_35_75,TQQQ,0.004,-0.17,-8.95,-1.61,15.68,-0.103,-0.031,0.0,2,0.0,-4.47,0.0,-4473.59,14.0,False
RSI_MeanRev_20_80,SPY,0.004,-0.356,-13.22,-2.38,16.82,-0.141,-0.07,0.0,2,0.0,-6.61,0.0,-6611.85,7.0,False
RSI_MeanRev_20_80,SHY,0.004,-0.401,-0.73,-0.12,0.74,-0.169,-0.017,0.0,2,0.0,-0.36,0.0,-365.47,1.5,False
SMA50_RSI_45_75,SHY,0.004,-0.417,-4.83,-0.86,6.8,-0.126,-0.522,0.0,2,0.0,-2.42,0.0,-2483.99,689.5,False
EMA_20_50_ADX25,TQQQ,0.002,-0.127,-62.36,-15.4,87.25,-0.177,-0.094,0.0,1,0.0,-62.36,0.0,-62356.14,626.0,False
EMA_20_50_ADX25,TLT,0.002,-0.251,-16.32,-3.0,23.06,-0.13,-0.283,0.0,1,0.0,-16.32,0.0,-16433.23,769.0,False
EMA_20_50_ADX20,TLT,0.002,-0.302,-18.41,-3.42,23.06,-0.148,-0.327,0.0,1,0.0,-18.41,0.0,-18410.43,686.0,False
SMA100_RSI_35_65,TLT,0.002,-0.549,-3.72,-0.66,3.72,-0.176,-0.07,0.0,1,0.0,-3.72,0.0,-3721.85,11.0,False
SMA100_RSI_35_70,TLT,0.002,-0.549,-3.72,-0.66,3.72,-0.176,-0.07,0.0,1,0.0,-3.72,0.0,-3721.85,11.0,False
SMA100_RSI_35_75,TLT,0.002,-0.549,-3.72,-0.66,3.72,-0.176,-0.07,0.0,1,0.0,-3.72,0.0,-3721.85,11.0,False
SMA200_RSI_35_65,TLT,0.002,-0.595,-4.06,-0.72,4.06,-0.177,-0.08,0.0,1,0.0,-4.06,0.0,-4058.63,13.0,False
SMA200_RSI_35_70,TLT,0.002,-0.595,-4.06,-0.72,4.06,-0.177,-0.08,0.0,1,0.0,-4.06,0.0,-4058.63,13.0,False
SMA200_RSI_35_75,TLT,0.002,-0.595,-4.06,-0.72,4.06,-0.177,-0.08,0.0,1,0.0,-4.06,0.0,-4058.63,13.0,False
RSI_MeanRev_20_80,QQQ,0.0,0.0,0.0,0.0,0.0,0.0,0.0,0.0,0,0.0,0.0,0.0,0.0,0.0,False
RSI_MeanRev_20_80,SOXL,0.0,0.0,0.0,0.0,0.0,0.0,0.0,0.0,0,0.0,0.0,0.0,0.0,0.0,False
TripleSuperTrend,SPY,0.0,0.0,0.0,0.0,0.0,0.0,0.0,0.0,0,0.0,0.0,0.0,0.0,0.0,False
TripleSuperTrend,QQQ,0.0,0.0,0.0,0.0,0.0,0.0,0.0,0.0,0,0.0,0.0,0.0,0.0,0.0,False
TripleSuperTrend,TQQQ,0.0,0.0,0.0,0.0,0.0,0.0,0.0,0.0,0,0.0,0.0,0.0,0.0,0.0,False
TripleSuperTrend,SOXL,0.0,0.0,0.0,0.0,0.0,0.0,0.0,0.0,0,0.0,0.0,0.0,0.0,0.0,False
TripleSuperTrend,TLT,0.0,0.0,0.0,0.0,0.0,0.0,0.0,0.0,0,0.0,0.0,0.0,0.0,0.0,False
TripleSuperTrend,GLD,0.0,0.0,0.0,0.0,0.0,0.0,0.0,0.0,0,0.0,0.0,0.0,0.0,0.0,False
TripleSuperTrend,UPRO,0.0,0.0,0.0,0.0,0.0,0.0,0.0,0.0,0,0.0,0.0,0.0,0.0,0.0,False
TripleSuperTrend,SHY,0.0,0.0,0.0,0.0,0.0,0.0,0.0,0.0,0,0.0,0.0,0.0,0.0,0.0,False
SMA50_RSI_35_65,SPY,0.0,0.0,0.0,0.0,0.0,0.0,0.0,0.0,0,0.0,0.0,0.0,0.0,0.0,False
SMA50_RSI_35_65,QQQ,0.0,0.0,0.0,0.0,0.0,0.0,0.0,0.0,0,0.0,0.0,0.0,0.0,0.0,False
SMA50_RSI_35_65,TQQQ,0.0,0.0,0.0,0.0,0.0,0.0,0.0,0.0,0,0.0,0.0,0.0,0.0,0.0,False
SMA50_RSI_35_65,SOXL,0.0,0.0,0.0,0.0,0.0,0.0,0.0,0.0,0,0.0,0.0,0.0,0.0,0.0,False
SMA50_RSI_35_65,TLT,0.0,0.0,0.0,0.0,0.0,0.0,0.0,0.0,0,0.0,0.0,0.0,0.0,0.0,False
SMA50_RSI_35_65,GLD,0.0,0.0,0.0,0.0,0.0,0.0,0.0,0.0,0,0.0,0.0,0.0,0.0,0.0,False
SMA50_RSI_35_65,UPRO,0.0,0.0,0.0,0.0,0.0,0.0,0.0,0.0,0,0.0,0.0,0.0,0.0,0.0,False
SMA50_RSI_35_65,SHY,0.0,0.0,0.0,0.0,0.0,0.0,0.0,0.0,0,0.0,0.0,0.0,0.0,0.0,False
SMA50_RSI_35_70,SPY,0.0,0.0,0.0,0.0,0.0,0.0,0.0,0.0,0,0.0,0.0,0.0,0.0,0.0,False
SMA50_RSI_35_70,QQQ,0.0,0.0,0.0,0.0,0.0,0.0,0.0,0.0,0,0.0,0.0,0.0,0.0,0.0,False
SMA50_RSI_35_70,TQQQ,0.0,0.0,0.0,0.0,0.0,0.0,0.0,0.0,0,0.0,0.0,0.0,0.0,0.0,False
SMA50_RSI_35_70,SOXL,0.0,0.0,0.0,0.0,0.0,0.0,0.0,0.0,0,0.0,0.0,0.0,0.0,0.0,False
SMA50_RSI_35_70,TLT,0.0,0.0,0.0,0.0,0.0,0.0,0.0,0.0,0,0.0,0.0,0.0,0.0,0.0,False
SMA50_RSI_35_70,GLD,0.0,0.0,0.0,0.0,0.0,0.0,0.0,0.0,0,0.0,0.0,0.0,0.0,0.0,False
SMA50_RSI_35_70,UPRO,0.0,0.0,0.0,0.0,0.0,0.0,0.0,0.0,0,0.0,0.0,0.0,0.0,0.0,False
SMA50_RSI_35_70,SHY,0.0,0.0,0.0,0.0,0.0,0.0,0.0,0.0,0,0.0,0.0,0.0,0.0,0.0,False
SMA50_RSI_35_75,SPY,0.0,0.0,0.0,0.0,0.0,0.0,0.0,0.0,0,0.0,0.0,0.0,0.0,0.0,False
SMA50_RSI_35_75,QQQ,0.0,0.0,0.0,0.0,0.0,0.0,0.0,0.0,0,0.0,0.0,0.0,0.0,0.0,False
SMA50_RSI_35_75,TQQQ,0.0,0.0,0.0,0.0,0.0,0.0,0.0,0.0,0,0.0,0.0,0.0,0.0,0.0,False
SMA50_RSI_35_75,SOXL,0.0,0.0,0.0,0.0,0.0,0.0,0.0,0.0,0,0.0,0.0,0.0,0.0,0.0,False
SMA50_RSI_35_75,TLT,0.0,0.0,0.0,0.0,0.0,0.0,0.0,0.0,0,0.0,0.0,0.0,0.0,0.0,False
SMA50_RSI_35_75,GLD,0.0,0.0,0.0,0.0,0.0,0.0,0.0,0.0,0,0.0,0.0,0.0,0.0,0.0,False
SMA50_RSI_35_75,UPRO,0.0,0.0,0.0,0.0,0.0,0.0,0.0,0.0,0,0.0,0.0,0.0,0.0,0.0,False
SMA50_RSI_35_75,SHY,0.0,0.0,0.0,0.0,0.0,0.0,0.0,0.0,0,0.0,0.0,0.0,0.0,0.0,False
SMA50_RSI_40_65,SPY,0.0,0.0,0.0,0.0,0.0,0.0,0.0,0.0,0,0.0,0.0,0.0,0.0,0.0,False
SMA50_RSI_40_65,QQQ,0.0,0.0,0.0,0.0,0.0,0.0,0.0,0.0,0,0.0,0.0,0.0,0.0,0.0,False
SMA50_RSI_40_65,TQQQ,0.0,0.0,0.0,0.0,0.0,0.0,0.0,0.0,0,0.0,0.0,0.0,0.0,0.0,False
SMA50_RSI_40_65,SOXL,0.0,0.0,0.0,0.0,0.0,0.0,0.0,0.0,0,0.0,0.0,0.0,0.0,0.0,False
SMA50_RSI_40_65,TLT,0.0,0.0,0.0,0.0,0.0,0.0,0.0,0.0,0,0.0,0.0,0.0,0.0,0.0,False
SMA50_RSI_40_65,GLD,0.0,0.0,0.0,0.0,0.0,0.0,0.0,0.0,0,0.0,0.0,0.0,0.0,0.0,False
SMA50_RSI_40_65,UPRO,0.0,0.0,0.0,0.0,0.0,0.0,0.0,0.0,0,0.0,0.0,0.0,0.0,0.0,False
SMA50_RSI_40_65,SHY,0.0,0.0,0.0,0.0,0.0,0.0,0.0,0.0,0,0.0,0.0,0.0,0.0,0.0,False
SMA50_RSI_40_70,SPY,0.0,0.0,0.0,0.0,0.0,0.0,0.0,0.0,0,0.0,0.0,0.0,0.0,0.0,False
SMA50_RSI_40_70,QQQ,0.0,0.0,0.0,0.0,0.0,0.0,0.0,0.0,0,0.0,0.0,0.0,0.0,0.0,False
SMA50_RSI_40_70,TQQQ,0.0,0.0,0.0,0.0,0.0,0.0,0.0,0.0,0,0.0,0.0,0.0,0.0,0.0,False
SMA50_RSI_40_70,SOXL,0.0,0.0,0.0,0.0,0.0,0.0,0.0,0.0,0,0.0,0.0,0.0,0.0,0.0,False
SMA50_RSI_40_70,TLT,0.0,0.0,0.0,0.0,0.0,0.0,0.0,0.0,0,0.0,0.0,0.0,0.0,0.0,False
SMA50_RSI_40_70,GLD,0.0,0.0,0.0,0.0,0.0,0.0,0.0,0.0,0,0.0,0.0,0.0,0.0,0.0,False
SMA50_RSI_40_70,UPRO,0.0,0.0,0.0,0.0,0.0,0.0,0.0,0.0,0,0.0,0.0,0.0,0.0,0.0,False
SMA50_RSI_40_70,SHY,0.0,0.0,0.0,0.0,0.0,0.0,0.0,0.0,0,0.0,0.0,0.0,0.0,0.0,False
SMA50_RSI_40_75,SPY,0.0,0.0,0.0,0.0,0.0,0.0,0.0,0.0,0,0.0,0.0,0.0,0.0,0.0,False
SMA50_RSI_40_75,QQQ,0.0,0.0,0.0,0.0,0.0,0.0,0.0,0.0,0,0.0,0.0,0.0,0.0,0.0,False
SMA50_RSI_40_75,TQQQ,0.0,0.0,0.0,0.0,0.0,0.0,0.0,0.0,0,0.0,0.0,0.0,0.0,0.0,False
SMA50_RSI_40_75,SOXL,0.0,0.0,0.0,0.0,0.0,0.0,0.0,0.0,0,0.0,0.0,0.0,0.0,0.0,False
SMA50_RSI_40_75,TLT,0.0,0.0,0.0,0.0,0.0,0.0,0.0,0.0,0,0.0,0.0,0.0,0.0,0.0,False
SMA50_RSI_40_75,GLD,0.0,0.0,0.0,0.0,0.0,0.0,0.0,0.0,0,0.0,0.0,0.0,0.0,0.0,False
SMA50_RSI_40_75,UPRO,0.0,0.0,0.0,0.0,0.0,0.0,0.0,0.0,0,0.0,0.0,0.0,0.0,0.0,False
SMA50_RSI_40_75,SHY,0.0,0.0,0.0,0.0,0.0,0.0,0.0,0.0,0,0.0,0.0,0.0,0.0,0.0,False
SMA100_RSI_35_65,SOXL,0.0,0.0,0.0,0.0,0.0,0.0,0.0,0.0,0,0.0,0.0,0.0,0.0,0.0,False
SMA100_RSI_35_70,SOXL,0.0,0.0,0.0,0.0,0.0,0.0,0.0,0.0,0,0.0,0.0,0.0,0.0,0.0,False
SMA100_RSI_35_75,SOXL,0.0,0.0,0.0,0.0,0.0,0.0,0.0,0.0,0,0.0,0.0,0.0,0.0,0.0,False
