strategy,sma_fast,sma_slow,rsi_threshold,upro_pct,tqqq_pct,defensive,sma_delay,bull_caution,vix_kill,total_return_pct,cagr_pct,max_drawdown_pct,sharpe,calmar,num_trades,years,final_equity
SMA100_200_RSI50_UPRO100_TLT_delay2_cautionTrue_vix35,100,200,50,100,0,TLT,2,True,35.0,3897392.05,101.8,-46.67,1.837,2.1813,399,15.1,3897492054.85
SMA100_200_RSI50_UPRO100_TLT_delay0_cautionTrue_vix35,100,200,50,100,0,TLT,0,True,35.0,3502794.06,100.38,-45.48,1.8216,2.2071,399,15.1,3502894057.15
SMA50_200_RSI50_UPRO100_TLT_delay0_cautionTrue_vix35,50,200,50,100,0,TLT,0,True,35.0,2191733.48,94.23,-54.6,1.7656,1.7259,390,15.1,2191833480.07
SMA100_200_RSI50_UPRO100_SHY_delay2_cautionTrue_vix35,100,200,50,100,0,SHY,2,True,35.0,2188737.63,94.21,-34.9,1.7647,2.6998,399,15.1,2188837630.93
SMA50_200_RSI50_UPRO100_TLT_delay2_cautionTrue_vix35,50,200,50,100,0,TLT,2,True,35.0,2076793.12,93.54,-53.18,1.7569,1.7589,390,15.1,2076893120.2
SMA100_200_RSI50_UPRO100_cash_delay2_cautionTrue_vix35,100,200,50,100,0,cash,2,True,35.0,2036212.83,93.29,-34.52,1.7525,2.7024,399,15.1,2036312825.34
SMA100_200_RSI50_UPRO100_SHY_delay0_cautionTrue_vix35,100,200,50,100,0,SHY,0,True,35.0,1996879.62,93.03,-34.9,1.751,2.666,399,15.1,1996979617.11
SMA100_200_RSI50_UPRO100_cash_delay0_cautionTrue_vix35,100,200,50,100,0,cash,0,True,35.0,1867928.12,92.18,-34.52,1.7396,2.6704,399,15.1,1868028119.64
SMA50_200_RSI50_UPRO100_SHY_delay0_cautionTrue_vix35,50,200,50,100,0,SHY,0,True,35.0,1311730.17,87.72,-40.48,1.7032,2.1669,390,15.1,1311830174.65
SMA50_200_RSI50_UPRO100_SHY_delay2_cautionTrue_vix35,50,200,50,100,0,SHY,2,True,35.0,1279920.39,87.42,-39.15,1.6989,2.2329,390,15.1,1280020387.72
SMA50_200_RSI50_UPRO100_cash_delay0_cautionTrue_vix35,50,200,50,100,0,cash,0,True,35.0,1233109.04,86.95,-38.45,1.6926,2.2613,390,15.1,1233209043.9
SMA50_200_RSI50_UPRO100_cash_delay2_cautionTrue_vix35,50,200,50,100,0,cash,2,True,35.0,1209919.29,86.72,-37.08,1.6892,2.3388,390,15.1,1210019290.85
SMA100_200_RSI50_UPRO100_TLT_delay2_cautionTrue_vixNone,100,200,50,100,0,TLT,2,True,,1560948.56,89.9,-49.05,1.6327,1.8329,370,15.1,1561048560.28
SMA100_200_RSI45_UPRO100_TLT_delay2_cautionTrue_vix35,100,200,45,100,0,TLT,2,True,35.0,1917103.23,92.51,-64.89,1.6221,1.4256,308,15.1,1917203233.53
SMA100_200_RSI50_UPRO100_TLT_delay0_cautionTrue_vixNone,100,200,50,100,0,TLT,0,True,,1363417.65,88.2,-47.91,1.6134,1.841,370,15.1,1363517653.01
SMA100_200_RSI45_UPRO100_TLT_delay0_cautionTrue_vix35,100,200,45,100,0,TLT,0,True,35.0,1704776.93,91.02,-64.11,1.6061,1.4197,310,15.1,1704876933.37
SMA50_200_RSI50_UPRO100_TLT_delay2_cautionTrue_vixNone,50,200,50,100,0,TLT,2,True,,969471.81,83.99,-55.27,1.5818,1.5197,374,15.1,969571814.72
SMA50_200_RSI50_UPRO100_TLT_delay0_cautionTrue_vixNone,50,200,50,100,0,TLT,0,True,,934470.19,83.54,-56.62,1.5734,1.4754,374,15.1,934570190.41
SMA100_200_RSI45_UPRO100_SHY_delay2_cautionTrue_vix35,100,200,45,100,0,SHY,2,True,35.0,1117193.3,85.73,-60.06,1.5576,1.4275,308,15.1,1117293301.37
SMA100_200_RSI50_UPRO100_SHY_delay2_cautionTrue_vixNone,100,200,50,100,0,SHY,2,True,,892116.25,82.98,-48.48,1.5514,1.7114,370,15.1,892216254.76
SMA100_200_RSI45_UPRO100_cash_delay2_cautionTrue_vix35,100,200,45,100,0,cash,2,True,35.0,1040576.61,84.86,-60.03,1.5469,1.4135,308,15.1,1040676612.09
SMA100_200_RSI45_UPRO100_SHY_delay0_cautionTrue_vix35,100,200,45,100,0,SHY,0,True,35.0,1009492.89,84.48,-60.06,1.5434,1.4067,310,15.1,1009592888.23
SMA100_200_RSI50_UPRO100_cash_delay2_cautionTrue_vixNone,100,200,50,100,0,cash,2,True,,838234.8,82.22,-49.01,1.5411,1.6777,370,15.1,838334803.89
SMA100_200_RSI50_UPRO100_SHY_delay0_cautionTrue_vixNone,100,200,50,100,0,SHY,0,True,,796122.32,81.6,-48.48,1.5349,1.683,370,15.1,796222324.27
SMA100_200_RSI45_UPRO100_cash_delay0_cautionTrue_vix35,100,200,45,100,0,cash,0,True,35.0,945540.14,83.68,-60.03,1.5335,1.394,310,15.1,945640143.69
SMA100_200_RSI50_UPRO100_cash_delay0_cautionTrue_vixNone,100,200,50,100,0,cash,0,True,,752371.32,80.92,-49.01,1.5255,1.6511,370,15.1,752471317.67
SMA50_200_RSI50_UPRO100_SHY_delay2_cautionTrue_vixNone,50,200,50,100,0,SHY,2,True,,612566.48,78.46,-48.48,1.5159,1.6184,374,15.1,612666479.79
SMA50_200_RSI45_UPRO100_TLT_delay0_cautionTrue_vix35,50,200,45,100,0,TLT,0,True,35.0,778040.54,81.32,-70.12,1.5088,1.1597,300,15.1,778140540.19
SMA50_200_RSI50_UPRO100_cash_delay2_cautionTrue_vixNone,50,200,50,100,0,cash,2,True,,583181.32,77.88,-49.01,1.5076,1.5892,374,15.1,583281318.78
SMA50_200_RSI45_UPRO100_TLT_delay2_cautionTrue_vix35,50,200,45,100,0,TLT,2,True,35.0,743760.3,80.78,-69.19,1.5022,1.1676,299,15.1,743860300.03
SMA50_200_RSI50_UPRO100_SHY_delay0_cautionTrue_vixNone,50,200,50,100,0,SHY,0,True,,567961.51,77.57,-48.48,1.5021,1.5999,374,15.1,568061510.6
SMA50_200_RSI50_UPRO100_cash_delay0_cautionTrue_vixNone,50,200,50,100,0,cash,0,True,,537835.61,76.93,-49.01,1.493,1.5698,374,15.1,537935611.93
SMA100_200_RSI45_UPRO100_TLT_delay2_cautionTrue_vixNone,100,200,45,100,0,TLT,2,True,,922957.17,83.39,-66.46,1.468,1.2547,285,15.1,923057166.73
SMA50_200_RSI45_UPRO100_SHY_delay0_cautionTrue_vix35,50,200,45,100,0,SHY,0,True,35.0,506644.88,76.23,-62.18,1.4595,1.2259,300,15.1,506744878.02
SMA50_200_RSI45_UPRO100_SHY_delay2_cautionTrue_vix35,50,200,45,100,0,SHY,2,True,35.0,498618.42,76.04,-61.33,1.457,1.2398,299,15.1,498718422.41
SMA50_200_RSI45_UPRO100_cash_delay0_cautionTrue_vix35,50,200,45,100,0,cash,0,True,35.0,477341.17,75.53,-61.12,1.4504,1.2357,300,15.1,477441168.81
SMA50_200_RSI45_UPRO100_cash_delay2_cautionTrue_vix35,50,200,45,100,0,cash,2,True,35.0,472454.91,75.41,-60.25,1.4487,1.2516,299,15.1,472554907.49
SMA100_200_RSI45_UPRO100_TLT_delay0_cautionTrue_vixNone,100,200,45,100,0,TLT,0,True,,797630.26,81.62,-65.71,1.4486,1.2421,287,15.1,797730264.14
SMA100_200_RSI40_UPRO100_TLT_delay2_cautionTrue_vix35,100,200,40,100,0,TLT,2,True,35.0,614314.8,78.5,-65.56,1.423,1.1973,226,15.1,614414796.47
SMA100_200_RSI40_UPRO100_TLT_delay0_cautionTrue_vix35,100,200,40,100,0,TLT,0,True,35.0,543657.49,77.06,-63.97,1.4073,1.2046,226,15.1,543757492.09
SMA100_200_RSI45_UPRO100_SHY_delay2_cautionTrue_vixNone,100,200,45,100,0,SHY,2,True,,545946.46,77.11,-60.06,1.3983,1.2838,285,15.1,546046461.41
SMA100_200_RSI45_UPRO100_cash_delay2_cautionTrue_vixNone,100,200,45,100,0,cash,2,True,,514008.96,76.4,-60.03,1.3894,1.2726,285,15.1,514108961.58
SMA100_200_RSI45_UPRO100_SHY_delay0_cautionTrue_vixNone,100,200,45,100,0,SHY,0,True,,482528.34,75.66,-60.06,1.3817,1.2598,287,15.1,482628337.72
SMA100_200_RSI40_UPRO100_SHY_delay2_cautionTrue_vix35,100,200,40,100,0,SHY,2,True,35.0,415791.19,73.93,-60.18,1.3803,1.2285,226,15.1,415891188.08
SMA100_200_RSI45_UPRO100_cash_delay0_cautionTrue_vixNone,100,200,45,100,0,cash,0,True,,456986.95,75.03,-60.03,1.3737,1.2497,287,15.1,457086948.89
SMA50_200_RSI45_UPRO100_TLT_delay2_cautionTrue_vixNone,50,200,45,100,0,TLT,2,True,,410737.55,73.79,-70.56,1.3734,1.0458,289,15.1,410837545.12
SMA100_200_RSI40_UPRO100_cash_delay2_cautionTrue_vix35,100,200,40,100,0,cash,2,True,35.0,395079.39,73.34,-60.07,1.373,1.221,226,15.1,395179393.46
SMA100_200_RSI40_UPRO100_SHY_delay0_cautionTrue_vix35,100,200,40,100,0,SHY,0,True,35.0,377167.01,72.81,-60.18,1.3678,1.2099,226,15.1,377267007.51
SMA50_200_RSI45_UPRO100_TLT_delay0_cautionTrue_vixNone,50,200,45,100,0,TLT,0,True,,395838.17,73.36,-71.45,1.3665,1.0267,290,15.1,395938173.58
SMA100_200_RSI40_UPRO100_cash_delay0_cautionTrue_vix35,100,200,40,100,0,cash,0,True,35.0,360503.0,72.29,-60.07,1.3613,1.2035,226,15.1,360603000.59
SMA50_200_RSI45_UPRO100_SHY_delay2_cautionTrue_vixNone,50,200,45,100,0,SHY,2,True,,281405.94,69.48,-63.26,1.324,1.0983,289,15.1,281505939.91
SMA50_200_RSI45_UPRO100_cash_delay2_cautionTrue_vixNone,50,200,45,100,0,cash,2,True,,268847.77,68.97,-62.27,1.3171,1.1075,289,15.1,268947766.88
SMA50_200_RSI40_UPRO100_TLT_delay0_cautionTrue_vix35,50,200,40,100,0,TLT,0,True,35.0,257205.99,68.47,-70.01,1.3162,0.9781,205,15.1,257305990.55
SMA50_200_RSI45_UPRO100_SHY_delay0_cautionTrue_vixNone,50,200,45,100,0,SHY,0,True,,259335.44,68.56,-64.07,1.3111,1.0702,290,15.1,259435438.24
SMA50_200_RSI40_UPRO100_TLT_delay2_cautionTrue_vix35,50,200,40,100,0,TLT,2,True,35.0,239551.26,67.68,-69.2,1.3059,0.978,204,15.1,239651263.6
SMA50_200_RSI45_UPRO100_cash_delay0_cautionTrue_vixNone,50,200,45,100,0,cash,0,True,,246116.81,67.98,-63.1,1.3033,1.0774,290,15.1,246216810.84
SMA50_200_RSI40_UPRO100_SHY_delay0_cautionTrue_vix35,50,200,40,100,0,SHY,0,True,35.0,192154.93,65.24,-64.02,1.2865,1.0191,205,15.1,192254927.07
SMA50_200_RSI40_UPRO100_SHY_delay2_cautionTrue_vix35,50,200,40,100,0,SHY,2,True,35.0,186436.67,64.91,-63.21,1.2819,1.0268,204,15.1,186536665.57
SMA50_200_RSI40_UPRO100_cash_delay0_cautionTrue_vix35,50,200,40,100,0,cash,0,True,35.0,184131.31,64.77,-63.05,1.2803,1.0273,205,15.1,184231312.13
SMA50_200_RSI40_UPRO100_cash_delay2_cautionTrue_vix35,50,200,40,100,0,cash,2,True,35.0,179777.5,64.51,-62.23,1.2766,1.0367,204,15.1,179877498.69
SMA100_200_RSI40_UPRO100_TLT_delay2_cautionTrue_vixNone,100,200,40,100,0,TLT,2,True,,226624.88,67.06,-67.1,1.2431,0.9995,200,15.1,226724877.39
SMA100_200_RSI40_UPRO100_TLT_delay0_cautionTrue_vixNone,100,200,40,100,0,TLT,0,True,,189503.64,65.09,-65.58,1.2205,0.9926,200,15.1,189603636.96
SMA100_200_RSI40_UPRO100_SHY_delay2_cautionTrue_vixNone,100,200,40,100,0,SHY,2,True,,156111.67,62.98,-60.39,1.1969,1.0428,200,15.1,156211668.46
SMA100_200_RSI40_UPRO100_cash_delay2_cautionTrue_vixNone,100,200,40,100,0,cash,2,True,,149838.16,62.54,-60.26,1.1912,1.0377,200,15.1,149938163.15
SMA100_200_RSI35_UPRO100_TLT_delay2_cautionTrue_vix35,100,200,35,100,0,TLT,2,True,35.0,126800.19,60.74,-68.61,1.1836,0.8854,129,15.1,126900186.74
SMA100_200_RSI40_UPRO100_SHY_delay0_cautionTrue_vixNone,100,200,40,100,0,SHY,0,True,,135511.68,61.45,-60.39,1.179,1.0176,200,15.1,135611676.46
SMA100_200_RSI40_UPRO100_cash_delay0_cautionTrue_vixNone,100,200,40,100,0,cash,0,True,,130914.16,61.09,-60.26,1.1741,1.0137,200,15.1,131014162.98
SMA100_200_RSI35_UPRO100_TLT_delay0_cautionTrue_vix35,100,200,35,100,0,TLT,0,True,35.0,108303.04,59.07,-67.15,1.1629,0.8796,130,15.1,108403039.38
SMA100_200_RSI35_UPRO100_SHY_delay2_cautionTrue_vix35,100,200,35,100,0,SHY,2,True,35.0,97437.98,57.96,-62.19,1.1568,0.932,129,15.1,97537981.93
SMA100_200_RSI35_UPRO100_cash_delay2_cautionTrue_vix35,100,200,35,100,0,cash,2,True,35.0,93657.79,57.54,-62.15,1.1514,0.9259,129,15.1,93757790.25
SMA100_200_RSI50_UPRO75_TLT_delay2_cautionTrue_vix35,100,200,50,75,25,TLT,2,True,35.0,9867555.03,114.65,-48.22,1.1508,2.3776,399,15.1,9867655028.06
SMA50_200_RSI40_UPRO100_TLT_delay0_cautionTrue_vixNone,50,200,40,100,0,TLT,0,True,,98061.57,58.03,-71.34,1.1455,0.8133,193,15.1,98161574.73
SMA100_200_RSI50_UPRO75_TLT_delay0_cautionTrue_vix35,100,200,50,75,25,TLT,0,True,35.0,8664106.86,112.8,-47.22,1.14,2.3887,399,15.1,8664206862.24
SMA100_200_RSI35_UPRO100_SHY_delay0_cautionTrue_vix35,100,200,35,100,0,SHY,0,True,35.0,85487.91,56.59,-62.19,1.1394,0.9101,130,15.1,85587914.54
SMA50_200_RSI40_UPRO100_TLT_delay2_cautionTrue_vixNone,50,200,40,100,0,TLT,2,True,,91214.12,57.27,-70.57,1.1355,0.8115,192,15.1,91314119.04
SMA100_200_RSI35_UPRO100_cash_delay0_cautionTrue_vix35,100,200,35,100,0,cash,0,True,35.0,82748.55,56.26,-62.15,1.135,0.9052,130,15.1,82848550.41
SMA50_200_RSI40_UPRO100_SHY_delay0_cautionTrue_vixNone,50,200,40,100,0,SHY,0,True,,74709.73,55.2,-65.81,1.1124,0.8387,193,15.1,74809733.03
SMA50_200_RSI40_UPRO100_SHY_delay2_cautionTrue_vixNone,50,200,40,100,0,SHY,2,True,,74350.31,55.15,-65.05,1.1114,0.8478,192,15.1,74450305.99
SMA50_200_RSI40_UPRO100_cash_delay0_cautionTrue_vixNone,50,200,40,100,0,cash,0,True,,72060.11,54.83,-64.93,1.1073,0.8445,193,15.1,72160109.23
SMA50_200_RSI40_UPRO100_cash_delay2_cautionTrue_vixNone,50,200,40,100,0,cash,2,True,,72232.0,54.85,-64.14,1.1073,0.8552,192,15.1,72332003.57
SMA100_200_RSI50_UPRO75_SHY_delay2_cautionTrue_vix35,100,200,50,75,25,SHY,2,True,35.0,5541316.96,106.57,-36.7,1.1036,2.9043,399,15.1,5541416964.62
SMA50_200_RSI50_UPRO75_TLT_delay0_cautionTrue_vix35,50,200,50,75,25,TLT,0,True,35.0,5418411.5,106.27,-55.94,1.1017,1.8996,390,15.1,5418511499.19
SMA100_200_RSI50_UPRO75_cash_delay2_cautionTrue_vix35,100,200,50,75,25,cash,2,True,35.0,5155002.2,105.59,-36.33,1.0974,2.9064,399,15.1,5155102195.94
SMA50_200_RSI50_UPRO75_TLT_delay2_cautionTrue_vix35,50,200,50,75,25,TLT,2,True,35.0,5120833.89,105.49,-54.59,1.0969,1.9326,390,15.1,5120933890.66
SMA100_200_RSI50_UPRO75_SHY_delay0_cautionTrue_vix35,100,200,50,75,25,SHY,0,True,35.0,4939131.62,105.0,-36.7,1.094,2.8614,399,15.1,4939231622.17
SMA100_200_RSI50_UPRO75_cash_delay0_cautionTrue_vix35,100,200,50,75,25,cash,0,True,35.0,4620037.4,104.09,-36.33,1.0883,2.8653,399,15.1,4620137402.06
SMA100_200_RSI45_UPRO75_TLT_delay2_cautionTrue_vix35,100,200,45,75,25,TLT,2,True,35.0,4669991.08,104.24,-66.79,1.0852,1.5607,308,15.1,4670091084.31
SMA50_200_RSI35_UPRO100_TLT_delay0_cautionTrue_vix35,50,200,35,100,0,TLT,0,True,35.0,52662.26,51.64,-73.24,1.0766,0.7051,115,15.1,52762257.2
SMA100_200_RSI50_UPRO75_TLT_delay2_cautionTrue_vixNone,100,200,50,75,25,TLT,2,True,,4219797.15,102.87,-50.63,1.0755,2.0318,370,15.1,4219897146.15
SMA100_200_RSI45_UPRO75_TLT_delay0_cautionTrue_vix35,100,200,45,75,25,TLT,0,True,35.0,4050597.61,102.32,-66.15,1.0736,1.5467,310,15.1,4050697614.18
SMA50_200_RSI35_UPRO100_SHY_delay0_cautionTrue_vix35,50,200,35,100,0,SHY,0,True,35.0,45731.63,50.23,-67.68,1.0658,0.7422,115,15.1,45831630.89
SMA50_200_RSI35_UPRO100_TLT_delay2_cautionTrue_vix35,50,200,35,100,0,TLT,2,True,35.0,48651.54,50.85,-71.73,1.0651,0.7089,115,15.1,48751538.76
SMA100_200_RSI50_UPRO75_TLT_delay0_cautionTrue_vixNone,100,200,50,75,25,TLT,0,True,,3586415.75,100.69,-49.68,1.0621,2.0268,370,15.1,3586515750.24
SMA50_200_RSI35_UPRO100_cash_delay0_cautionTrue_vix35,50,200,35,100,0,cash,0,True,35.0,44334.46,49.92,-66.85,1.0614,0.7468,115,15.1,44434459.41
SMA50_200_RSI50_UPRO75_SHY_delay0_cautionTrue_vix35,50,200,50,75,25,SHY,0,True,35.0,3242620.85,99.35,-42.07,1.0596,2.3616,390,15.1,3242720849.78
SMA50_200_RSI35_UPRO100_SHY_delay2_cautionTrue_vix35,50,200,35,100,0,SHY,2,True,35.0,43765.25,49.79,-66.34,1.0589,0.7506,115,15.1,43865247.68
SMA50_200_RSI50_UPRO75_SHY_delay2_cautionTrue_vix35,50,200,50,75,25,SHY,2,True,35.0,3155652.89,98.99,-41.0,1.0573,2.4142,390,15.1,3155752891.64
SMA50_200_RSI35_UPRO100_cash_delay2_cautionTrue_vix35,50,200,35,100,0,cash,2,True,35.0,42675.22,49.54,-65.51,1.0554,0.7562,115,15.1,42775224.89
SMA50_200_RSI50_UPRO75_cash_delay0_cautionTrue_vix35,50,200,50,75,25,cash,0,True,35.0,3048194.59,98.53,-39.63,1.0543,2.4862,390,15.1,3048294590.13
SMA50_200_RSI50_UPRO75_cash_delay2_cautionTrue_vix35,50,200,50,75,25,cash,2,True,35.0,2983005.65,98.25,-38.53,1.0525,2.5502,390,15.1,2983105649.2
SMA100_200_RSI45_UPRO75_SHY_delay2_cautionTrue_vix35,100,200,45,75,25,SHY,2,True,35.0,2720426.39,97.04,-61.91,1.0419,1.5675,308,15.1,2720526390.04
SMA100_200_RSI45_UPRO75_cash_delay2_cautionTrue_vix35,100,200,45,75,25,cash,2,True,35.0,2533750.09,96.11,-61.88,1.0361,1.5531,308,15.1,2533850090.22
SMA50_200_RSI50_UPRO75_TLT_delay2_cautionTrue_vixNone,50,200,50,75,25,TLT,2,True,,2470195.43,95.78,-56.7,1.0323,1.6892,374,15.1,2470295425.63
SMA100_200_RSI45_UPRO75_SHY_delay0_cautionTrue_vix35,100,200,45,75,25,SHY,0,True,35.0,2397726.14,95.39,-61.91,1.0316,1.5409,310,15.1,2397826136.2
SMA50_200_RSI50_UPRO75_TLT_delay0_cautionTrue_vixNone,50,200,50,75,25,TLT,0,True,,2401413.19,95.41,-57.99,1.0299,1.6452,374,15.1,2401513192.86
SMA100_200_RSI50_UPRO75_SHY_delay2_cautionTrue_vixNone,100,200,50,75,25,SHY,2,True,,2412051.56,95.47,-47.29,1.0294,2.0187,370,15.1,2412151559.34
SMA100_200_RSI45_UPRO75_TLT_delay2_cautionTrue_vixNone,100,200,45,75,25,TLT,2,True,,2404356.59,95.43,-68.34,1.0276,1.3965,285,15.1,2404456589.93
SMA100_200_RSI45_UPRO75_cash_delay0_cautionTrue_vix35,100,200,45,75,25,cash,0,True,35.0,2245730.55,94.55,-61.88,1.0262,1.5278,310,15.1,2245830553.93
SMA100_200_RSI50_UPRO75_cash_delay2_cautionTrue_vixNone,100,200,50,75,25,cash,2,True,,2266339.68,94.66,-47.8,1.0242,1.9803,370,15.1,2266439682.1
SMA100_200_RSI35_UPRO100_TLT_delay2_cautionTrue_vixNone,100,200,35,100,0,TLT,2,True,,48517.92,50.82,-70.01,1.0218,0.726,106,15.1,48617915.27
SMA100_200_RSI50_UPRO75_SHY_delay0_cautionTrue_vixNone,100,200,50,75,25,SHY,0,True,,2094519.52,93.65,-47.29,1.0178,1.9801,370,15.1,2094619515.41
SMA100_200_RSI45_UPRO75_TLT_delay0_cautionTrue_vixNone,100,200,45,75,25,TLT,0,True,,2018626.28,93.17,-67.73,1.0136,1.3757,287,15.1,2018726276.23
SMA100_200_RSI50_UPRO75_cash_delay0_cautionTrue_vixNone,100,200,50,75,25,cash,0,True,,1979390.78,92.92,-47.8,1.0131,1.9439,370,15.1,1979490781.74
SMA50_200_RSI45_UPRO75_TLT_delay0_cautionTrue_vix35,50,200,45,75,25,TLT,0,True,35.0,1832345.41,91.94,-71.65,1.0099,1.2831,300,15.1,1832445409.27
SMA50_200_RSI45_UPRO75_TLT_delay2_cautionTrue_vix35,50,200,45,75,25,TLT,2,True,35.0,1750633.6,91.35,-70.78,1.0062,1.2908,299,15.1,1750733604.14
SMA100_200_RSI35_UPRO100_TLT_delay0_cautionTrue_vixNone,100,200,35,100,0,TLT,0,True,,39144.56,48.69,-68.62,0.9949,0.7096,107,15.1,39244556.93
SMA50_200_RSI50_UPRO75_SHY_delay2_cautionTrue_vixNone,50,200,50,75,25,SHY,2,True,,1560873.27,89.9,-47.29,0.9944,1.9009,374,15.1,1560973272.05
SMA100_200_RSI35_UPRO100_SHY_delay2_cautionTrue_vixNone,100,200,35,100,0,SHY,2,True,,37630.97,48.3,-63.26,0.9921,0.7635,106,15.1,37730972.27
SMA50_200_RSI50_UPRO75_cash_delay2_cautionTrue_vixNone,50,200,50,75,25,cash,2,True,,1485991.91,89.28,-47.8,0.9903,1.8677,374,15.1,1486091909.01
SMA50_200_RSI50_UPRO75_SHY_delay0_cautionTrue_vixNone,50,200,50,75,25,SHY,0,True,,1459693.69,89.06,-47.29,0.9888,1.8831,374,15.1,1459793691.85
SMA100_200_RSI35_UPRO100_cash_delay2_cautionTrue_vixNone,100,200,35,100,0,cash,2,True,,36563.09,48.02,-62.35,0.9883,0.7702,106,15.1,36663088.18
SMA100_200_RSI40_UPRO75_TLT_delay2_cautionTrue_vix35,100,200,40,75,25,TLT,2,True,35.0,1418712.07,88.7,-67.55,0.9859,1.3132,226,15.1,1418812069.22
SMA100_200_RSI45_UPRO75_SHY_delay2_cautionTrue_vixNone,100,200,45,75,25,SHY,2,True,,1421908.15,88.73,-61.91,0.9856,1.4333,285,15.1,1422008146.95
SMA50_200_RSI50_UPRO75_cash_delay0_cautionTrue_vixNone,50,200,50,75,25,cash,0,True,,1382260.05,88.38,-47.8,0.9843,1.8488,374,15.1,1382360051.83
SMA100_200_RSI45_UPRO75_cash_delay2_cautionTrue_vixNone,100,200,45,75,25,cash,2,True,,1338695.64,87.98,-61.88,0.9807,1.4217,285,15.1,1338795643.84
SMA50_200_RSI45_UPRO75_SHY_delay0_cautionTrue_vix35,50,200,45,75,25,SHY,0,True,35.0,1192790.44,86.54,-63.79,0.9754,1.3566,300,15.1,1192890441.65
SMA50_200_RSI45_UPRO75_SHY_delay2_cautionTrue_vix35,50,200,45,75,25,SHY,2,True,35.0,1173216.65,86.34,-63.12,0.974,1.3677,299,15.1,1173316649.31
SMA100_200_RSI40_UPRO75_TLT_delay0_cautionTrue_vix35,100,200,40,75,25,TLT,0,True,35.0,1213811.2,86.76,-66.25,0.9734,1.3095,226,15.1,1213911203.75
SMA100_200_RSI45_UPRO75_SHY_delay0_cautionTrue_vixNone,100,200,45,75,25,SHY,0,True,,1220936.99,86.83,-61.91,0.9733,1.4026,287,15.1,1221036994.57
SMA50_200_RSI45_UPRO75_cash_delay0_cautionTrue_vix35,50,200,45,75,25,cash,0,True,35.0,1123765.88,85.8,-62.63,0.9705,1.3701,300,15.1,1123865884.76
SMA100_200_RSI35_UPRO100_SHY_delay0_cautionTrue_vixNone,100,200,35,100,0,SHY,0,True,,31584.82,46.59,-63.37,0.97,0.7352,107,15.1,31684815.33
SMA50_200_RSI45_UPRO75_cash_delay2_cautionTrue_vix35,50,200,45,75,25,cash,2,True,35.0,1111624.34,85.67,-61.94,0.9696,1.3831,299,15.1,1111724344.07
SMA100_200_RSI45_UPRO75_cash_delay0_cautionTrue_vixNone,100,200,45,75,25,cash,0,True,,1156283.98,86.16,-61.88,0.9689,1.3923,287,15.1,1156383976.53
SMA100_200_RSI35_UPRO100_cash_delay0_cautionTrue_vixNone,100,200,35,100,0,cash,0,True,,30922.56,46.39,-62.48,0.9672,0.7424,107,15.1,31022558.27
SMA50_200_RSI45_UPRO75_TLT_delay2_cautionTrue_vixNone,50,200,45,75,25,TLT,2,True,,994848.85,84.31,-72.14,0.9576,1.1687,289,15.1,994948846.4
SMA50_200_RSI45_UPRO75_TLT_delay0_cautionTrue_vixNone,50,200,45,75,25,TLT,0,True,,966015.78,83.95,-72.97,0.9552,1.1504,290,15.1,966115784.44
SMA100_200_RSI40_UPRO75_SHY_delay2_cautionTrue_vix35,100,200,40,75,25,SHY,2,True,35.0,959810.58,83.87,-61.96,0.955,1.3536,226,15.1,959910578.09
SMA100_200_RSI40_UPRO75_cash_delay2_cautionTrue_vix35,100,200,40,75,25,cash,2,True,35.0,911971.87,83.24,-61.85,0.9509,1.3459,226,15.1,912071873.92
SMA100_200_RSI40_UPRO75_SHY_delay0_cautionTrue_vix35,100,200,40,75,25,SHY,0,True,35.0,841718.17,82.27,-61.96,0.9444,1.3279,226,15.1,841818166.31
SMA100_200_RSI40_UPRO75_cash_delay0_cautionTrue_vix35,100,200,40,75,25,cash,0,True,35.0,804504.7,81.72,-61.85,0.9408,1.3213,226,15.1,804604702.86
SMA50_200_RSI35_UPRO100_TLT_delay0_cautionTrue_vixNone,50,200,35,100,0,TLT,0,True,,22611.95,43.39,-74.43,0.9346,0.5829,105,15.1,22711947.09
SMA100_200_RSI45_UPRO100_TLT_delay2_cautionFalse_vix35,100,200,45,100,0,TLT,2,False,35.0,21299.84,42.82,-73.17,0.9311,0.5852,51,15.1,21399840.41
SMA100_200_RSI40_UPRO100_TLT_delay2_cautionFalse_vix35,100,200,40,100,0,TLT,2,False,35.0,21299.84,42.82,-73.17,0.9311,0.5852,51,15.1,21399840.41
SMA100_200_RSI50_UPRO100_TLT_delay2_cautionFalse_vix35,100,200,50,100,0,TLT,2,False,35.0,21299.84,42.82,-73.17,0.9311,0.5852,51,15.1,21399840.41
SMA100_200_RSI35_UPRO100_TLT_delay2_cautionFalse_vix35,100,200,35,100,0,TLT,2,False,35.0,21299.84,42.82,-73.17,0.9311,0.5852,51,15.1,21399840.41
SMA50_200_RSI45_UPRO75_SHY_delay2_cautionTrue_vixNone,50,200,45,75,25,SHY,2,True,,681448.92,79.73,-65.04,0.9272,1.226,289,15.1,681548923.19
SMA50_200_RSI35_UPRO100_TLT_delay2_cautionTrue_vixNone,50,200,35,100,0,TLT,2,True,,20859.74,42.62,-72.99,0.9237,0.584,105,15.1,20959741.4
SMA50_200_RSI45_UPRO75_cash_delay2_cautionTrue_vixNone,50,200,45,75,25,cash,2,True,,651033.55,79.19,-63.95,0.9234,1.2383,289,15.1,651133549.8
SMA50_200_RSI45_UPRO75_SHY_delay0_cautionTrue_vixNone,50,200,45,75,25,SHY,0,True,,632787.18,78.85,-65.67,0.9212,1.2007,290,15.1,632887178.18
SMA50_200_RSI35_UPRO100_SHY_delay0_cautionTrue_vixNone,50,200,35,100,0,SHY,0,True,,19642.72,42.06,-69.29,0.9192,0.607,105,15.1,19742719.95
SMA50_200_RSI45_UPRO75_cash_delay0_cautionTrue_vixNone,50,200,45,75,25,cash,0,True,,600528.2,78.23,-64.6,0.9169,1.2111,290,15.1,600628202.26
SMA50_200_RSI35_UPRO100_SHY_delay2_cautionTrue_vixNone,50,200,35,100,0,SHY,2,True,,19281.34,41.88,-68.02,0.9163,0.6158,105,15.1,19381344.93
SMA50_200_RSI35_UPRO100_cash_delay0_cautionTrue_vixNone,50,200,35,100,0,cash,0,True,,19182.14,41.83,-68.53,0.916,0.6105,105,15.1,19282144.42
SMA100_200_RSI40_UPRO100_SHY_delay2_cautionFalse_vix35,100,200,40,100,0,SHY,2,False,35.0,18119.98,41.3,-66.6,0.9156,0.6201,51,15.1,18219981.26
SMA100_200_RSI35_UPRO100_SHY_delay2_cautionFalse_vix35,100,200,35,100,0,SHY,2,False,35.0,18119.98,41.3,-66.6,0.9156,0.6201,51,15.1,18219981.26
SMA100_200_RSI50_UPRO100_SHY_delay2_cautionFalse_vix35,100,200,50,100,0,SHY,2,False,35.0,18119.98,41.3,-66.6,0.9156,0.6201,51,15.1,18219981.26
SMA100_200_RSI45_UPRO100_SHY_delay2_cautionFalse_vix35,100,200,45,100,0,SHY,2,False,35.0,18119.98,41.3,-66.6,0.9156,0.6201,51,15.1,18219981.26
SMA50_200_RSI35_UPRO100_cash_delay2_cautionTrue_vixNone,50,200,35,100,0,cash,2,True,,18956.7,41.72,-67.26,0.9139,0.6203,105,15.1,19056697.95
SMA50_200_RSI40_UPRO75_TLT_delay0_cautionTrue_vix35,50,200,40,75,25,TLT,0,True,35.0,573055.16,77.68,-71.57,0.9135,1.0853,205,15.1,573155160.71
SMA100_200_RSI35_UPRO100_cash_delay2_cautionFalse_vix35,100,200,35,100,0,cash,2,False,35.0,17809.91,41.14,-66.3,0.9133,0.6205,51,15.1,17909908.96
SMA100_200_RSI45_UPRO100_cash_delay2_cautionFalse_vix35,100,200,45,100,0,cash,2,False,35.0,17809.91,41.14,-66.3,0.9133,0.6205,51,15.1,17909908.96
SMA100_200_RSI40_UPRO100_cash_delay2_cautionFalse_vix35,100,200,40,100,0,cash,2,False,35.0,17809.91,41.14,-66.3,0.9133,0.6205,51,15.1,17909908.96
SMA100_200_RSI50_UPRO100_cash_delay2_cautionFalse_vix35,100,200,50,100,0,cash,2,False,35.0,17809.91,41.14,-66.3,0.9133,0.6205,51,15.1,17909908.96
SMA100_200_RSI40_UPRO75_TLT_delay2_cautionTrue_vixNone,100,200,40,75,25,TLT,2,True,,562775.58,77.46,-69.06,0.91,1.1217,200,15.1,562875577.67
SMA50_200_RSI40_UPRO75_TLT_delay2_cautionTrue_vix35,50,200,40,75,25,TLT,2,True,35.0,532435.46,76.81,-70.78,0.9076,1.0852,204,15.1,532535463.58
SMA100_200_RSI50_UPRO100_TLT_delay0_cautionFalse_vix35,100,200,50,100,0,TLT,0,False,35.0,17622.26,41.04,-72.24,0.9065,0.5681,51,15.1,17722264.65
SMA100_200_RSI45_UPRO100_TLT_delay0_cautionFalse_vix35,100,200,45,100,0,TLT,0,False,35.0,17622.26,41.04,-72.24,0.9065,0.5681,51,15.1,17722264.65
SMA100_200_RSI40_UPRO100_TLT_delay0_cautionFalse_vix35,100,200,40,100,0,TLT,0,False,35.0,17622.26,41.04,-72.24,0.9065,0.5681,51,15.1,17722264.65
SMA100_200_RSI35_UPRO100_TLT_delay0_cautionFalse_vix35,100,200,35,100,0,TLT,0,False,35.0,17622.26,41.04,-72.24,0.9065,0.5681,51,15.1,17722264.65
SMA100_200_RSI35_UPRO100_SHY_delay0_cautionFalse_vix35,100,200,35,100,0,SHY,0,False,35.0,15582.7,39.9,-67.63,0.8958,0.59,51,15.1,15682697.08
SMA100_200_RSI50_UPRO100_SHY_delay0_cautionFalse_vix35,100,200,50,100,0,SHY,0,False,35.0,15582.7,39.9,-67.63,0.8958,0.59,51,15.1,15682697.08
SMA100_200_RSI45_UPRO100_SHY_delay0_cautionFalse_vix35,100,200,45,100,0,SHY,0,False,35.0,15582.7,39.9,-67.63,0.8958,0.59,51,15.1,15682697.08
SMA100_200_RSI40_UPRO100_SHY_delay0_cautionFalse_vix35,100,200,40,100,0,SHY,0,False,35.0,15582.7,39.9,-67.63,0.8958,0.59,51,15.1,15682697.08
SMA100_200_RSI50_UPRO100_cash_delay0_cautionFalse_vix35,100,200,50,100,0,cash,0,False,35.0,15477.82,39.84,-66.52,0.8949,0.5989,51,15.1,15577815.55
SMA100_200_RSI45_UPRO100_cash_delay0_cautionFalse_vix35,100,200,45,100,0,cash,0,False,35.0,15477.82,39.84,-66.52,0.8949,0.5989,51,15.1,15577815.55
SMA100_200_RSI40_UPRO100_cash_delay0_cautionFalse_vix35,100,200,40,100,0,cash,0,False,35.0,15477.82,39.84,-66.52,0.8949,0.5989,51,15.1,15577815.55
SMA100_200_RSI35_UPRO100_cash_delay0_cautionFalse_vix35,100,200,35,100,0,cash,0,False,35.0,15477.82,39.84,-66.52,0.8949,0.5989,51,15.1,15577815.55
SMA100_200_RSI40_UPRO75_TLT_delay0_cautionTrue_vixNone,100,200,40,75,25,TLT,0,True,,451376.07,74.88,-67.82,0.8926,1.1041,200,15.1,451476071.21
SMA50_200_RSI40_UPRO75_SHY_delay0_cautionTrue_vix35,50,200,40,75,25,SHY,0,True,35.0,427945.72,74.26,-65.64,0.8902,1.1314,205,15.1,428045721.85
SMA50_200_RSI40_UPRO75_SHY_delay2_cautionTrue_vix35,50,200,40,75,25,SHY,2,True,35.0,414210.52,73.89,-65.0,0.8876,1.1367,204,15.1,414310516.96
SMA50_200_RSI40_UPRO75_cash_delay0_cautionTrue_vix35,50,200,40,75,25,cash,0,True,35.0,410068.25,73.77,-64.57,0.8868,1.1425,205,15.1,410168246.46
SMA50_200_RSI40_UPRO75_cash_delay2_cautionTrue_vix35,50,200,40,75,25,cash,2,True,35.0,399408.62,73.47,-63.92,0.8846,1.1494,204,15.1,399508623.19
SMA100_200_RSI40_UPRO75_SHY_delay2_cautionTrue_vixNone,100,200,40,75,25,SHY,2,True,,387544.9,73.12,-62.48,0.8806,1.1703,200,15.1,387644896.09
SMA100_200_RSI40_UPRO75_cash_delay2_cautionTrue_vixNone,100,200,40,75,25,cash,2,True,,371969.11,72.65,-62.36,0.8774,1.165,200,15.1,372069105.65
SMA100_200_RSI40_UPRO75_SHY_delay0_cautionTrue_vixNone,100,200,40,75,25,SHY,0,True,,322669.49,71.03,-62.48,0.8661,1.1368,200,15.1,322769490.86
SMA100_200_RSI40_UPRO75_cash_delay0_cautionTrue_vixNone,100,200,40,75,25,cash,0,True,,311720.39,70.64,-62.36,0.8634,1.1327,200,15.1,311820392.65
SMA100_200_RSI35_UPRO75_TLT_delay2_cautionTrue_vix35,100,200,35,75,25,TLT,2,True,35.0,254686.74,68.36,-70.55,0.8478,0.9689,129,15.1,254786737.05
SMA50_200_RSI40_UPRO75_TLT_delay0_cautionTrue_vixNone,50,200,40,75,25,TLT,0,True,,225681.06,67.02,-72.9,0.8379,0.9193,193,15.1,225781056.21
SMA100_200_RSI35_UPRO75_TLT_delay0_cautionTrue_vix35,100,200,35,75,25,TLT,0,True,35.0,210388.38,66.24,-69.38,0.8326,0.9548,130,15.1,210488375.85
SMA50_200_RSI40_UPRO75_TLT_delay2_cautionTrue_vixNone,50,200,40,75,25,TLT,2,True,,207494.05,66.09,-72.14,0.8312,0.9161,192,15.1,207594054.58
SMA50_200_RSI45_UPRO100_TLT_delay0_cautionFalse_vix35,50,200,45,100,0,TLT,0,False,35.0,9335.25,35.26,-76.84,0.8297,0.4589,37,15.1,9435249.89
SMA50_200_RSI50_UPRO100_TLT_delay0_cautionFalse_vix35,50,200,50,100,0,TLT,0,False,35.0,9335.25,35.26,-76.84,0.8297,0.4589,37,15.1,9435249.89
SMA50_200_RSI35_UPRO100_TLT_delay0_cautionFalse_vix35,50,200,35,100,0,TLT,0,False,35.0,9335.25,35.26,-76.84,0.8297,0.4589,37,15.1,9435249.89
SMA50_200_RSI40_UPRO100_TLT_delay0_cautionFalse_vix35,50,200,40,100,0,TLT,0,False,35.0,9335.25,35.26,-76.84,0.8297,0.4589,37,15.1,9435249.89
SMA50_200_RSI35_UPRO100_SHY_delay0_cautionFalse_vix35,50,200,35,100,0,SHY,0,False,35.0,8975.76,34.91,-71.62,0.8296,0.4875,37,15.1,9075764.0
SMA50_200_RSI40_UPRO100_SHY_delay0_cautionFalse_vix35,50,200,40,100,0,SHY,0,False,35.0,8975.76,34.91,-71.62,0.8296,0.4875,37,15.1,9075764.0
SMA50_200_RSI45_UPRO100_SHY_delay0_cautionFalse_vix35,50,200,45,100,0,SHY,0,False,35.0,8975.76,34.91,-71.62,0.8296,0.4875,37,15.1,9075764.0
SMA50_200_RSI50_UPRO100_SHY_delay0_cautionFalse_vix35,50,200,50,100,0,SHY,0,False,35.0,8975.76,34.91,-71.62,0.8296,0.4875,37,15.1,9075764.0
SMA50_200_RSI40_UPRO100_cash_delay0_cautionFalse_vix35,50,200,40,100,0,cash,0,False,35.0,8919.66,34.85,-70.66,0.8288,0.4932,37,15.1,9019661.53
SMA50_200_RSI35_UPRO100_cash_delay0_cautionFalse_vix35,50,200,35,100,0,cash,0,False,35.0,8919.66,34.85,-70.66,0.8288,0.4932,37,15.1,9019661.53
SMA50_200_RSI45_UPRO100_cash_delay0_cautionFalse_vix35,50,200,45,100,0,cash,0,False,35.0,8919.66,34.85,-70.66,0.8288,0.4932,37,15.1,9019661.53
SMA50_200_RSI50_UPRO100_cash_delay0_cautionFalse_vix35,50,200,50,100,0,cash,0,False,35.0,8919.66,34.85,-70.66,0.8288,0.4932,37,15.1,9019661.53
SMA100_200_RSI35_UPRO75_SHY_delay2_cautionTrue_vix35,100,200,35,75,25,SHY,2,True,35.0,195687.01,65.44,-63.99,0.8268,1.0227,129,15.1,195787011.21
SMA100_200_RSI35_UPRO75_cash_delay2_cautionTrue_vix35,100,200,35,75,25,cash,2,True,35.0,188097.9,65.01,-63.95,0.8237,1.0165,129,15.1,188197895.04
SMA50_200_RSI50_UPRO100_cash_delay2_cautionFalse_vix35,50,200,50,100,0,cash,2,False,35.0,8582.86,34.51,-69.48,0.8232,0.4967,37,15.1,8682856.85
SMA50_200_RSI40_UPRO100_SHY_delay2_cautionFalse_vix35,50,200,40,100,0,SHY,2,False,35.0,8586.37,34.52,-70.45,0.8232,0.49,37,15.1,8686372.89
SMA50_200_RSI50_UPRO100_SHY_delay2_cautionFalse_vix35,50,200,50,100,0,SHY,2,False,35.0,8586.37,34.52,-70.45,0.8232,0.49,37,15.1,8686372.89
SMA50_200_RSI40_UPRO100_cash_delay2_cautionFalse_vix35,50,200,40,100,0,cash,2,False,35.0,8582.86,34.51,-69.48,0.8232,0.4967,37,15.1,8682856.85
SMA50_200_RSI35_UPRO100_SHY_delay2_cautionFalse_vix35,50,200,35,100,0,SHY,2,False,35.0,8586.37,34.52,-70.45,0.8232,0.49,37,15.1,8686372.89
SMA50_200_RSI35_UPRO100_cash_delay2_cautionFalse_vix35,50,200,35,100,0,cash,2,False,35.0,8582.86,34.51,-69.48,0.8232,0.4967,37,15.1,8682856.85
SMA50_200_RSI45_UPRO100_SHY_delay2_cautionFalse_vix35,50,200,45,100,0,SHY,2,False,35.0,8586.37,34.52,-70.45,0.8232,0.49,37,15.1,8686372.89
SMA50_200_RSI45_UPRO100_cash_delay2_cautionFalse_vix35,50,200,45,100,0,cash,2,False,35.0,8582.86,34.51,-69.48,0.8232,0.4967,37,15.1,8682856.85
SMA50_200_RSI35_UPRO100_TLT_delay2_cautionFalse_vix35,50,200,35,100,0,TLT,2,False,35.0,8618.03,34.55,-75.53,0.8188,0.4574,37,15.1,8718030.18
SMA50_200_RSI50_UPRO100_TLT_delay2_cautionFalse_vix35,50,200,50,100,0,TLT,2,False,35.0,8618.03,34.55,-75.53,0.8188,0.4574,37,15.1,8718030.18
SMA50_200_RSI45_UPRO100_TLT_delay2_cautionFalse_vix35,50,200,45,100,0,TLT,2,False,35.0,8618.03,34.55,-75.53,0.8188,0.4574,37,15.1,8718030.18
SMA50_200_RSI40_UPRO100_TLT_delay2_cautionFalse_vix35,50,200,40,100,0,TLT,2,False,35.0,8618.03,34.55,-75.53,0.8188,0.4574,37,15.1,8718030.18
SMA50_200_RSI40_UPRO75_SHY_delay0_cautionTrue_vixNone,50,200,40,75,25,SHY,0,True,,171898.81,64.02,-67.42,0.8162,0.9497,193,15.1,171998805.88
SMA50_200_RSI40_UPRO75_SHY_delay2_cautionTrue_vixNone,50,200,40,75,25,SHY,2,True,,169087.15,63.84,-66.82,0.8149,0.9555,192,15.1,169187149.28
SMA100_200_RSI35_UPRO75_SHY_delay0_cautionTrue_vix35,100,200,35,75,25,SHY,0,True,35.0,166047.69,63.65,-64.04,0.8137,0.9939,130,15.1,166147686.59
SMA50_200_RSI40_UPRO75_cash_delay0_cautionTrue_vixNone,50,200,40,75,25,cash,0,True,,165804.2,63.63,-66.43,0.8133,0.9578,193,15.1,165904200.64
SMA50_200_RSI40_UPRO75_cash_delay2_cautionTrue_vixNone,50,200,40,75,25,cash,2,True,,164271.27,63.53,-65.82,0.8126,0.9652,192,15.1,164371271.77
SMA100_200_RSI35_UPRO75_cash_delay0_cautionTrue_vix35,100,200,35,75,25,cash,0,True,35.0,160728.85,63.29,-63.95,0.8111,0.9897,130,15.1,160828847.42
SMA100_200_RSI35_UPRO75_TLT_delay2_cautionTrue_vixNone,100,200,35,75,25,TLT,2,True,,102936.55,58.54,-71.92,0.777,0.8138,106,15.1,103036547.0
SMA50_200_RSI35_UPRO75_TLT_delay0_cautionTrue_vix35,50,200,35,75,25,TLT,0,True,35.0,102533.35,58.49,-74.49,0.7752,0.7852,115,15.1,102633347.51
SMA50_200_RSI35_UPRO75_TLT_delay2_cautionTrue_vix35,50,200,35,75,25,TLT,2,True,35.0,94073.52,57.59,-73.18,0.7684,0.787,115,15.1,94173517.43
SMA50_200_RSI35_UPRO75_SHY_delay0_cautionTrue_vix35,50,200,35,75,25,SHY,0,True,35.0,89032.65,57.02,-69.3,0.7636,0.8228,115,15.1,89132648.71
SMA50_200_RSI35_UPRO75_cash_delay0_cautionTrue_vix35,50,200,35,75,25,cash,0,True,35.0,86315.2,56.69,-68.39,0.7611,0.829,115,15.1,86415201.42
SMA50_200_RSI35_UPRO75_SHY_delay2_cautionTrue_vix35,50,200,35,75,25,SHY,2,True,35.0,84616.39,56.49,-68.18,0.7595,0.8285,115,15.1,84716386.5
SMA50_200_RSI35_UPRO75_cash_delay2_cautionTrue_vix35,50,200,35,75,25,cash,2,True,35.0,82511.0,56.23,-67.26,0.7575,0.8359,115,15.1,82611000.78
SMA100_200_RSI35_UPRO75_SHY_delay2_cautionTrue_vixNone,100,200,35,75,25,SHY,2,True,,79841.34,55.89,-65.62,0.757,0.8517,106,15.1,79941338.37
SMA100_200_RSI35_UPRO75_TLT_delay0_cautionTrue_vixNone,100,200,35,75,25,TLT,0,True,,79700.0,55.87,-70.8,0.757,0.7891,107,15.1,79799998.27
SMA100_200_RSI35_UPRO75_cash_delay2_cautionTrue_vixNone,100,200,35,75,25,cash,2,True,,77579.48,55.59,-64.99,0.7548,0.8553,106,15.1,77679483.87
SMA100_200_RSI35_UPRO75_SHY_delay0_cautionTrue_vixNone,100,200,35,75,25,SHY,0,True,,64309.92,53.66,-65.9,0.7401,0.8143,107,15.1,64409915.27
SMA100_200_RSI35_UPRO75_cash_delay0_cautionTrue_vixNone,100,200,35,75,25,cash,0,True,,62964.2,53.45,-64.93,0.7385,0.8232,107,15.1,63064204.18
SMA50_200_RSI35_UPRO75_TLT_delay0_cautionTrue_vixNone,50,200,35,75,25,TLT,0,True,,44791.3,50.02,-75.68,0.7111,0.661,105,15.1,44891302.23
SMA50_200_RSI35_UPRO75_TLT_delay2_cautionTrue_vixNone,50,200,35,75,25,TLT,2,True,,40661.82,49.07,-74.43,0.7036,0.6592,105,15.1,40761821.72
SMA100_200_RSI40_UPRO75_TLT_delay2_cautionFalse_vix35,100,200,40,75,25,TLT,2,False,35.0,39969.31,48.9,-75.15,0.7025,0.6506,51,15.1,40069305.43
SMA100_200_RSI45_UPRO75_TLT_delay2_cautionFalse_vix35,100,200,45,75,25,TLT,2,False,35.0,39969.31,48.9,-75.15,0.7025,0.6506,51,15.1,40069305.43
SMA100_200_RSI50_UPRO75_TLT_delay2_cautionFalse_vix35,100,200,50,75,25,TLT,2,False,35.0,39969.31,48.9,-75.15,0.7025,0.6506,51,15.1,40069305.43
SMA100_200_RSI35_UPRO75_TLT_delay2_cautionFalse_vix35,100,200,35,75,25,TLT,2,False,35.0,39969.31,48.9,-75.15,0.7025,0.6506,51,15.1,40069305.43
SMA50_200_RSI35_UPRO75_SHY_delay0_cautionTrue_vixNone,50,200,35,75,25,SHY,0,True,,38912.72,48.63,-70.89,0.6997,0.686,105,15.1,39012721.63
SMA50_200_RSI35_UPRO75_cash_delay0_cautionTrue_vixNone,50,200,35,75,25,cash,0,True,,38003.06,48.4,-70.05,0.6979,0.6909,105,15.1,38103057.78
SMA50_200_RSI35_UPRO75_SHY_delay2_cautionTrue_vixNone,50,200,35,75,25,SHY,2,True,,37582.79,48.29,-69.83,0.6971,0.6916,105,15.1,37682785.97
SMA50_200_RSI35_UPRO75_cash_delay2_cautionTrue_vixNone,50,200,35,75,25,cash,2,True,,36952.03,48.12,-68.99,0.6958,0.6976,105,15.1,37052027.48
SMA100_200_RSI50_UPRO75_SHY_delay2_cautionFalse_vix35,100,200,50,75,25,SHY,2,False,35.0,34015.3,47.31,-69.05,0.689,0.6852,51,15.1,34115300.87
SMA100_200_RSI40_UPRO75_SHY_delay2_cautionFalse_vix35,100,200,40,75,25,SHY,2,False,35.0,34015.3,47.31,-69.05,0.689,0.6852,51,15.1,34115300.87
SMA100_200_RSI45_UPRO75_SHY_delay2_cautionFalse_vix35,100,200,45,75,25,SHY,2,False,35.0,34015.3,47.31,-69.05,0.689,0.6852,51,15.1,34115300.87
SMA100_200_RSI35_UPRO75_SHY_delay2_cautionFalse_vix35,100,200,35,75,25,SHY,2,False,35.0,34015.3,47.31,-69.05,0.689,0.6852,51,15.1,34115300.87
SMA100_200_RSI40_UPRO75_cash_delay2_cautionFalse_vix35,100,200,40,75,25,cash,2,False,35.0,33434.72,47.15,-68.45,0.6877,0.6888,51,15.1,33534717.94
SMA100_200_RSI35_UPRO75_cash_delay2_cautionFalse_vix35,100,200,35,75,25,cash,2,False,35.0,33434.72,47.15,-68.45,0.6877,0.6888,51,15.1,33534717.94
SMA100_200_RSI45_UPRO75_cash_delay2_cautionFalse_vix35,100,200,45,75,25,cash,2,False,35.0,33434.72,47.15,-68.45,0.6877,0.6888,51,15.1,33534717.94
SMA100_200_RSI50_UPRO75_cash_delay2_cautionFalse_vix35,100,200,50,75,25,cash,2,False,35.0,33434.72,47.15,-68.45,0.6877,0.6888,51,15.1,33534717.94
SMA100_200_RSI50_UPRO75_TLT_delay0_cautionFalse_vix35,100,200,50,75,25,TLT,0,False,35.0,31989.31,46.72,-74.23,0.6849,0.6293,51,15.1,32089306.32
SMA100_200_RSI40_UPRO75_TLT_delay0_cautionFalse_vix35,100,200,40,75,25,TLT,0,False,35.0,31989.31,46.72,-74.23,0.6849,0.6293,51,15.1,32089306.32
SMA100_200_RSI45_UPRO75_TLT_delay0_cautionFalse_vix35,100,200,45,75,25,TLT,0,False,35.0,31989.31,46.72,-74.23,0.6849,0.6293,51,15.1,32089306.32
SMA100_200_RSI35_UPRO75_TLT_delay0_cautionFalse_vix35,100,200,35,75,25,TLT,0,False,35.0,31989.31,46.72,-74.23,0.6849,0.6293,51,15.1,32089306.32
SMA100_200_RSI50_UPRO75_SHY_delay0_cautionFalse_vix35,100,200,50,75,25,SHY,0,False,35.0,28296.31,45.53,-69.94,0.6745,0.651,51,15.1,28396307.16
SMA100_200_RSI45_UPRO75_SHY_delay0_cautionFalse_vix35,100,200,45,75,25,SHY,0,False,35.0,28296.31,45.53,-69.94,0.6745,0.651,51,15.1,28396307.16
SMA100_200_RSI40_UPRO75_SHY_delay0_cautionFalse_vix35,100,200,40,75,25,SHY,0,False,35.0,28296.31,45.53,-69.94,0.6745,0.651,51,15.1,28396307.16
SMA100_200_RSI35_UPRO75_SHY_delay0_cautionFalse_vix35,100,200,35,75,25,SHY,0,False,35.0,28296.31,45.53,-69.94,0.6745,0.651,51,15.1,28396307.16
SMA100_200_RSI45_UPRO75_cash_delay0_cautionFalse_vix35,100,200,45,75,25,cash,0,False,35.0,28106.4,45.46,-68.91,0.6739,0.6598,51,15.1,28206400.54
SMA100_200_RSI35_UPRO75_cash_delay0_cautionFalse_vix35,100,200,35,75,25,cash,0,False,35.0,28106.4,45.46,-68.91,0.6739,0.6598,51,15.1,28206400.54
SMA100_200_RSI40_UPRO75_cash_delay0_cautionFalse_vix35,100,200,40,75,25,cash,0,False,35.0,28106.4,45.46,-68.91,0.6739,0.6598,51,15.1,28206400.54
SMA100_200_RSI50_UPRO75_cash_delay0_cautionFalse_vix35,100,200,50,75,25,cash,0,False,35.0,28106.4,45.46,-68.91,0.6739,0.6598,51,15.1,28206400.54
SMA50_200_RSI40_UPRO75_TLT_delay0_cautionFalse_vix35,50,200,40,75,25,TLT,0,False,35.0,17110.39,40.77,-77.99,0.6346,0.5227,37,15.1,17210393.09
SMA50_200_RSI45_UPRO75_TLT_delay0_cautionFalse_vix35,50,200,45,75,25,TLT,0,False,35.0,17110.39,40.77,-77.99,0.6346,0.5227,37,15.1,17210393.09
SMA50_200_RSI50_UPRO75_TLT_delay0_cautionFalse_vix35,50,200,50,75,25,TLT,0,False,35.0,17110.39,40.77,-77.99,0.6346,0.5227,37,15.1,17210393.09
SMA50_200_RSI35_UPRO75_TLT_delay0_cautionFalse_vix35,50,200,35,75,25,TLT,0,False,35.0,17110.39,40.77,-77.99,0.6346,0.5227,37,15.1,17210393.09
SMA50_200_RSI45_UPRO75_SHY_delay0_cautionFalse_vix35,50,200,45,75,25,SHY,0,False,35.0,16454.67,40.41,-73.03,0.6305,0.5532,37,15.1,16554671.88
SMA50_200_RSI40_UPRO75_SHY_delay0_cautionFalse_vix35,50,200,40,75,25,SHY,0,False,35.0,16454.67,40.41,-73.03,0.6305,0.5532,37,15.1,16554671.88
SMA50_200_RSI35_UPRO75_SHY_delay0_cautionFalse_vix35,50,200,35,75,25,SHY,0,False,35.0,16454.67,40.41,-73.03,0.6305,0.5532,37,15.1,16554671.88
SMA50_200_RSI50_UPRO75_SHY_delay0_cautionFalse_vix35,50,200,50,75,25,SHY,0,False,35.0,16454.67,40.41,-73.03,0.6305,0.5532,37,15.1,16554671.88
SMA50_200_RSI40_UPRO75_cash_delay0_cautionFalse_vix35,50,200,40,75,25,cash,0,False,35.0,16352.34,40.35,-72.13,0.63,0.5594,37,15.1,16452338.01
SMA50_200_RSI45_UPRO75_cash_delay0_cautionFalse_vix35,50,200,45,75,25,cash,0,False,35.0,16352.34,40.35,-72.13,0.63,0.5594,37,15.1,16452338.01
SMA50_200_RSI50_UPRO75_cash_delay0_cautionFalse_vix35,50,200,50,75,25,cash,0,False,35.0,16352.34,40.35,-72.13,0.63,0.5594,37,15.1,16452338.01
SMA50_200_RSI35_UPRO75_cash_delay0_cautionFalse_vix35,50,200,35,75,25,cash,0,False,35.0,16352.34,40.35,-72.13,0.63,0.5594,37,15.1,16452338.01
SMA50_200_RSI35_UPRO75_TLT_delay2_cautionFalse_vix35,50,200,35,75,25,TLT,2,False,35.0,15691.78,39.97,-76.86,0.6279,0.52,37,15.1,15791780.08
SMA50_200_RSI40_UPRO75_TLT_delay2_cautionFalse_vix35,50,200,40,75,25,TLT,2,False,35.0,15691.78,39.97,-76.86,0.6279,0.52,37,15.1,15791780.08
SMA50_200_RSI45_UPRO75_TLT_delay2_cautionFalse_vix35,50,200,45,75,25,TLT,2,False,35.0,15691.78,39.97,-76.86,0.6279,0.52,37,15.1,15791780.08
SMA50_200_RSI50_UPRO75_TLT_delay2_cautionFalse_vix35,50,200,50,75,25,TLT,2,False,35.0,15691.78,39.97,-76.86,0.6279,0.52,37,15.1,15791780.08
SMA50_200_RSI45_UPRO75_SHY_delay2_cautionFalse_vix35,50,200,45,75,25,SHY,2,False,35.0,15634.44,39.93,-72.05,0.6265,0.5542,37,15.1,15734436.28
SMA50_200_RSI40_UPRO75_cash_delay2_cautionFalse_vix35,50,200,40,75,25,cash,2,False,35.0,15628.07,39.93,-71.14,0.6265,0.5613,37,15.1,15728067.35
SMA50_200_RSI50_UPRO75_SHY_delay2_cautionFalse_vix35,50,200,50,75,25,SHY,2,False,35.0,15634.44,39.93,-72.05,0.6265,0.5542,37,15.1,15734436.28
SMA50_200_RSI50_UPRO75_cash_delay2_cautionFalse_vix35,50,200,50,75,25,cash,2,False,35.0,15628.07,39.93,-71.14,0.6265,0.5613,37,15.1,15728067.35
SMA50_200_RSI45_UPRO75_cash_delay2_cautionFalse_vix35,50,200,45,75,25,cash,2,False,35.0,15628.07,39.93,-71.14,0.6265,0.5613,37,15.1,15728067.35
SMA50_200_RSI40_UPRO75_SHY_delay2_cautionFalse_vix35,50,200,40,75,25,SHY,2,False,35.0,15634.44,39.93,-72.05,0.6265,0.5542,37,15.1,15734436.28
SMA50_200_RSI35_UPRO75_SHY_delay2_cautionFalse_vix35,50,200,35,75,25,SHY,2,False,35.0,15634.44,39.93,-72.05,0.6265,0.5542,37,15.1,15734436.28
SMA50_200_RSI35_UPRO75_cash_delay2_cautionFalse_vix35,50,200,35,75,25,cash,2,False,35.0,15628.07,39.93,-71.14,0.6265,0.5613,37,15.1,15728067.35
SMA100_200_RSI50_UPRO100_TLT_delay2_cautionFalse_vixNone,100,200,50,100,0,TLT,2,False,,2095.5,22.77,-75.73,0.6237,0.3007,13,15.1,2195501.16
SMA100_200_RSI45_UPRO100_TLT_delay2_cautionFalse_vixNone,100,200,45,100,0,TLT,2,False,,2095.5,22.77,-75.73,0.6237,0.3007,13,15.1,2195501.16
SMA100_200_RSI40_UPRO100_TLT_delay2_cautionFalse_vixNone,100,200,40,100,0,TLT,2,False,,2095.5,22.77,-75.73,0.6237,0.3007,13,15.1,2195501.16
SMA100_200_RSI35_UPRO100_TLT_delay2_cautionFalse_vixNone,100,200,35,100,0,TLT,2,False,,2095.5,22.77,-75.73,0.6237,0.3007,13,15.1,2195501.16
SMA100_200_RSI35_UPRO100_cash_delay2_cautionFalse_vixNone,100,200,35,100,0,cash,2,False,,1892.5,21.99,-75.73,0.6126,0.2903,13,15.1,1992500.3
SMA100_200_RSI45_UPRO100_cash_delay2_cautionFalse_vixNone,100,200,45,100,0,cash,2,False,,1892.5,21.99,-75.73,0.6126,0.2903,13,15.1,1992500.3
SMA100_200_RSI50_UPRO100_cash_delay2_cautionFalse_vixNone,100,200,50,100,0,cash,2,False,,1892.5,21.99,-75.73,0.6126,0.2903,13,15.1,1992500.3
SMA100_200_RSI40_UPRO100_cash_delay2_cautionFalse_vixNone,100,200,40,100,0,cash,2,False,,1892.5,21.99,-75.73,0.6126,0.2903,13,15.1,1992500.3
SMA100_200_RSI35_UPRO100_SHY_delay2_cautionFalse_vixNone,100,200,35,100,0,SHY,2,False,,1889.21,21.97,-75.73,0.6124,0.2901,13,15.1,1989213.47
SMA100_200_RSI50_UPRO100_SHY_delay2_cautionFalse_vixNone,100,200,50,100,0,SHY,2,False,,1889.21,21.97,-75.73,0.6124,0.2901,13,15.1,1989213.47
SMA100_200_RSI40_UPRO100_SHY_delay2_cautionFalse_vixNone,100,200,40,100,0,SHY,2,False,,1889.21,21.97,-75.73,0.6124,0.2901,13,15.1,1989213.47
SMA100_200_RSI45_UPRO100_SHY_delay2_cautionFalse_vixNone,100,200,45,100,0,SHY,2,False,,1889.21,21.97,-75.73,0.6124,0.2901,13,15.1,1989213.47
SMA100_200_RSI50_UPRO100_TLT_delay0_cautionFalse_vixNone,100,200,50,100,0,TLT,0,False,,1618.09,20.79,-75.73,0.5945,0.2745,13,15.1,1718091.36
SMA100_200_RSI35_UPRO100_TLT_delay0_cautionFalse_vixNone,100,200,35,100,0,TLT,0,False,,1618.09,20.79,-75.73,0.5945,0.2745,13,15.1,1718091.36
SMA100_200_RSI45_UPRO100_TLT_delay0_cautionFalse_vixNone,100,200,45,100,0,TLT,0,False,,1618.09,20.79,-75.73,0.5945,0.2745,13,15.1,1718091.36
SMA100_200_RSI40_UPRO100_TLT_delay0_cautionFalse_vixNone,100,200,40,100,0,TLT,0,False,,1618.09,20.79,-75.73,0.5945,0.2745,13,15.1,1718091.36
SMA100_200_RSI50_UPRO100_cash_delay0_cautionFalse_vixNone,100,200,50,100,0,cash,0,False,,1559.52,20.51,-75.73,0.5906,0.2709,13,15.1,1659520.37
SMA100_200_RSI45_UPRO100_cash_delay0_cautionFalse_vixNone,100,200,45,100,0,cash,0,False,,1559.52,20.51,-75.73,0.5906,0.2709,13,15.1,1659520.37
SMA100_200_RSI40_UPRO100_cash_delay0_cautionFalse_vixNone,100,200,40,100,0,cash,0,False,,1559.52,20.51,-75.73,0.5906,0.2709,13,15.1,1659520.37
SMA100_200_RSI35_UPRO100_cash_delay0_cautionFalse_vixNone,100,200,35,100,0,cash,0,False,,1559.52,20.51,-75.73,0.5906,0.2709,13,15.1,1659520.37
SMA100_200_RSI50_UPRO100_SHY_delay0_cautionFalse_vixNone,100,200,50,100,0,SHY,0,False,,1538.58,20.41,-75.73,0.5891,0.2695,13,15.1,1638584.05
SMA100_200_RSI35_UPRO100_SHY_delay0_cautionFalse_vixNone,100,200,35,100,0,SHY,0,False,,1538.58,20.41,-75.73,0.5891,0.2695,13,15.1,1638584.05
SMA100_200_RSI45_UPRO100_SHY_delay0_cautionFalse_vixNone,100,200,45,100,0,SHY,0,False,,1538.58,20.41,-75.73,0.5891,0.2695,13,15.1,1638584.05
SMA100_200_RSI40_UPRO100_SHY_delay0_cautionFalse_vixNone,100,200,40,100,0,SHY,0,False,,1538.58,20.41,-75.73,0.5891,0.2695,13,15.1,1638584.05
SMA50_200_RSI45_UPRO100_cash_delay0_cautionFalse_vixNone,50,200,45,100,0,cash,0,False,,1088.58,17.87,-75.73,0.5507,0.236,15,15.1,1188580.85
SMA50_200_RSI40_UPRO100_cash_delay0_cautionFalse_vixNone,50,200,40,100,0,cash,0,False,,1088.58,17.87,-75.73,0.5507,0.236,15,15.1,1188580.85
SMA50_200_RSI35_UPRO100_cash_delay0_cautionFalse_vixNone,50,200,35,100,0,cash,0,False,,1088.58,17.87,-75.73,0.5507,0.236,15,15.1,1188580.85
SMA50_200_RSI50_UPRO100_cash_delay0_cautionFalse_vixNone,50,200,50,100,0,cash,0,False,,1088.58,17.87,-75.73,0.5507,0.236,15,15.1,1188580.85
SMA50_200_RSI40_UPRO100_SHY_delay0_cautionFalse_vixNone,50,200,40,100,0,SHY,0,False,,1078.2,17.8,-75.73,0.5497,0.2351,15,15.1,1178197.37
SMA50_200_RSI45_UPRO100_SHY_delay0_cautionFalse_vixNone,50,200,45,100,0,SHY,0,False,,1078.2,17.8,-75.73,0.5497,0.2351,15,15.1,1178197.37
SMA50_200_RSI35_UPRO100_SHY_delay0_cautionFalse_vixNone,50,200,35,100,0,SHY,0,False,,1078.2,17.8,-75.73,0.5497,0.2351,15,15.1,1178197.37
SMA50_200_RSI50_UPRO100_SHY_delay0_cautionFalse_vixNone,50,200,50,100,0,SHY,0,False,,1078.2,17.8,-75.73,0.5497,0.2351,15,15.1,1178197.37
SMA50_200_RSI35_UPRO100_cash_delay2_cautionFalse_vixNone,50,200,35,100,0,cash,2,False,,1074.68,17.78,-75.73,0.5493,0.2348,15,15.1,1174683.98
SMA50_200_RSI45_UPRO100_cash_delay2_cautionFalse_vixNone,50,200,45,100,0,cash,2,False,,1074.68,17.78,-75.73,0.5493,0.2348,15,15.1,1174683.98
SMA50_200_RSI40_UPRO100_cash_delay2_cautionFalse_vixNone,50,200,40,100,0,cash,2,False,,1074.68,17.78,-75.73,0.5493,0.2348,15,15.1,1174683.98
SMA50_200_RSI50_UPRO100_cash_delay2_cautionFalse_vixNone,50,200,50,100,0,cash,2,False,,1074.68,17.78,-75.73,0.5493,0.2348,15,15.1,1174683.98
SMA50_200_RSI45_UPRO100_TLT_delay0_cautionFalse_vixNone,50,200,45,100,0,TLT,0,False,,1067.24,17.73,-78.9,0.5485,0.2247,15,15.1,1167235.29
SMA50_200_RSI35_UPRO100_TLT_delay0_cautionFalse_vixNone,50,200,35,100,0,TLT,0,False,,1067.24,17.73,-78.9,0.5485,0.2247,15,15.1,1167235.29
SMA50_200_RSI50_UPRO100_TLT_delay0_cautionFalse_vixNone,50,200,50,100,0,TLT,0,False,,1067.24,17.73,-78.9,0.5485,0.2247,15,15.1,1167235.29
SMA50_200_RSI40_UPRO100_TLT_delay0_cautionFalse_vixNone,50,200,40,100,0,TLT,0,False,,1067.24,17.73,-78.9,0.5485,0.2247,15,15.1,1167235.29
SMA50_200_RSI35_UPRO100_SHY_delay2_cautionFalse_vixNone,50,200,35,100,0,SHY,2,False,,1056.63,17.66,-75.73,0.5474,0.2332,15,15.1,1156631.39
SMA50_200_RSI50_UPRO100_SHY_delay2_cautionFalse_vixNone,50,200,50,100,0,SHY,2,False,,1056.63,17.66,-75.73,0.5474,0.2332,15,15.1,1156631.39
SMA50_200_RSI45_UPRO100_SHY_delay2_cautionFalse_vixNone,50,200,45,100,0,SHY,2,False,,1056.63,17.66,-75.73,0.5474,0.2332,15,15.1,1156631.39
SMA50_200_RSI40_UPRO100_SHY_delay2_cautionFalse_vixNone,50,200,40,100,0,SHY,2,False,,1056.63,17.66,-75.73,0.5474,0.2332,15,15.1,1156631.39
SMA100_200_RSI35_UPRO75_TLT_delay2_cautionFalse_vixNone,100,200,35,75,25,TLT,2,False,,4424.97,28.82,-77.47,0.5448,0.372,13,15.1,4524968.45
SMA100_200_RSI45_UPRO75_TLT_delay2_cautionFalse_vixNone,100,200,45,75,25,TLT,2,False,,4424.97,28.82,-77.47,0.5448,0.372,13,15.1,4524968.45
SMA100_200_RSI40_UPRO75_TLT_delay2_cautionFalse_vixNone,100,200,40,75,25,TLT,2,False,,4424.97,28.82,-77.47,0.5448,0.372,13,15.1,4524968.45
SMA100_200_RSI50_UPRO75_TLT_delay2_cautionFalse_vixNone,100,200,50,75,25,TLT,2,False,,4424.97,28.82,-77.47,0.5448,0.372,13,15.1,4524968.45
SMA50_200_RSI50_UPRO100_TLT_delay2_cautionFalse_vixNone,50,200,50,100,0,TLT,2,False,,977.18,17.1,-77.71,0.5387,0.2201,15,15.1,1077184.17
SMA50_200_RSI35_UPRO100_TLT_delay2_cautionFalse_vixNone,50,200,35,100,0,TLT,2,False,,977.18,17.1,-77.71,0.5387,0.2201,15,15.1,1077184.17
SMA50_200_RSI45_UPRO100_TLT_delay2_cautionFalse_vixNone,50,200,45,100,0,TLT,2,False,,977.18,17.1,-77.71,0.5387,0.2201,15,15.1,1077184.17
SMA50_200_RSI40_UPRO100_TLT_delay2_cautionFalse_vixNone,50,200,40,100,0,TLT,2,False,,977.18,17.1,-77.71,0.5387,0.2201,15,15.1,1077184.17
SMA100_200_RSI50_UPRO75_cash_delay2_cautionFalse_vixNone,100,200,50,75,25,cash,2,False,,4006.58,27.99,-74.25,0.5365,0.377,13,15.1,4106579.92
SMA100_200_RSI40_UPRO75_cash_delay2_cautionFalse_vixNone,100,200,40,75,25,cash,2,False,,4006.58,27.99,-74.25,0.5365,0.377,13,15.1,4106579.92
SMA100_200_RSI35_UPRO75_cash_delay2_cautionFalse_vixNone,100,200,35,75,25,cash,2,False,,4006.58,27.99,-74.25,0.5365,0.377,13,15.1,4106579.92
SMA100_200_RSI45_UPRO75_cash_delay2_cautionFalse_vixNone,100,200,45,75,25,cash,2,False,,4006.58,27.99,-74.25,0.5365,0.377,13,15.1,4106579.92
SMA100_200_RSI40_UPRO75_SHY_delay2_cautionFalse_vixNone,100,200,40,75,25,SHY,2,False,,3999.81,27.97,-74.25,0.5363,0.3768,13,15.1,4099805.71
SMA100_200_RSI50_UPRO75_SHY_delay2_cautionFalse_vixNone,100,200,50,75,25,SHY,2,False,,3999.81,27.97,-74.25,0.5363,0.3768,13,15.1,4099805.71
SMA100_200_RSI35_UPRO75_SHY_delay2_cautionFalse_vixNone,100,200,35,75,25,SHY,2,False,,3999.81,27.97,-74.25,0.5363,0.3768,13,15.1,4099805.71
SMA100_200_RSI45_UPRO75_SHY_delay2_cautionFalse_vixNone,100,200,45,75,25,SHY,2,False,,3999.81,27.97,-74.25,0.5363,0.3768,13,15.1,4099805.71
SMA100_200_RSI40_UPRO75_TLT_delay0_cautionFalse_vixNone,100,200,40,75,25,TLT,0,False,,3297.23,26.39,-76.63,0.523,0.3443,13,15.1,3397225.35
SMA100_200_RSI35_UPRO75_TLT_delay0_cautionFalse_vixNone,100,200,35,75,25,TLT,0,False,,3297.23,26.39,-76.63,0.523,0.3443,13,15.1,3397225.35
SMA100_200_RSI50_UPRO75_TLT_delay0_cautionFalse_vixNone,100,200,50,75,25,TLT,0,False,,3297.23,26.39,-76.63,0.523,0.3443,13,15.1,3397225.35
SMA100_200_RSI45_UPRO75_TLT_delay0_cautionFalse_vixNone,100,200,45,75,25,TLT,0,False,,3297.23,26.39,-76.63,0.523,0.3443,13,15.1,3397225.35
SMA100_200_RSI45_UPRO75_cash_delay0_cautionFalse_vixNone,100,200,45,75,25,cash,0,False,,3181.41,26.1,-74.25,0.5193,0.3515,13,15.1,3281411.46
SMA100_200_RSI35_UPRO75_cash_delay0_cautionFalse_vixNone,100,200,35,75,25,cash,0,False,,3181.41,26.1,-74.25,0.5193,0.3515,13,15.1,3281411.46
SMA100_200_RSI50_UPRO75_cash_delay0_cautionFalse_vixNone,100,200,50,75,25,cash,0,False,,3181.41,26.1,-74.25,0.5193,0.3515,13,15.1,3281411.46
SMA100_200_RSI40_UPRO75_cash_delay0_cautionFalse_vixNone,100,200,40,75,25,cash,0,False,,3181.41,26.1,-74.25,0.5193,0.3515,13,15.1,3281411.46
SMA100_200_RSI35_UPRO75_SHY_delay0_cautionFalse_vixNone,100,200,35,75,25,SHY,0,False,,3140.01,25.99,-74.25,0.5183,0.35,13,15.1,3240013.55
SMA100_200_RSI40_UPRO75_SHY_delay0_cautionFalse_vixNone,100,200,40,75,25,SHY,0,False,,3140.01,25.99,-74.25,0.5183,0.35,13,15.1,3240013.55
SMA100_200_RSI50_UPRO75_SHY_delay0_cautionFalse_vixNone,100,200,50,75,25,SHY,0,False,,3140.01,25.99,-74.25,0.5183,0.35,13,15.1,3240013.55
SMA100_200_RSI45_UPRO75_SHY_delay0_cautionFalse_vixNone,100,200,45,75,25,SHY,0,False,,3140.01,25.99,-74.25,0.5183,0.35,13,15.1,3240013.55
SMA50_200_RSI35_UPRO75_cash_delay0_cautionFalse_vixNone,50,200,35,75,25,cash,0,False,,2196.54,23.14,-75.05,0.4888,0.3083,15,15.1,2296542.58
SMA50_200_RSI50_UPRO75_cash_delay0_cautionFalse_vixNone,50,200,50,75,25,cash,0,False,,2196.54,23.14,-75.05,0.4888,0.3083,15,15.1,2296542.58
SMA50_200_RSI45_UPRO75_cash_delay0_cautionFalse_vixNone,50,200,45,75,25,cash,0,False,,2196.54,23.14,-75.05,0.4888,0.3083,15,15.1,2296542.58
SMA50_200_RSI40_UPRO75_cash_delay0_cautionFalse_vixNone,50,200,40,75,25,cash,0,False,,2196.54,23.14,-75.05,0.4888,0.3083,15,15.1,2296542.58
SMA50_200_RSI35_UPRO75_TLT_delay0_cautionFalse_vixNone,50,200,35,75,25,TLT,0,False,,2155.3,22.99,-80.04,0.4887,0.2873,15,15.1,2255299.3
SMA50_200_RSI45_UPRO75_TLT_delay0_cautionFalse_vixNone,50,200,45,75,25,TLT,0,False,,2155.3,22.99,-80.04,0.4887,0.2873,15,15.1,2255299.3
SMA50_200_RSI50_UPRO75_TLT_delay0_cautionFalse_vixNone,50,200,50,75,25,TLT,0,False,,2155.3,22.99,-80.04,0.4887,0.2873,15,15.1,2255299.3
SMA50_200_RSI40_UPRO75_TLT_delay0_cautionFalse_vixNone,50,200,40,75,25,TLT,0,False,,2155.3,22.99,-80.04,0.4887,0.2873,15,15.1,2255299.3
SMA50_200_RSI45_UPRO75_SHY_delay0_cautionFalse_vixNone,50,200,45,75,25,SHY,0,False,,2176.48,23.07,-75.82,0.4881,0.3043,15,15.1,2276479.91
SMA50_200_RSI40_UPRO75_SHY_delay0_cautionFalse_vixNone,50,200,40,75,25,SHY,0,False,,2176.48,23.07,-75.82,0.4881,0.3043,15,15.1,2276479.91
SMA50_200_RSI35_UPRO75_SHY_delay0_cautionFalse_vixNone,50,200,35,75,25,SHY,0,False,,2176.48,23.07,-75.82,0.4881,0.3043,15,15.1,2276479.91
SMA50_200_RSI50_UPRO75_SHY_delay0_cautionFalse_vixNone,50,200,50,75,25,SHY,0,False,,2176.48,23.07,-75.82,0.4881,0.3043,15,15.1,2276479.91
SMA50_200_RSI40_UPRO75_cash_delay2_cautionFalse_vixNone,50,200,40,75,25,cash,2,False,,2133.2,22.91,-74.25,0.4869,0.3086,15,15.1,2233195.02
SMA50_200_RSI45_UPRO75_cash_delay2_cautionFalse_vixNone,50,200,45,75,25,cash,2,False,,2133.2,22.91,-74.25,0.4869,0.3086,15,15.1,2233195.02
SMA50_200_RSI35_UPRO75_cash_delay2_cautionFalse_vixNone,50,200,35,75,25,cash,2,False,,2133.2,22.91,-74.25,0.4869,0.3086,15,15.1,2233195.02
SMA50_200_RSI50_UPRO75_cash_delay2_cautionFalse_vixNone,50,200,50,75,25,cash,2,False,,2133.2,22.91,-74.25,0.4869,0.3086,15,15.1,2233195.02
SMA50_200_RSI35_UPRO75_SHY_delay2_cautionFalse_vixNone,50,200,35,75,25,SHY,2,False,,2098.88,22.79,-74.93,0.4857,0.3041,15,15.1,2198875.18
SMA50_200_RSI45_UPRO75_SHY_delay2_cautionFalse_vixNone,50,200,45,75,25,SHY,2,False,,2098.88,22.79,-74.93,0.4857,0.3041,15,15.1,2198875.18
SMA50_200_RSI50_UPRO75_SHY_delay2_cautionFalse_vixNone,50,200,50,75,25,SHY,2,False,,2098.88,22.79,-74.93,0.4857,0.3041,15,15.1,2198875.18
SMA50_200_RSI40_UPRO75_SHY_delay2_cautionFalse_vixNone,50,200,40,75,25,SHY,2,False,,2098.88,22.79,-74.93,0.4857,0.3041,15,15.1,2198875.18
SMA50_200_RSI45_UPRO75_TLT_delay2_cautionFalse_vixNone,50,200,45,75,25,TLT,2,False,,1947.84,22.21,-79.01,0.4815,0.2811,15,15.1,2047837.85
SMA50_200_RSI40_UPRO75_TLT_delay2_cautionFalse_vixNone,50,200,40,75,25,TLT,2,False,,1947.84,22.21,-79.01,0.4815,0.2811,15,15.1,2047837.85
SMA50_200_RSI35_UPRO75_TLT_delay2_cautionFalse_vixNone,50,200,35,75,25,TLT,2,False,,1947.84,22.21,-79.01,0.4815,0.2811,15,15.1,2047837.85
SMA50_200_RSI50_UPRO75_TLT_delay2_cautionFalse_vixNone,50,200,50,75,25,TLT,2,False,,1947.84,22.21,-79.01,0.4815,0.2811,15,15.1,2047837.85
