variant_name,sma_fast,sma_slow,rsi_entry,upro_pct,tqqq_pct,defensive,confirm_days,bull_caution,vix_kill,total_return_pct,cagr_pct,sharpe,sortino,max_dd_pct,calmar,transitions,best_year,worst_year,year_2022_return
SMA100_200_RSI35_U100T0_CASH_C2_BC,100,200,35,100,0,CASH,2,True,False,106.07,12.82,0.5349,0.4495,-69.48,0.1845,33,2021: +104.92%,2022: -63.73%,-63.73
SMA100_200_RSI35_U100T0_SHY_C2_BC,100,200,35,100,0,SHY,2,True,False,104.54,12.68,0.5317,0.4916,-69.51,0.1824,34,2021: +104.90%,2022: -64.54%,-64.54
SMA100_200_RSI35_U100T0_CASH_C0_BC,100,200,35,100,0,CASH,0,True,False,102.22,12.47,0.527,0.4435,-69.48,0.1794,33,2021: +104.92%,2022: -63.73%,-63.73
SMA100_200_RSI35_U100T0_SHY_C0_BC,100,200,35,100,0,SHY,0,True,False,101.34,12.39,0.5251,0.4857,-69.51,0.1782,33,2021: +104.90%,2022: -64.54%,-64.54
SMA100_200_RSI35_U100T0_CASH_C2_noBC,100,200,35,100,0,CASH,2,False,False,76.21,9.91,0.4724,0.3846,-71.46,0.1387,33,2021: +102.01%,2022: -66.07%,-66.07
SMA100_200_RSI35_U100T0_SHY_C2_noBC,100,200,35,100,0,SHY,2,False,False,75.1,9.8,0.4696,0.4255,-71.51,0.137,34,2021: +101.96%,2022: -66.87%,-66.87
SMA100_200_RSI40_U100T0_CASH_C2_BC,100,200,40,100,0,CASH,2,True,False,73.23,9.6,0.4645,0.3832,-68.23,0.1407,59,2021: +96.67%,2022: -63.25%,-63.25
SMA100_200_RSI35_U100T0_CASH_C0_noBC,100,200,35,100,0,CASH,0,False,False,72.92,9.57,0.4643,0.3785,-71.46,0.1339,33,2021: +102.01%,2022: -66.07%,-66.07
SMA100_200_RSI35_U100T0_SHY_C0_noBC,100,200,35,100,0,SHY,0,False,False,72.37,9.51,0.4629,0.4196,-71.51,0.133,33,2021: +101.96%,2022: -66.87%,-66.87
SMA100_200_RSI40_U100T0_SHY_C2_BC,100,200,40,100,0,SHY,2,True,False,71.94,9.46,0.4613,0.4195,-68.31,0.1386,60,2021: +96.72%,2022: -64.11%,-64.11
SMA100_200_RSI40_U100T0_CASH_C0_BC,100,200,40,100,0,CASH,0,True,False,70.0,9.26,0.4565,0.3771,-68.23,0.1357,59,2021: +96.67%,2022: -63.25%,-63.25
SMA100_200_RSI40_U100T0_SHY_C0_BC,100,200,40,100,0,SHY,0,True,False,69.26,9.18,0.4546,0.4136,-68.31,0.1344,59,2021: +96.72%,2022: -64.11%,-64.11
SMA100_200_RSI35_U100T0_TLT_C2_BC,100,200,35,100,0,TLT,2,True,False,69.24,9.18,0.452,0.441,-71.92,0.1276,34,2021: +105.57%,2022: -69.80%,-69.8
SMA100_200_RSI35_U100T0_TLT_C0_BC,100,200,35,100,0,TLT,0,True,False,67.26,8.96,0.4472,0.4364,-71.92,0.1246,33,2021: +105.57%,2022: -69.80%,-69.8
SMA100_200_RSI35_U75T25_CASH_C2_BC,100,200,35,75,25,CASH,2,True,False,57.77,7.9,0.4256,0.3578,-71.94,0.1099,149,2021: +92.44%,2022: -66.41%,-66.41
SMA100_200_RSI35_U75T25_SHY_C2_BC,100,200,35,75,25,SHY,2,True,False,56.6,7.77,0.4226,0.39,-71.97,0.108,150,2021: +92.42%,2022: -67.17%,-67.17
SMA100_200_RSI35_U75T25_CASH_C0_BC,100,200,35,75,25,CASH,0,True,False,54.32,7.51,0.4169,0.351,-71.94,0.1044,149,2021: +92.44%,2022: -66.41%,-66.41
SMA100_200_RSI35_U75T25_SHY_C0_BC,100,200,35,75,25,SHY,0,True,False,53.65,7.43,0.4153,0.3834,-71.97,0.1032,149,2021: +92.42%,2022: -67.17%,-67.17
SMA100_200_RSI45_U100T0_CASH_C2_BC,100,200,45,100,0,CASH,2,True,False,44.26,6.3,0.3868,0.3104,-68.62,0.0919,93,2021: +58.88%,2022: -64.22%,-64.22
SMA100_200_RSI45_U100T0_SHY_C2_BC,100,200,45,100,0,SHY,2,True,False,43.18,6.17,0.3834,0.3402,-68.72,0.0898,94,2021: +58.38%,2022: -65.20%,-65.2
SMA50_200_RSI35_U100T0_CASH_C2_BC,50,200,35,100,0,CASH,2,True,False,41.69,5.99,0.3793,0.3172,-73.14,0.0818,35,2021: +104.92%,2022: -67.61%,-67.61
SMA100_200_RSI45_U100T0_CASH_C0_BC,100,200,45,100,0,CASH,0,True,False,41.56,5.97,0.3783,0.304,-68.62,0.087,93,2021: +58.88%,2022: -64.22%,-64.22
SMA100_200_RSI45_U100T0_SHY_C0_BC,100,200,45,100,0,SHY,0,True,False,40.94,5.89,0.3763,0.334,-68.72,0.0858,93,2021: +58.38%,2022: -65.20%,-65.2
SMA100_200_RSI40_U100T0_TLT_C2_BC,100,200,40,100,0,TLT,2,True,False,39.47,5.71,0.3728,0.3582,-72.14,0.0791,60,2021: +97.36%,2022: -70.03%,-70.03
SMA50_200_RSI35_U100T0_CASH_C0_BC,50,200,35,100,0,CASH,0,True,False,39.04,5.65,0.3714,0.3109,-73.14,0.0773,35,2021: +104.92%,2022: -67.61%,-67.61
SMA100_200_RSI40_U100T0_TLT_C0_BC,100,200,40,100,0,TLT,0,True,False,37.84,5.5,0.3679,0.3536,-72.14,0.0763,59,2021: +97.36%,2022: -70.03%,-70.03
SMA50_200_RSI35_U100T0_SHY_C2_BC,50,200,35,100,0,SHY,2,True,False,36.85,5.37,0.3647,0.3345,-74.02,0.0726,36,2021: +104.90%,2022: -68.78%,-68.78
SMA100_200_RSI35_U75T25_CASH_C2_noBC,100,200,35,75,25,CASH,2,False,False,34.9,5.12,0.3635,0.2966,-73.75,0.0694,149,2021: +89.71%,2022: -68.59%,-68.59
SMA100_200_RSI35_U75T25_SHY_C2_noBC,100,200,35,75,25,SHY,2,False,False,34.05,5.01,0.361,0.3271,-73.8,0.0679,150,2021: +89.66%,2022: -69.32%,-69.32
SMA100_200_RSI35_U100T0_TLT_C2_noBC,100,200,35,100,0,TLT,2,False,False,35.01,5.14,0.3595,0.3449,-73.88,0.0695,34,2021: +103.33%,2022: -71.90%,-71.9
SMA50_200_RSI35_U100T0_SHY_C0_BC,50,200,35,100,0,SHY,0,True,False,34.72,5.1,0.3581,0.3286,-74.02,0.0689,35,2021: +104.90%,2022: -68.78%,-68.78
SMA100_200_RSI40_U75T25_CASH_C2_BC,100,200,40,75,25,CASH,2,True,False,32.85,4.85,0.357,0.2944,-70.71,0.0686,175,2021: +85.70%,2022: -66.08%,-66.08
SMA100_200_RSI35_U100T0_CASH_C2_BC_VIX35,100,200,35,100,0,CASH,2,True,35,34.35,5.05,0.3569,0.2925,-70.51,0.0716,41,2021: +94.84%,2022: -64.94%,-64.94
SMA100_200_RSI35_U75T25_CASH_C0_noBC,100,200,35,75,25,CASH,0,False,False,31.95,4.73,0.3547,0.2898,-73.75,0.0642,149,2021: +89.71%,2022: -68.59%,-68.59
SMA100_200_RSI35_U100T0_TLT_C0_noBC,100,200,35,100,0,TLT,0,False,False,33.43,4.93,0.3546,0.3403,-73.88,0.0667,33,2021: +103.33%,2022: -71.90%,-71.9
SMA100_200_RSI40_U75T25_SHY_C2_BC,100,200,40,75,25,SHY,2,True,False,31.86,4.72,0.3541,0.3212,-70.78,0.0667,176,2021: +85.75%,2022: -66.88%,-66.88
SMA100_200_RSI35_U75T25_SHY_C0_noBC,100,200,35,75,25,SHY,0,False,False,31.53,4.68,0.3535,0.3204,-73.8,0.0634,149,2021: +89.66%,2022: -69.32%,-69.32
SMA100_200_RSI35_U100T0_CASH_C2_noBC_VIX35,100,200,35,100,0,CASH,2,False,35,33.43,4.93,0.3535,0.2856,-71.46,0.069,39,2021: +92.07%,2022: -66.07%,-66.07
SMA100_200_RSI35_U100T0_SHY_C2_BC_VIX35,100,200,35,100,0,SHY,2,True,35,33.25,4.91,0.3534,0.3188,-70.49,0.0696,42,2021: +94.82%,2022: -65.69%,-65.69
SMA100_200_RSI35_U75T25_TLT_C2_BC,100,200,35,75,25,TLT,2,True,False,29.58,4.42,0.3503,0.3405,-74.05,0.0597,150,2021: +93.05%,2022: -72.03%,-72.03
SMA100_200_RSI35_U100T0_SHY_C2_noBC_VIX35,100,200,35,100,0,SHY,2,False,35,32.4,4.79,0.3502,0.3145,-71.43,0.0671,42,2021: +92.03%,2022: -66.78%,-66.78
SMA100_200_RSI35_U100T0_CASH_C0_BC_VIX35,100,200,35,100,0,CASH,0,True,35,31.84,4.72,0.3489,0.2863,-70.51,0.067,41,2021: +94.84%,2022: -64.94%,-64.94
SMA100_200_RSI40_U75T25_CASH_C0_BC,100,200,40,75,25,CASH,0,True,False,29.94,4.47,0.3482,0.2875,-70.71,0.0632,175,2021: +85.70%,2022: -66.08%,-66.08
SMA100_200_RSI35_U100T0_SHY_C0_BC_VIX35,100,200,35,100,0,SHY,0,True,35,31.17,4.63,0.3467,0.3129,-70.49,0.0657,41,2021: +94.82%,2022: -65.69%,-65.69
SMA100_200_RSI40_U75T25_SHY_C0_BC,100,200,40,75,25,SHY,0,True,False,29.38,4.39,0.3465,0.3145,-70.78,0.062,175,2021: +85.75%,2022: -66.88%,-66.88
SMA100_200_RSI35_U100T0_CASH_C0_noBC_VIX35,100,200,35,100,0,CASH,0,False,35,30.94,4.6,0.3454,0.2794,-71.46,0.0644,39,2021: +92.07%,2022: -66.07%,-66.07
SMA100_200_RSI35_U75T25_TLT_C0_BC,100,200,35,75,25,TLT,0,True,False,27.64,4.16,0.3445,0.335,-74.05,0.0561,149,2021: +93.05%,2022: -72.03%,-72.03
SMA100_200_RSI35_U100T0_SHY_C0_noBC_VIX35,100,200,35,100,0,SHY,0,False,35,30.34,4.52,0.3434,0.3086,-71.43,0.0633,41,2021: +92.03%,2022: -66.78%,-66.78
SMA50_200_RSI40_U100T0_CASH_C2_BC,50,200,40,100,0,CASH,2,True,False,27.2,4.1,0.3327,0.2746,-71.96,0.0569,59,2021: +96.67%,2022: -66.51%,-66.51
SMA100_200_RSI50_U100T0_CASH_C2_BC,100,200,50,100,0,CASH,2,True,False,26.19,3.96,0.325,0.2554,-65.15,0.0607,117,2021: +40.50%,2022: -60.38%,-60.38
SMA50_200_RSI40_U100T0_CASH_C0_BC,50,200,40,100,0,CASH,0,True,False,24.82,3.77,0.3246,0.2683,-71.96,0.0524,59,2021: +96.67%,2022: -66.51%,-66.51
SMA100_200_RSI50_U100T0_SHY_C2_BC,100,200,50,100,0,SHY,2,True,False,25.33,3.84,0.3218,0.2807,-65.38,0.0587,118,2024: +40.65%,2022: -61.42%,-61.42
SMA50_200_RSI40_U100T0_SHY_C2_BC,50,200,40,100,0,SHY,2,True,False,23.46,3.58,0.3199,0.2902,-72.79,0.0492,60,2021: +96.72%,2022: -67.72%,-67.72
SMA100_200_RSI50_U100T0_CASH_C0_BC,100,200,50,100,0,CASH,0,True,False,23.83,3.63,0.3161,0.2488,-65.15,0.0557,117,2021: +40.50%,2022: -60.38%,-60.38
SMA100_200_RSI40_U100T0_CASH_C2_noBC,100,200,40,100,0,CASH,2,False,False,22.51,3.45,0.3151,0.2475,-69.25,0.0498,59,2021: +85.97%,2022: -65.30%,-65.3
SMA100_200_RSI50_U100T0_SHY_C0_BC,100,200,50,100,0,SHY,0,True,False,23.38,3.57,0.3144,0.2743,-65.38,0.0546,117,2024: +40.65%,2022: -61.42%,-61.42
SMA50_200_RSI40_U100T0_SHY_C0_BC,50,200,40,100,0,SHY,0,True,False,21.54,3.31,0.3132,0.2842,-72.79,0.0454,59,2021: +96.72%,2022: -67.72%,-67.72
SMA100_200_RSI40_U100T0_SHY_C2_noBC,100,200,40,100,0,SHY,2,False,False,21.74,3.34,0.3123,0.277,-69.37,0.0481,60,2021: +86.06%,2022: -66.18%,-66.18
SMA100_200_RSI40_U100T0_CASH_C0_noBC,100,200,40,100,0,CASH,0,False,False,20.22,3.12,0.3068,0.2413,-69.25,0.0451,59,2021: +85.97%,2022: -65.30%,-65.3
SMA100_200_RSI40_U100T0_SHY_C0_noBC,100,200,40,100,0,SHY,0,False,False,19.84,3.07,0.3054,0.2709,-69.37,0.0442,59,2021: +86.06%,2022: -66.18%,-66.18
SMA50_200_RSI35_U100T0_CASH_C2_noBC,50,200,35,100,0,CASH,2,False,False,18.68,2.9,0.3027,0.245,-75.39,0.0385,35,2021: +102.01%,2022: -69.71%,-69.71
SMA100_200_RSI45_U75T25_CASH_C2_BC,100,200,45,75,25,CASH,2,True,False,15.79,2.48,0.2963,0.2373,-70.88,0.0349,207,2023: +59.63%,2022: -66.89%,-66.89
SMA50_200_RSI35_U100T0_CASH_C0_noBC,50,200,35,100,0,CASH,0,False,False,16.47,2.58,0.2945,0.2387,-75.39,0.0342,35,2021: +102.01%,2022: -69.71%,-69.71
SMA100_200_RSI45_U100T0_TLT_C2_BC,100,200,45,100,0,TLT,2,True,False,16.7,2.61,0.294,0.276,-74.47,0.035,94,2023: +57.77%,2022: -71.49%,-71.49
SMA100_200_RSI45_U75T25_SHY_C2_BC,100,200,45,75,25,SHY,2,True,False,14.92,2.35,0.2932,0.2593,-70.98,0.0331,208,2023: +61.80%,2022: -67.79%,-67.79
SMA100_200_RSI35_U100T0_TLT_C2_BC_VIX35,100,200,35,100,0,TLT,2,True,35,14.87,2.34,0.2924,0.2782,-72.48,0.0323,42,2021: +95.46%,2022: -70.39%,-70.39
SMA50_200_RSI35_U100T0_SHY_C2_noBC,50,200,35,100,0,SHY,2,False,False,15.12,2.38,0.2895,0.2602,-76.15,0.0312,36,2021: +101.96%,2022: -70.82%,-70.82
SMA100_200_RSI45_U100T0_TLT_C0_BC,100,200,45,100,0,TLT,0,True,False,15.33,2.41,0.2888,0.2713,-74.47,0.0323,93,2023: +57.77%,2022: -71.49%,-71.49
SMA100_200_RSI35_U100T0_TLT_C0_BC_VIX35,100,200,35,100,0,TLT,0,True,35,13.52,2.14,0.2875,0.2736,-72.48,0.0295,41,2021: +95.46%,2022: -70.39%,-70.39
SMA100_200_RSI45_U75T25_CASH_C0_BC,100,200,45,75,25,CASH,0,True,False,13.26,2.1,0.287,0.2302,-70.88,0.0296,207,2023: +59.63%,2022: -66.89%,-66.89
SMA100_200_RSI40_U100T0_CASH_C2_BC_VIX35,100,200,40,100,0,CASH,2,True,35,14.62,2.3,0.2869,0.2307,-69.3,0.0332,66,2021: +87.00%,2022: -64.48%,-64.48
SMA100_200_RSI45_U75T25_SHY_C0_BC,100,200,45,75,25,SHY,0,True,False,12.76,2.02,0.2852,0.2524,-70.98,0.0285,207,2023: +61.80%,2022: -67.79%,-67.79
SMA50_200_RSI35_U100T0_SHY_C0_noBC,50,200,35,100,0,SHY,0,False,False,13.32,2.11,0.2828,0.2542,-76.15,0.0277,35,2021: +101.96%,2022: -70.82%,-70.82
SMA100_200_RSI40_U100T0_SHY_C2_BC_VIX35,100,200,40,100,0,SHY,2,True,35,13.52,2.14,0.2828,0.2508,-69.33,0.0308,67,2021: +87.04%,2022: -65.27%,-65.27
SMA50_200_RSI35_U75T25_CASH_C2_BC,50,200,35,75,25,CASH,2,True,False,9.85,1.58,0.2825,0.2356,-74.66,0.0212,152,2021: +92.44%,2022: -69.78%,-69.78
SMA100_200_RSI40_U100T0_CASH_C0_BC_VIX35,100,200,40,100,0,CASH,0,True,35,12.48,1.98,0.2787,0.2244,-69.3,0.0286,66,2021: +87.00%,2022: -64.48%,-64.48
SMA100_200_RSI40_U100T0_SHY_C0_BC_VIX35,100,200,40,100,0,SHY,0,True,35,11.75,1.87,0.276,0.2448,-69.33,0.027,66,2021: +87.04%,2022: -65.27%,-65.27
SMA100_200_RSI35_U100T0_TLT_C2_noBC_VIX35,100,200,35,100,0,TLT,2,False,35,10.6,1.7,0.2756,0.2615,-73.12,0.0232,42,2021: +93.32%,2022: -71.08%,-71.08
SMA50_200_RSI35_U75T25_CASH_C0_BC,50,200,35,75,25,CASH,0,True,False,7.45,1.21,0.2738,0.2286,-74.66,0.0162,152,2021: +92.44%,2022: -69.78%,-69.78
SMA100_200_RSI40_U75T25_TLT_C2_BC,100,200,40,75,25,TLT,2,True,False,6.96,1.13,0.2735,0.2617,-74.33,0.0152,176,2021: +86.35%,2022: -72.33%,-72.33
SMA100_200_RSI35_U100T0_TLT_C0_noBC_VIX35,100,200,35,100,0,TLT,0,False,35,9.3,1.5,0.2707,0.2569,-73.12,0.0205,41,2021: +93.32%,2022: -71.08%,-71.08
SMA100_200_RSI50_U75T25_CASH_C2_BC,100,200,50,75,25,CASH,2,True,False,10.89,1.74,0.269,0.2139,-67.57,0.0257,231,2023: +40.49%,2022: -62.75%,-62.75
SMA50_200_RSI35_U75T25_SHY_C2_BC,50,200,35,75,25,SHY,2,True,False,6.1,0.99,0.2688,0.2455,-75.45,0.0132,153,2021: +92.42%,2022: -70.87%,-70.87
SMA100_200_RSI40_U75T25_TLT_C0_BC,100,200,40,75,25,TLT,0,True,False,5.36,0.88,0.2676,0.2561,-74.33,0.0118,175,2021: +86.35%,2022: -72.33%,-72.33
SMA100_200_RSI50_U75T25_SHY_C2_BC,100,200,50,75,25,SHY,2,True,False,10.14,1.62,0.266,0.2341,-67.78,0.024,232,2023: +42.02%,2022: -63.73%,-63.73
SMA50_200_RSI35_U75T25_SHY_C0_BC,50,200,35,75,25,SHY,0,True,False,4.11,0.67,0.2613,0.2388,-75.45,0.0089,152,2021: +92.42%,2022: -70.87%,-70.87
SMA100_200_RSI35_U75T25_TLT_C2_noBC,100,200,35,75,25,TLT,2,False,False,3.36,0.55,0.2606,0.2495,-75.86,0.0073,150,2021: +90.94%,2022: -73.98%,-73.98
SMA100_200_RSI50_U75T25_CASH_C0_BC,100,200,50,75,25,CASH,0,True,False,8.46,1.37,0.2591,0.2062,-67.57,0.0202,231,2023: +40.49%,2022: -62.75%,-62.75
SMA100_200_RSI50_U75T25_SHY_C0_BC,100,200,50,75,25,SHY,0,True,False,8.07,1.3,0.2575,0.2267,-67.78,0.0192,231,2023: +42.02%,2022: -63.73%,-63.73
SMA100_200_RSI35_U75T25_CASH_C2_BC_VIX35,100,200,35,75,25,CASH,2,True,35,2.69,0.44,0.2551,0.2095,-72.88,0.0061,157,2021: +83.37%,2022: -67.54%,-67.54
SMA100_200_RSI35_U75T25_TLT_C0_noBC,100,200,35,75,25,TLT,0,False,False,1.81,0.3,0.2548,0.2439,-75.86,0.004,149,2021: +90.94%,2022: -73.98%,-73.98
SMA100_200_RSI35_U75T25_SHY_C2_BC_VIX35,100,200,35,75,25,SHY,2,True,35,1.85,0.31,0.2519,0.2272,-72.87,0.0042,158,2021: +83.35%,2022: -68.23%,-68.23
SMA100_200_RSI35_U75T25_CASH_C2_noBC_VIX35,100,200,35,75,25,CASH,2,False,35,1.98,0.33,0.2508,0.203,-73.75,0.0044,155,2021: +80.76%,2022: -68.59%,-68.59
SMA100_200_RSI35_U75T25_SHY_C2_noBC_VIX35,100,200,35,75,25,SHY,2,False,35,1.2,0.2,0.2478,0.2225,-73.73,0.0027,158,2021: +80.72%,2022: -69.24%,-69.24
SMA100_200_RSI35_U75T25_CASH_C0_BC_VIX35,100,200,35,75,25,CASH,0,True,35,0.45,0.07,0.2463,0.2026,-72.88,0.001,157,2021: +83.37%,2022: -67.54%,-67.54
SMA50_200_RSI35_U100T0_TLT_C2_BC,50,200,35,100,0,TLT,2,True,False,2.47,0.41,0.2462,0.2373,-79.59,0.0051,36,2021: +105.57%,2022: -76.10%,-76.1
SMA100_200_RSI35_U75T25_SHY_C0_BC_VIX35,100,200,35,75,25,SHY,0,True,35,-0.06,-0.01,0.2444,0.2205,-72.87,-0.0001,157,2021: +83.35%,2022: -68.23%,-68.23
SMA100_200_RSI35_U75T25_CASH_C0_noBC_VIX35,100,200,35,75,25,CASH,0,False,35,-0.25,-0.04,0.2419,0.1961,-73.75,-0.0006,155,2021: +80.76%,2022: -68.59%,-68.59
SMA50_200_RSI35_U100T0_TLT_C0_BC,50,200,35,100,0,TLT,0,True,False,1.27,0.21,0.2413,0.2327,-79.59,0.0026,35,2021: +105.57%,2022: -76.10%,-76.1
SMA100_200_RSI45_U100T0_CASH_C2_BC_VIX35,100,200,45,100,0,CASH,2,True,35,4.61,0.76,0.2405,0.1887,-69.54,0.0109,99,2021: +54.88%,2022: -65.42%,-65.42
SMA100_200_RSI35_U75T25_SHY_C0_noBC_VIX35,100,200,35,75,25,SHY,0,False,35,-0.71,-0.12,0.2402,0.2157,-73.73,-0.0016,157,2021: +80.72%,2022: -69.24%,-69.24
SMA50_200_RSI45_U100T0_CASH_C2_BC,50,200,45,100,0,CASH,2,True,False,3.03,0.5,0.2357,0.1896,-73.57,0.0068,94,2021: +58.88%,2022: -66.54%,-66.54
SMA50_200_RSI40_U75T25_CASH_C2_BC,50,200,40,75,25,CASH,2,True,False,-1.64,-0.28,0.2349,0.1932,-73.49,-0.0037,176,2021: +85.70%,2022: -68.89%,-68.89
SMA100_200_RSI45_U100T0_SHY_C2_BC_VIX35,100,200,45,100,0,SHY,2,True,35,3.19,0.53,0.2344,0.2034,-69.78,0.0075,100,2023: +56.49%,2022: -66.42%,-66.42
SMA50_200_RSI35_U100T0_CASH_C2_BC_VIX35,50,200,35,100,0,CASH,2,True,35,0.92,0.15,0.2335,0.1907,-74.04,0.0021,41,2021: +94.84%,2022: -68.70%,-68.7
SMA100_200_RSI45_U100T0_CASH_C0_BC_VIX35,100,200,45,100,0,CASH,0,True,35,2.66,0.44,0.2319,0.1822,-69.54,0.0063,99,2021: +54.88%,2022: -65.42%,-65.42
SMA100_200_RSI50_U100T0_TLT_C2_BC,100,200,50,100,0,TLT,2,True,False,1.94,0.32,0.229,0.2109,-72.13,0.0045,118,2024: +43.37%,2022: -68.52%,-68.52
SMA50_200_RSI45_U100T0_CASH_C0_BC,50,200,45,100,0,CASH,0,True,False,1.11,0.18,0.2273,0.1831,-73.57,0.0025,94,2021: +58.88%,2022: -66.54%,-66.54
SMA100_200_RSI45_U100T0_SHY_C0_BC_VIX35,100,200,45,100,0,SHY,0,True,35,1.58,0.26,0.2272,0.1972,-69.78,0.0038,99,2023: +56.49%,2022: -66.42%,-66.42
SMA50_200_RSI40_U75T25_CASH_C0_BC,50,200,40,75,25,CASH,0,True,False,-3.79,-0.64,0.226,0.1861,-73.49,-0.0087,176,2021: +85.70%,2022: -68.89%,-68.89
SMA50_200_RSI35_U100T0_CASH_C0_BC_VIX35,50,200,35,100,0,CASH,0,True,35,-0.97,-0.16,0.2254,0.1844,-74.04,-0.0022,41,2021: +94.84%,2022: -68.70%,-68.7
SMA100_200_RSI50_U100T0_TLT_C0_BC,100,200,50,100,0,TLT,0,True,False,0.75,0.12,0.2237,0.2061,-72.13,0.0017,117,2024: +43.37%,2022: -68.52%,-68.52
SMA50_200_RSI45_U100T0_SHY_C2_BC,50,200,45,100,0,SHY,2,True,False,0.17,0.03,0.2231,0.1977,-74.39,0.0004,95,2021: +58.38%,2022: -67.83%,-67.83
SMA50_200_RSI40_U75T25_SHY_C2_BC,50,200,40,75,25,SHY,2,True,False,-4.52,-0.77,0.223,0.2013,-74.23,-0.0104,177,2021: +85.75%,2022: -70.01%,-70.01
SMA50_200_RSI35_U100T0_CASH_C2_noBC_VIX35,50,200,35,100,0,CASH,2,False,35,-1.82,-0.31,0.2198,0.1769,-75.39,-0.0041,39,2021: +92.07%,2022: -69.71%,-69.71
SMA50_200_RSI35_U100T0_SHY_C2_BC_VIX35,50,200,35,100,0,SHY,2,True,35,-3.06,-0.52,0.2163,0.1939,-74.86,-0.0069,43,2021: +94.82%,2022: -69.78%,-69.78
SMA100_200_RSI40_U100T0_TLT_C2_BC_VIX35,100,200,40,100,0,TLT,2,True,35,-3.46,-0.59,0.2162,0.2024,-72.69,-0.0081,67,2021: +87.65%,2022: -70.62%,-70.62
SMA50_200_RSI45_U100T0_SHY_C0_BC,50,200,45,100,0,SHY,0,True,False,-1.39,-0.23,0.2161,0.1915,-74.39,-0.0031,94,2021: +58.38%,2022: -67.83%,-67.83
SMA50_200_RSI40_U75T25_SHY_C0_BC,50,200,40,75,25,SHY,0,True,False,-6.32,-1.08,0.2153,0.1944,-74.23,-0.0146,176,2021: +85.75%,2022: -70.01%,-70.01
SMA100_200_RSI40_U75T25_CASH_C2_noBC,100,200,40,75,25,CASH,2,False,False,-6.09,-1.04,0.2126,0.1672,-71.65,-0.0145,175,2021: +75.59%,2022: -67.97%,-67.97
SMA50_200_RSI35_U100T0_CASH_C0_noBC_VIX35,50,200,35,100,0,CASH,0,False,35,-3.66,-0.62,0.2116,0.1705,-75.39,-0.0082,39,2021: +92.07%,2022: -69.71%,-69.71
SMA100_200_RSI45_U75T25_TLT_C2_BC,100,200,45,75,25,TLT,2,True,False,-6.33,-1.09,0.2114,0.1974,-76.63,-0.0142,208,2023: +63.12%,2022: -73.61%,-73.61
SMA100_200_RSI40_U100T0_TLT_C0_BC_VIX35,100,200,40,100,0,TLT,0,True,35,-4.59,-0.78,0.2112,0.1978,-72.69,-0.0108,66,2021: +87.65%,2022: -70.62%,-70.62
SMA100_200_RSI40_U75T25_SHY_C2_noBC,100,200,40,75,25,SHY,2,False,False,-6.68,-1.15,0.2101,0.1862,-71.76,-0.016,176,2021: +75.68%,2022: -68.78%,-68.78
SMA50_200_RSI35_U100T0_SHY_C0_BC_VIX35,50,200,35,100,0,SHY,0,True,35,-4.57,-0.78,0.2096,0.1879,-74.86,-0.0104,42,2021: +94.82%,2022: -69.78%,-69.78
SMA50_200_RSI35_U75T25_CASH_C2_noBC,50,200,35,75,25,CASH,2,False,False,-7.99,-1.38,0.2075,0.1678,-76.56,-0.018,152,2021: +89.71%,2022: -71.74%,-71.74
SMA100_200_RSI45_U75T25_TLT_C0_BC,100,200,45,75,25,TLT,0,True,False,-7.73,-1.33,0.2052,0.1917,-76.63,-0.0174,207,2023: +63.12%,2022: -73.61%,-73.61
SMA50_200_RSI50_U100T0_CASH_C2_BC,50,200,50,100,0,CASH,2,True,False,-2.14,-0.36,0.2051,0.1617,-69.23,-0.0052,117,2021: +40.50%,2022: -62.34%,-62.34
SMA100_200_RSI40_U100T0_CASH_C2_noBC_VIX35,100,200,40,100,0,CASH,2,False,35,-4.44,-0.75,0.2043,0.1594,-69.25,-0.0109,63,2021: +76.82%,2022: -65.30%,-65.3
SMA50_200_RSI35_U100T0_SHY_C2_noBC_VIX35,50,200,35,100,0,SHY,2,False,35,-5.35,-0.91,0.204,0.1821,-76.08,-0.012,43,2021: +92.03%,2022: -70.74%,-70.74
SMA100_200_RSI40_U75T25_CASH_C0_noBC,100,200,40,75,25,CASH,0,False,False,-8.14,-1.41,0.2035,0.1603,-71.65,-0.0196,175,2021: +75.59%,2022: -67.97%,-67.97
SMA100_200_RSI40_U75T25_SHY_C0_noBC,100,200,40,75,25,SHY,0,False,False,-8.43,-1.46,0.2023,0.1794,-71.76,-0.0203,175,2021: +75.68%,2022: -68.78%,-68.78
SMA100_200_RSI40_U100T0_SHY_C2_noBC_VIX35,100,200,40,100,0,SHY,2,False,35,-5.43,-0.93,0.1998,0.1757,-69.29,-0.0134,67,2021: +76.90%,2022: -66.09%,-66.09
SMA50_200_RSI40_U100T0_CASH_C2_noBC,50,200,40,100,0,CASH,2,False,False,-5.6,-0.96,0.1988,0.1563,-73.89,-0.013,59,2021: +85.97%,2022: -67.70%,-67.7
SMA50_200_RSI35_U75T25_CASH_C0_noBC,50,200,35,75,25,CASH,0,False,False,-10.0,-1.74,0.1986,0.1608,-76.56,-0.0228,152,2021: +89.71%,2022: -71.74%,-71.74
SMA50_200_RSI35_U100T0_SHY_C0_noBC_VIX35,50,200,35,100,0,SHY,0,False,35,-6.83,-1.17,0.1972,0.1761,-76.08,-0.0154,42,2021: +92.03%,2022: -70.74%,-70.74
SMA100_200_RSI35_U75T25_TLT_C2_BC_VIX35,100,200,35,75,25,TLT,2,True,35,-12.2,-2.15,0.1968,0.1868,-74.56,-0.0288,158,2021: +83.95%,2022: -72.59%,-72.59
SMA50_200_RSI40_U100T0_TLT_C2_BC,50,200,40,100,0,TLT,2,True,False,-8.37,-1.45,0.1966,0.1874,-78.66,-0.0184,60,2021: +97.36%,2022: -75.49%,-75.49
SMA50_200_RSI50_U100T0_CASH_C0_BC,50,200,50,100,0,CASH,0,True,False,-3.97,-0.67,0.1962,0.155,-69.23,-0.0097,117,2021: +40.50%,2022: -62.34%,-62.34
SMA100_200_RSI40_U100T0_CASH_C0_noBC_VIX35,100,200,40,100,0,CASH,0,False,35,-6.22,-1.07,0.196,0.1531,-69.25,-0.0154,63,2021: +76.82%,2022: -65.30%,-65.3
SMA50_200_RSI35_U75T25_SHY_C2_noBC,50,200,35,75,25,SHY,2,False,False,-10.75,-1.88,0.1953,0.1751,-77.27,-0.0243,153,2021: +89.66%,2022: -72.78%,-72.78
SMA100_200_RSI40_U100T0_SHY_C0_noBC_VIX35,100,200,40,100,0,SHY,0,False,35,-6.91,-1.19,0.1929,0.1697,-69.29,-0.0171,66,2021: +76.90%,2022: -66.09%,-66.09
SMA50_200_RSI40_U100T0_TLT_C0_BC,50,200,40,100,0,TLT,0,True,False,-9.45,-1.64,0.1917,0.1828,-78.66,-0.0209,59,2021: +97.36%,2022: -75.49%,-75.49
SMA50_200_RSI50_U100T0_SHY_C2_BC,50,200,50,100,0,SHY,2,True,False,-4.93,-0.84,0.1915,0.1671,-70.27,-0.012,118,2024: +40.65%,2022: -63.80%,-63.8
SMA100_200_RSI35_U75T25_TLT_C0_BC_VIX35,100,200,35,75,25,TLT,0,True,35,-13.51,-2.39,0.1909,0.1813,-74.56,-0.0321,157,2021: +83.95%,2022: -72.59%,-72.59
SMA50_200_RSI40_U100T0_CASH_C0_noBC,50,200,40,100,0,CASH,0,False,False,-7.36,-1.27,0.1904,0.15,-73.89,-0.0172,59,2021: +85.97%,2022: -67.70%,-67.7
SMA50_200_RSI40_U100T0_SHY_C2_noBC,50,200,40,100,0,SHY,2,False,False,-7.52,-1.3,0.1898,0.168,-74.54,-0.0174,60,2021: +86.06%,2022: -68.90%,-68.9
SMA50_200_RSI40_U100T0_CASH_C2_BC_VIX35,50,200,40,100,0,CASH,2,True,35,-8.06,-1.39,0.1895,0.1528,-72.9,-0.0191,64,2021: +87.00%,2022: -67.63%,-67.63
SMA50_200_RSI35_U75T25_SHY_C0_noBC,50,200,35,75,25,SHY,0,False,False,-12.43,-2.19,0.1876,0.1683,-77.27,-0.0283,152,2021: +89.66%,2022: -72.78%,-72.78
SMA100_200_RSI40_U100T0_TLT_C2_noBC,100,200,40,100,0,TLT,2,False,False,-9.61,-1.67,0.1865,0.1758,-74.38,-0.0225,60,2021: +87.28%,2022: -72.44%,-72.44
SMA50_200_RSI50_U100T0_SHY_C0_BC,50,200,50,100,0,SHY,0,True,False,-6.41,-1.1,0.1841,0.1607,-70.27,-0.0156,117,2024: +40.65%,2022: -63.80%,-63.8
SMA50_200_RSI40_U100T0_SHY_C0_noBC,50,200,40,100,0,SHY,0,False,False,-8.97,-1.56,0.1828,0.1619,-74.54,-0.0209,59,2021: +86.06%,2022: -68.90%,-68.9
SMA100_200_RSI40_U100T0_TLT_C0_noBC,100,200,40,100,0,TLT,0,False,False,-10.67,-1.87,0.1815,0.1712,-74.38,-0.0251,59,2021: +87.28%,2022: -72.44%,-72.44
SMA50_200_RSI40_U100T0_CASH_C0_BC_VIX35,50,200,40,100,0,CASH,0,True,35,-9.78,-1.7,0.1813,0.1463,-72.9,-0.0234,64,2021: +87.00%,2022: -67.63%,-67.63
SMA100_200_RSI40_U75T25_CASH_C2_BC_VIX35,100,200,40,75,25,CASH,2,True,35,-13.41,-2.37,0.1812,0.1459,-71.69,-0.0331,182,2021: +76.95%,2022: -67.21%,-67.21
SMA100_200_RSI35_U75T25_TLT_C2_noBC_VIX35,100,200,35,75,25,TLT,2,False,35,-15.47,-2.77,0.1803,0.1707,-75.16,-0.0368,158,2021: +81.94%,2022: -73.22%,-73.22
SMA100_200_RSI50_U75T25_TLT_C2_BC,100,200,50,75,25,TLT,2,True,False,-10.41,-1.82,0.1783,0.1655,-74.27,-0.0245,232,2024: +41.46%,2022: -70.41%,-70.41
SMA100_200_RSI40_U75T25_SHY_C2_BC_VIX35,100,200,40,75,25,SHY,2,True,35,-14.24,-2.53,0.1774,0.1573,-71.72,-0.0353,183,2021: +76.99%,2022: -67.94%,-67.94
SMA100_200_RSI50_U100T0_CASH_C2_BC_VIX35,100,200,50,100,0,CASH,2,True,35,-7.64,-1.32,0.1745,0.1338,-66.17,-0.0199,126,2024: +40.48%,2022: -61.70%,-61.7
SMA100_200_RSI35_U75T25_TLT_C0_noBC_VIX35,100,200,35,75,25,TLT,0,False,35,-16.73,-3.01,0.1744,0.1652,-75.16,-0.04,157,2021: +81.94%,2022: -73.22%,-73.22
SMA50_200_RSI40_U100T0_SHY_C2_BC_VIX35,50,200,40,100,0,SHY,2,True,35,-11.37,-1.99,0.1736,0.1538,-73.67,-0.0271,66,2021: +87.04%,2022: -68.76%,-68.76
SMA100_200_RSI40_U75T25_CASH_C0_BC_VIX35,100,200,40,75,25,CASH,0,True,35,-15.3,-2.73,0.1722,0.1389,-71.69,-0.0381,182,2021: +76.95%,2022: -67.21%,-67.21
SMA100_200_RSI50_U75T25_TLT_C0_BC,100,200,50,75,25,TLT,0,True,False,-11.75,-2.06,0.1717,0.1595,-74.27,-0.0278,231,2024: +41.46%,2022: -70.41%,-70.41
SMA100_200_RSI40_U75T25_SHY_C0_BC_VIX35,100,200,40,75,25,SHY,0,True,35,-15.85,-2.84,0.1697,0.1505,-71.72,-0.0396,182,2021: +76.99%,2022: -67.94%,-67.94
SMA100_200_RSI45_U100T0_TLT_C2_BC_VIX35,100,200,45,100,0,TLT,2,True,35,-11.43,-2.01,0.1695,0.1555,-75.05,-0.0267,100,2023: +57.77%,2022: -72.14%,-72.14
SMA50_200_RSI40_U100T0_SHY_C0_BC_VIX35,50,200,40,100,0,SHY,0,True,35,-12.75,-2.25,0.1667,0.1478,-73.67,-0.0305,65,2021: +87.04%,2022: -68.76%,-68.76
SMA100_200_RSI50_U100T0_SHY_C2_BC_VIX35,100,200,50,100,0,SHY,2,True,35,-9.34,-1.62,0.1658,0.141,-66.54,-0.0244,127,2024: +41.03%,2022: -62.77%,-62.77
SMA100_200_RSI50_U100T0_CASH_C0_BC_VIX35,100,200,50,100,0,CASH,0,True,35,-9.37,-1.63,0.1655,0.127,-66.17,-0.0246,126,2024: +40.48%,2022: -61.70%,-61.7
SMA100_200_RSI45_U100T0_TLT_C0_BC_VIX35,100,200,45,100,0,TLT,0,True,35,-12.47,-2.2,0.1643,0.1508,-75.05,-0.0293,99,2023: +57.77%,2022: -72.14%,-72.14
SMA50_200_RSI35_U75T25_TLT_C2_BC,50,200,35,75,25,TLT,2,True,False,-20.55,-3.77,0.1592,0.1526,-80.58,-0.0467,153,2021: +93.05%,2022: -77.70%,-77.7
SMA100_200_RSI50_U100T0_SHY_C0_BC_VIX35,100,200,50,100,0,SHY,0,True,35,-10.76,-1.88,0.1583,0.1347,-66.54,-0.0283,126,2024: +41.03%,2022: -62.77%,-62.77
SMA50_200_RSI35_U75T25_TLT_C0_BC,50,200,35,75,25,TLT,0,True,False,-21.74,-4.01,0.1534,0.1471,-80.58,-0.0497,152,2021: +93.05%,2022: -77.70%,-77.7
SMA50_200_RSI45_U75T25_CASH_C2_BC,50,200,45,75,25,CASH,2,True,False,-17.64,-3.19,0.1515,0.1214,-75.39,-0.0423,209,2021: +52.56%,2022: -68.62%,-68.62
SMA100_200_RSI45_U75T25_CASH_C2_BC_VIX35,100,200,45,75,25,CASH,2,True,35,-17.4,-3.14,0.1493,0.117,-71.74,-0.0438,213,2023: +59.63%,2022: -67.99%,-67.99
SMA50_200_RSI50_U75T25_CASH_C2_BC,50,200,50,75,25,CASH,2,True,False,-14.7,-2.62,0.149,0.1186,-71.19,-0.0368,232,2024: +37.95%,2022: -64.31%,-64.31
SMA100_200_RSI45_U75T25_SHY_C2_BC_VIX35,100,200,45,75,25,SHY,2,True,35,-18.53,-3.36,0.1436,0.1244,-71.95,-0.0467,214,2023: +61.80%,2022: -68.92%,-68.92
SMA50_200_RSI45_U75T25_CASH_C0_BC,50,200,45,75,25,CASH,0,True,False,-19.44,-3.54,0.1422,0.1141,-75.39,-0.047,209,2021: +52.56%,2022: -68.62%,-68.62
SMA50_200_RSI35_U75T25_CASH_C2_BC_VIX35,50,200,35,75,25,CASH,2,True,35,-21.95,-4.05,0.142,0.1159,-75.51,-0.0536,158,2021: +83.37%,2022: -70.80%,-70.8
SMA100_200_RSI45_U75T25_CASH_C0_BC_VIX35,100,200,45,75,25,CASH,0,True,35,-19.21,-3.5,0.1398,0.1098,-71.74,-0.0487,213,2023: +59.63%,2022: -67.99%,-67.99
SMA50_200_RSI45_U75T25_SHY_C2_BC,50,200,45,75,25,SHY,2,True,False,-19.93,-3.64,0.1397,0.1232,-76.16,-0.0478,210,2021: +52.09%,2022: -69.82%,-69.82
SMA50_200_RSI50_U75T25_CASH_C0_BC,50,200,50,75,25,CASH,0,True,False,-16.57,-2.98,0.139,0.1108,-71.19,-0.0418,232,2024: +37.95%,2022: -64.31%,-64.31
SMA50_200_RSI50_U75T25_SHY_C2_BC,50,200,50,75,25,SHY,2,True,False,-17.13,-3.09,0.1359,0.1194,-72.2,-0.0427,233,2024: +38.79%,2022: -65.70%,-65.7
SMA100_200_RSI45_U75T25_SHY_C0_BC_VIX35,100,200,45,75,25,SHY,0,True,35,-20.06,-3.67,0.1355,0.1174,-71.95,-0.051,213,2023: +61.80%,2022: -68.92%,-68.92
SMA50_200_RSI35_U100T0_TLT_C2_noBC,50,200,35,100,0,TLT,2,False,False,-20.55,-3.77,0.1354,0.1282,-81.8,-0.046,36,2021: +103.33%,2022: -77.77%,-77.77
SMA50_200_RSI35_U75T25_CASH_C0_BC_VIX35,50,200,35,75,25,CASH,0,True,35,-23.65,-4.4,0.1332,0.1088,-75.51,-0.0583,158,2021: +83.37%,2022: -70.80%,-70.8
SMA50_200_RSI45_U75T25_SHY_C0_BC,50,200,45,75,25,SHY,0,True,False,-21.43,-3.94,0.1317,0.1162,-76.16,-0.0518,209,2021: +52.09%,2022: -69.82%,-69.82
SMA50_200_RSI35_U100T0_TLT_C0_noBC,50,200,35,100,0,TLT,0,False,False,-21.48,-3.96,0.1304,0.1236,-81.8,-0.0484,35,2021: +103.33%,2022: -77.77%,-77.77
SMA50_200_RSI35_U75T25_CASH_C2_noBC_VIX35,50,200,35,75,25,CASH,2,False,35,-24.07,-4.49,0.1282,0.103,-76.56,-0.0587,156,2021: +80.76%,2022: -71.74%,-71.74
SMA50_200_RSI50_U75T25_SHY_C0_BC,50,200,50,75,25,SHY,0,True,False,-18.69,-3.39,0.1274,0.1119,-72.2,-0.047,232,2024: +38.79%,2022: -65.70%,-65.7
SMA50_200_RSI40_U100T0_CASH_C2_noBC_VIX35,50,200,40,100,0,CASH,2,False,35,-19.56,-3.57,0.1265,0.099,-73.89,-0.0483,61,2021: +76.82%,2022: -67.70%,-67.7
SMA50_200_RSI35_U75T25_SHY_C2_BC_VIX35,50,200,35,75,25,SHY,2,True,35,-25.02,-4.69,0.1259,0.1126,-76.24,-0.0615,160,2021: +83.35%,2022: -71.81%,-71.81
SMA100_200_RSI45_U100T0_CASH_C2_noBC,100,200,45,100,0,CASH,2,False,False,-17.68,-3.2,0.1224,0.0898,-71.24,-0.0448,93,2023: +50.62%,2022: -67.28%,-67.28
SMA100_200_RSI45_U100T0_SHY_C2_noBC,100,200,45,100,0,SHY,2,False,False,-18.23,-3.3,0.1195,0.1016,-71.91,-0.0459,94,2023: +53.25%,2022: -68.36%,-68.36
SMA50_200_RSI35_U75T25_CASH_C0_noBC_VIX35,50,200,35,75,25,CASH,0,False,35,-25.73,-4.84,0.1192,0.0959,-76.56,-0.0633,156,2021: +80.76%,2022: -71.74%,-71.74
SMA50_200_RSI35_U75T25_SHY_C0_BC_VIX35,50,200,35,75,25,SHY,0,True,35,-26.43,-4.99,0.1183,0.1058,-76.24,-0.0655,159,2021: +83.35%,2022: -71.81%,-71.81
SMA50_200_RSI40_U100T0_CASH_C0_noBC_VIX35,50,200,40,100,0,CASH,0,False,35,-21.06,-3.87,0.1182,0.0926,-73.89,-0.0524,61,2021: +76.82%,2022: -67.70%,-67.7
SMA100_200_RSI40_U75T25_TLT_C2_BC_VIX35,100,200,40,75,25,TLT,2,True,35,-27.07,-5.13,0.1172,0.1095,-74.84,-0.0686,183,2021: +77.57%,2022: -72.88%,-72.88
SMA100_200_RSI40_U100T0_TLT_C2_noBC_VIX35,100,200,40,100,0,TLT,2,False,35,-22.97,-4.26,0.1159,0.108,-73.63,-0.0579,67,2021: +78.06%,2022: -71.64%,-71.64
SMA50_200_RSI40_U100T0_SHY_C2_noBC_VIX35,50,200,40,100,0,SHY,2,False,35,-21.89,-4.04,0.1136,0.0999,-74.47,-0.0542,66,2021: +76.90%,2022: -68.81%,-68.81
SMA100_200_RSI45_U100T0_CASH_C0_noBC,100,200,45,100,0,CASH,0,False,False,-19.22,-3.5,0.1135,0.0834,-71.24,-0.0491,93,2023: +50.62%,2022: -67.28%,-67.28
SMA100_200_RSI50_U75T25_CASH_C2_BC_VIX35,100,200,50,75,25,CASH,2,True,35,-20.35,-3.73,0.1135,0.088,-68.52,-0.0544,240,2023: +40.49%,2022: -63.99%,-63.99
SMA50_200_RSI35_U75T25_SHY_C2_noBC_VIX35,50,200,35,75,25,SHY,2,False,35,-26.8,-5.07,0.1134,0.1009,-77.21,-0.0657,160,2021: +80.72%,2022: -72.70%,-72.7
SMA100_200_RSI45_U100T0_SHY_C0_noBC,100,200,45,100,0,SHY,0,False,False,-19.51,-3.56,0.1121,0.0953,-71.91,-0.0495,93,2023: +53.25%,2022: -68.36%,-68.36
SMA100_200_RSI40_U75T25_TLT_C0_BC_VIX35,100,200,40,75,25,TLT,0,True,35,-28.16,-5.37,0.1113,0.1039,-74.84,-0.0717,182,2021: +77.57%,2022: -72.88%,-72.88
SMA100_200_RSI40_U100T0_TLT_C0_noBC_VIX35,100,200,40,100,0,TLT,0,False,35,-23.88,-4.45,0.1108,0.1034,-73.63,-0.0604,66,2021: +78.06%,2022: -71.64%,-71.64
SMA50_200_RSI45_U100T0_CASH_C2_BC_VIX35,50,200,45,100,0,CASH,2,True,35,-21.17,-3.89,0.1102,0.0867,-74.45,-0.0523,100,2021: +54.88%,2022: -67.66%,-67.66
SMA50_200_RSI40_U75T25_TLT_C2_BC,50,200,40,75,25,TLT,2,True,False,-29.14,-5.59,0.1088,0.103,-79.68,-0.0701,177,2021: +86.35%,2022: -77.23%,-77.23
SMA50_200_RSI45_U100T0_TLT_C2_BC,50,200,45,100,0,TLT,2,True,False,-23.76,-4.43,0.1073,0.0998,-80.07,-0.0553,95,2021: +57.11%,2022: -76.18%,-76.18
SMA50_200_RSI35_U100T0_TLT_C2_BC_VIX35,50,200,35,100,0,TLT,2,True,35,-25.84,-4.87,0.1068,0.1006,-80.0,-0.0608,43,2021: +95.46%,2022: -76.57%,-76.57
SMA50_200_RSI40_U100T0_SHY_C0_noBC_VIX35,50,200,40,100,0,SHY,0,False,35,-23.11,-4.29,0.1066,0.0938,-74.47,-0.0576,65,2021: +76.90%,2022: -68.81%,-68.81
SMA50_200_RSI35_U75T25_SHY_C0_noBC_VIX35,50,200,35,75,25,SHY,0,False,35,-28.18,-5.37,0.1057,0.0941,-77.21,-0.0696,159,2021: +80.72%,2022: -72.70%,-72.7
SMA50_200_RSI40_U75T25_CASH_C2_noBC,50,200,40,75,25,CASH,2,False,False,-27.03,-5.12,0.1054,0.0827,-75.14,-0.0682,176,2021: +75.59%,2022: -69.99%,-69.99
SMA100_200_RSI50_U75T25_SHY_C2_BC_VIX35,100,200,50,75,25,SHY,2,True,35,-21.82,-4.02,0.1051,0.0903,-68.86,-0.0584,241,2023: +42.02%,2022: -65.00%,-65.0
SMA100_200_RSI50_U75T25_CASH_C0_BC_VIX35,100,200,50,75,25,CASH,0,True,35,-22.09,-4.08,0.1033,0.0802,-68.52,-0.0595,240,2023: +40.49%,2022: -63.99%,-63.99
SMA50_200_RSI40_U75T25_TLT_C0_BC,50,200,40,75,25,TLT,0,True,False,-30.2,-5.82,0.1029,0.0975,-79.68,-0.0731,176,2021: +86.35%,2022: -77.23%,-77.23
SMA50_200_RSI45_U100T0_TLT_C0_BC,50,200,45,100,0,TLT,0,True,False,-24.66,-4.61,0.1022,0.0951,-80.07,-0.0576,94,2021: +57.11%,2022: -76.18%,-76.18
SMA50_200_RSI35_U100T0_TLT_C0_BC_VIX35,50,200,35,100,0,TLT,0,True,35,-26.71,-5.05,0.1019,0.096,-80.0,-0.0632,42,2021: +95.46%,2022: -76.57%,-76.57
SMA100_200_RSI40_U75T25_CASH_C2_noBC_VIX35,100,200,40,75,25,CASH,2,False,35,-27.83,-5.3,0.1018,0.0796,-71.65,-0.0739,179,2021: +67.32%,2022: -67.97%,-67.97
SMA50_200_RSI45_U100T0_CASH_C0_BC_VIX35,50,200,45,100,0,CASH,0,True,35,-22.64,-4.19,0.1016,0.08,-74.45,-0.0563,100,2021: +54.88%,2022: -67.66%,-67.66
SMA100_200_RSI40_U75T25_SHY_C2_noBC_VIX35,100,200,40,75,25,SHY,2,False,35,-28.58,-5.46,0.0977,0.0858,-71.68,-0.0762,183,2021: +67.39%,2022: -68.70%,-68.7
SMA50_200_RSI40_U75T25_SHY_C2_noBC,50,200,40,75,25,SHY,2,False,False,-28.51,-5.45,0.097,0.0856,-75.75,-0.0719,177,2021: +75.68%,2022: -71.11%,-71.11
SMA100_200_RSI50_U100T0_TLT_C2_BC_VIX35,100,200,50,100,0,TLT,2,True,35,-22.8,-4.23,0.0965,0.0866,-72.76,-0.0581,127,2024: +44.33%,2022: -69.24%,-69.24
SMA100_200_RSI50_U75T25_SHY_C0_BC_VIX35,100,200,50,75,25,SHY,0,True,35,-23.29,-4.33,0.0964,0.0828,-68.86,-0.0628,240,2023: +42.02%,2022: -65.00%,-65.0
SMA50_200_RSI40_U75T25_CASH_C0_noBC,50,200,40,75,25,CASH,0,False,False,-28.62,-5.47,0.0963,0.0756,-75.14,-0.0728,176,2021: +75.59%,2022: -69.99%,-69.99
SMA100_200_RSI40_U75T25_TLT_C2_noBC,100,200,40,75,25,TLT,2,False,False,-30.71,-5.94,0.095,0.0893,-76.4,-0.0777,176,2021: +76.83%,2022: -74.56%,-74.56
SMA100_200_RSI40_U75T25_CASH_C0_noBC_VIX35,100,200,40,75,25,CASH,0,False,35,-29.41,-5.65,0.0927,0.0725,-71.65,-0.0788,179,2021: +67.32%,2022: -67.97%,-67.97
SMA50_200_RSI45_U100T0_SHY_C2_BC_VIX35,50,200,45,100,0,SHY,2,True,35,-24.2,-4.52,0.0925,0.0801,-75.29,-0.06,102,2021: +54.45%,2022: -68.96%,-68.96
SMA100_200_RSI45_U100T0_CASH_C2_noBC_VIX35,100,200,45,100,0,CASH,2,False,35,-22.68,-4.2,0.0923,0.0676,-71.24,-0.059,93,2023: +50.62%,2022: -67.28%,-67.28
SMA50_200_RSI40_U75T25_CASH_C2_BC_VIX35,50,200,40,75,25,CASH,2,True,35,-30.02,-5.78,0.0911,0.0733,-74.38,-0.0777,181,2021: +76.95%,2022: -69.93%,-69.93
SMA100_200_RSI50_U100T0_TLT_C0_BC_VIX35,100,200,50,100,0,TLT,0,True,35,-23.71,-4.41,0.091,0.0817,-72.76,-0.0607,126,2024: +44.33%,2022: -69.24%,-69.24
SMA100_200_RSI40_U75T25_SHY_C0_noBC_VIX35,100,200,40,75,25,SHY,0,False,35,-29.93,-5.76,0.0899,0.079,-71.68,-0.0804,182,2021: +67.39%,2022: -68.70%,-68.7
SMA50_200_RSI40_U75T25_SHY_C0_noBC,50,200,40,75,25,SHY,0,False,False,-29.86,-5.75,0.0892,0.0787,-75.75,-0.0758,176,2021: +75.68%,2022: -71.11%,-71.11
SMA100_200_RSI40_U75T25_TLT_C0_noBC,100,200,40,75,25,TLT,0,False,False,-31.75,-6.17,0.089,0.0837,-76.4,-0.0808,175,2021: +76.83%,2022: -74.56%,-74.56
SMA50_200_RSI45_U100T0_SHY_C0_BC_VIX35,50,200,45,100,0,SHY,0,True,35,-25.38,-4.77,0.0853,0.0739,-75.29,-0.0633,101,2021: +54.45%,2022: -68.96%,-68.96
SMA100_200_RSI45_U75T25_TLT_C2_BC_VIX35,100,200,45,75,25,TLT,2,True,35,-30.07,-5.79,0.0848,0.0774,-77.16,-0.0751,214,2023: +63.12%,2022: -74.21%,-74.21
SMA100_200_RSI45_U100T0_SHY_C2_noBC_VIX35,100,200,45,100,0,SHY,2,False,35,-24.1,-4.5,0.0837,0.071,-72.01,-0.0625,100,2023: +53.25%,2022: -68.46%,-68.46
SMA100_200_RSI45_U100T0_CASH_C0_noBC_VIX35,100,200,45,100,0,CASH,0,False,35,-24.13,-4.5,0.0834,0.0611,-71.24,-0.0632,93,2023: +50.62%,2022: -67.28%,-67.28
SMA50_200_RSI40_U75T25_CASH_C0_BC_VIX35,50,200,40,75,25,CASH,0,True,35,-31.55,-6.13,0.082,0.0661,-74.38,-0.0824,181,2021: +76.95%,2022: -69.93%,-69.93
SMA50_200_RSI50_U100T0_TLT_C2_BC,50,200,50,100,0,TLT,2,True,False,-26.51,-5.01,0.0787,0.0719,-77.58,-0.0646,118,2024: +43.37%,2022: -72.77%,-72.77
SMA100_200_RSI45_U75T25_TLT_C0_BC_VIX35,100,200,45,75,25,TLT,0,True,35,-31.12,-6.03,0.0785,0.0717,-77.16,-0.0782,213,2023: +63.12%,2022: -74.21%,-74.21
SMA50_200_RSI35_U100T0_TLT_C2_noBC_VIX35,50,200,35,100,0,TLT,2,False,35,-30.6,-5.91,0.0764,0.0718,-81.27,-0.0728,43,2021: +93.32%,2022: -77.12%,-77.12
SMA100_200_RSI45_U100T0_SHY_C0_noBC_VIX35,100,200,45,100,0,SHY,0,False,35,-25.29,-4.75,0.0763,0.0647,-72.01,-0.0659,99,2023: +53.25%,2022: -68.46%,-68.46
SMA50_200_RSI40_U75T25_SHY_C2_BC_VIX35,50,200,40,75,25,SHY,2,True,35,-32.53,-6.36,0.0762,0.0673,-75.06,-0.0847,183,2021: +76.99%,2022: -70.98%,-70.98
SMA50_200_RSI50_U100T0_TLT_C0_BC,50,200,50,100,0,TLT,0,True,False,-27.38,-5.2,0.0733,0.067,-77.58,-0.067,117,2024: +43.37%,2022: -72.77%,-72.77
SMA50_200_RSI50_U100T0_CASH_C2_BC_VIX35,50,200,50,100,0,CASH,2,True,35,-25.11,-4.71,0.0727,0.0559,-70.26,-0.067,124,2024: +40.48%,2022: -63.60%,-63.6
SMA50_200_RSI35_U100T0_TLT_C0_noBC_VIX35,50,200,35,100,0,TLT,0,False,35,-31.42,-6.1,0.0714,0.0671,-81.27,-0.075,42,2021: +93.32%,2022: -77.12%,-77.12
SMA50_200_RSI40_U75T25_SHY_C0_BC_VIX35,50,200,40,75,25,SHY,0,True,35,-33.8,-6.65,0.0684,0.0604,-75.06,-0.0886,182,2021: +76.99%,2022: -70.98%,-70.98
SMA50_200_RSI50_U100T0_CASH_C0_BC_VIX35,50,200,50,100,0,CASH,0,True,35,-26.51,-5.01,0.0636,0.049,-70.26,-0.0713,124,2024: +40.48%,2022: -63.60%,-63.6
SMA50_200_RSI40_U100T0_TLT_C2_BC_VIX35,50,200,40,100,0,TLT,2,True,35,-32.38,-6.32,0.0621,0.0578,-79.08,-0.0799,66,2021: +87.65%,2022: -75.97%,-75.97
SMA50_200_RSI40_U100T0_TLT_C0_BC_VIX35,50,200,40,100,0,TLT,0,True,35,-33.17,-6.5,0.0571,0.0532,-79.08,-0.0822,65,2021: +87.65%,2022: -75.97%,-75.97
SMA50_200_RSI35_U75T25_TLT_C2_noBC,50,200,35,75,25,TLT,2,False,False,-38.41,-7.77,0.0527,0.0497,-82.42,-0.0943,153,2021: +90.94%,2022: -79.26%,-79.26
SMA50_200_RSI50_U100T0_SHY_C2_BC_VIX35,50,200,50,100,0,SHY,2,True,35,-28.26,-5.39,0.0521,0.0443,-71.31,-0.0756,126,2024: +41.03%,2022: -65.07%,-65.07
SMA50_200_RSI35_U75T25_TLT_C0_noBC,50,200,35,75,25,TLT,0,False,False,-39.33,-8.0,0.0468,0.0441,-82.42,-0.0971,152,2021: +90.94%,2022: -79.26%,-79.26
SMA50_200_RSI50_U100T0_SHY_C0_BC_VIX35,50,200,50,100,0,SHY,0,True,35,-29.38,-5.64,0.0446,0.0379,-71.31,-0.0791,125,2024: +41.03%,2022: -65.07%,-65.07
SMA100_200_RSI45_U75T25_CASH_C2_noBC,100,200,45,75,25,CASH,2,False,False,-33.96,-6.69,0.0431,0.0317,-73.55,-0.0909,207,2023: +55.72%,2022: -69.72%,-69.72
SMA100_200_RSI45_U75T25_SHY_C2_noBC,100,200,45,75,25,SHY,2,False,False,-34.4,-6.79,0.0404,0.0344,-74.29,-0.0914,208,2023: +58.44%,2022: -70.72%,-70.72
SMA100_200_RSI50_U75T25_TLT_C2_BC_VIX35,100,200,50,75,25,TLT,2,True,35,-33.43,-6.56,0.04,0.0362,-74.85,-0.0877,241,2024: +42.42%,2022: -71.08%,-71.08
SMA100_200_RSI45_U75T25_CASH_C0_noBC,100,200,45,75,25,CASH,0,False,False,-35.4,-7.03,0.0334,0.0246,-73.55,-0.0956,207,2023: +55.72%,2022: -69.72%,-69.72
SMA100_200_RSI50_U75T25_TLT_C0_BC_VIX35,100,200,50,75,25,TLT,0,True,35,-34.42,-6.8,0.0333,0.0302,-74.85,-0.0908,240,2024: +42.42%,2022: -71.08%,-71.08
SMA50_200_RSI45_U75T25_TLT_C2_BC,50,200,45,75,25,TLT,2,True,False,-39.06,-7.93,0.0322,0.0298,-81.45,-0.0974,210,2024: +51.23%,2022: -77.66%,-77.66
SMA100_200_RSI45_U75T25_SHY_C0_noBC,100,200,45,75,25,SHY,0,False,False,-35.63,-7.09,0.0321,0.0273,-74.29,-0.0954,207,2023: +58.44%,2022: -70.72%,-70.72
SMA50_200_RSI40_U75T25_CASH_C2_noBC_VIX35,50,200,40,75,25,CASH,2,False,35,-38.79,-7.86,0.0303,0.0236,-75.14,-0.1047,178,2021: +67.32%,2022: -69.99%,-69.99
SMA50_200_RSI50_U75T25_TLT_C2_BC,50,200,50,75,25,TLT,2,True,False,-35.95,-7.16,0.0284,0.0261,-78.85,-0.0908,233,2024: +41.46%,2022: -74.20%,-74.2
SMA50_200_RSI40_U100T0_TLT_C2_noBC,50,200,40,100,0,TLT,2,False,False,-37.29,-7.49,0.0275,0.0258,-80.39,-0.0932,60,2021: +87.28%,2022: -76.68%,-76.68
SMA50_200_RSI45_U75T25_TLT_C0_BC,50,200,45,75,25,TLT,0,True,False,-39.97,-8.16,0.0261,0.0241,-81.45,-0.1002,209,2024: +51.23%,2022: -77.66%,-77.66
SMA50_200_RSI35_U75T25_TLT_C2_BC_VIX35,50,200,35,75,25,TLT,2,True,35,-42.64,-8.86,0.0247,0.0231,-80.96,-0.1094,160,2021: +83.95%,2022: -78.14%,-78.14
SMA50_200_RSI45_U75T25_CASH_C2_BC_VIX35,50,200,45,75,25,CASH,2,True,35,-38.16,-7.71,0.0228,0.0179,-76.21,-0.1011,215,2024: +51.04%,2022: -69.66%,-69.66
SMA50_200_RSI40_U100T0_TLT_C0_noBC,50,200,40,100,0,TLT,0,False,False,-38.02,-7.67,0.0225,0.0211,-80.39,-0.0954,59,2021: +87.28%,2022: -76.68%,-76.68
SMA50_200_RSI50_U75T25_TLT_C0_BC,50,200,50,75,25,TLT,0,True,False,-36.9,-7.4,0.0218,0.0201,-78.85,-0.0938,232,2024: +41.46%,2022: -74.20%,-74.2
SMA100_200_RSI40_U75T25_TLT_C2_noBC_VIX35,100,200,40,75,25,TLT,2,False,35,-41.83,-8.64,0.0216,0.0201,-75.71,-0.1142,183,2021: +68.49%,2022: -73.82%,-73.82
SMA50_200_RSI40_U75T25_CASH_C0_noBC_VIX35,50,200,40,75,25,CASH,0,False,35,-40.13,-8.2,0.0211,0.0165,-75.14,-0.1092,178,2021: +67.32%,2022: -69.99%,-69.99
SMA50_200_RSI35_U75T25_TLT_C0_BC_VIX35,50,200,35,75,25,TLT,0,True,35,-43.5,-9.09,0.0188,0.0176,-80.96,-0.1122,159,2021: +83.95%,2022: -78.14%,-78.14
SMA50_200_RSI40_U75T25_SHY_C2_noBC_VIX35,50,200,40,75,25,SHY,2,False,35,-40.56,-8.31,0.0182,0.0159,-75.69,-0.1099,183,2021: +67.39%,2022: -71.03%,-71.03
SMA100_200_RSI40_U75T25_TLT_C0_noBC_VIX35,100,200,40,75,25,TLT,0,False,35,-42.7,-8.87,0.0156,0.0145,-75.71,-0.1172,182,2021: +68.49%,2022: -73.82%,-73.82
SMA50_200_RSI45_U75T25_CASH_C0_BC_VIX35,50,200,45,75,25,CASH,0,True,35,-39.51,-8.05,0.0134,0.0105,-76.21,-0.1056,215,2024: +51.04%,2022: -69.66%,-69.66
SMA50_200_RSI50_U75T25_CASH_C2_BC_VIX35,50,200,50,75,25,CASH,2,True,35,-35.94,-7.16,0.0105,0.0081,-72.15,-0.0992,239,2024: +38.61%,2022: -65.50%,-65.5
SMA50_200_RSI40_U75T25_SHY_C0_noBC_VIX35,50,200,40,75,25,SHY,0,False,35,-41.68,-8.6,0.0103,0.009,-75.69,-0.1137,182,2021: +67.39%,2022: -71.03%,-71.03
SMA100_200_RSI45_U75T25_CASH_C2_noBC_VIX35,100,200,45,75,25,CASH,2,False,35,-38.98,-7.91,0.007,0.0051,-73.55,-0.1076,207,2023: +55.72%,2022: -69.72%,-69.72
SMA50_200_RSI45_U75T25_SHY_C2_BC_VIX35,50,200,45,75,25,SHY,2,True,35,-40.53,-8.31,0.0062,0.0053,-76.99,-0.1079,217,2024: +51.11%,2022: -70.88%,-70.88
SMA100_200_RSI45_U100T0_TLT_C2_noBC_VIX35,100,200,45,100,0,TLT,2,False,35,-37.31,-7.5,0.0057,0.0052,-79.15,-0.0947,100,2023: +51.05%,2022: -74.64%,-74.64
SMA100_200_RSI45_U100T0_TLT_C0_noBC_VIX35,100,200,45,100,0,TLT,0,False,35,-38.04,-7.68,0.0004,0.0003,-79.15,-0.097,99,2023: +51.05%,2022: -74.64%,-74.64
SMA50_200_RSI50_U75T25_CASH_C0_BC_VIX35,50,200,50,75,25,CASH,0,True,35,-37.34,-7.5,0.0003,0.0002,-72.15,-0.104,239,2024: +38.61%,2022: -65.50%,-65.5
SMA100_200_RSI45_U75T25_SHY_C2_noBC_VIX35,100,200,45,75,25,SHY,2,False,35,-40.1,-8.2,-0.0009,-0.0008,-74.37,-0.1102,214,2023: +58.44%,2022: -70.81%,-70.81
SMA50_200_RSI45_U75T25_SHY_C0_BC_VIX35,50,200,45,75,25,SHY,0,True,35,-41.65,-8.6,-0.002,-0.0017,-76.99,-0.1117,216,2024: +51.11%,2022: -70.88%,-70.88
SMA100_200_RSI45_U75T25_CASH_C0_noBC_VIX35,100,200,45,75,25,CASH,0,False,35,-40.32,-8.25,-0.0027,-0.002,-73.55,-0.1122,207,2023: +55.72%,2022: -69.72%,-69.72
SMA50_200_RSI35_U75T25_TLT_C2_noBC_VIX35,50,200,35,75,25,TLT,2,False,35,-46.33,-9.86,-0.0045,-0.0042,-81.91,-0.1204,160,2021: +81.94%,2022: -78.65%,-78.65
SMA100_200_RSI45_U100T0_TLT_C2_noBC,100,200,45,100,0,TLT,2,False,False,-38.99,-7.92,-0.0056,-0.0051,-79.62,-0.0994,94,2023: +51.05%,2022: -75.21%,-75.21
SMA50_200_RSI45_U100T0_TLT_C2_BC_VIX35,50,200,45,100,0,TLT,2,True,35,-40.2,-8.22,-0.0072,-0.0065,-80.53,-0.1021,102,2021: +53.58%,2022: -76.72%,-76.72
SMA100_200_RSI45_U75T25_SHY_C0_noBC_VIX35,100,200,45,75,25,SHY,0,False,35,-41.23,-8.49,-0.0092,-0.0078,-74.37,-0.1141,213,2023: +58.44%,2022: -70.81%,-70.81
SMA50_200_RSI50_U75T25_SHY_C2_BC_VIX35,50,200,50,75,25,SHY,2,True,35,-38.64,-7.83,-0.0093,-0.008,-73.18,-0.1069,241,2024: +39.16%,2022: -66.90%,-66.9
SMA50_200_RSI35_U75T25_TLT_C0_noBC_VIX35,50,200,35,75,25,TLT,0,False,35,-47.13,-10.09,-0.0105,-0.0098,-81.91,-0.1232,159,2021: +81.94%,2022: -78.65%,-78.65
SMA100_200_RSI45_U100T0_TLT_C0_noBC,100,200,45,100,0,TLT,0,False,False,-39.71,-8.1,-0.0109,-0.0099,-79.62,-0.1017,93,2023: +51.05%,2022: -75.21%,-75.21
SMA50_200_RSI45_U100T0_TLT_C0_BC_VIX35,50,200,45,100,0,TLT,0,True,35,-40.9,-8.4,-0.0124,-0.0113,-80.53,-0.1043,101,2021: +53.58%,2022: -76.72%,-76.72
SMA50_200_RSI40_U100T0_TLT_C2_noBC_VIX35,50,200,40,100,0,TLT,2,False,35,-43.01,-8.96,-0.0162,-0.0151,-79.82,-0.1122,66,2021: +78.06%,2022: -76.00%,-76.0
SMA50_200_RSI50_U75T25_SHY_C0_BC_VIX35,50,200,50,75,25,SHY,0,True,35,-39.79,-8.12,-0.0181,-0.0155,-73.18,-0.1109,240,2024: +39.16%,2022: -66.90%,-66.9
SMA50_200_RSI40_U100T0_TLT_C0_noBC_VIX35,50,200,40,100,0,TLT,0,False,35,-43.68,-9.14,-0.0213,-0.0198,-79.82,-0.1145,65,2021: +78.06%,2022: -76.00%,-76.0
SMA50_200_RSI45_U100T0_CASH_C2_noBC,50,200,45,100,0,CASH,2,False,False,-39.78,-8.11,-0.0257,-0.0189,-78.03,-0.104,93,2024: +32.74%,2022: -67.86%,-67.86
SMA50_200_RSI40_U75T25_TLT_C2_BC_VIX35,50,200,40,75,25,TLT,2,True,35,-48.52,-10.49,-0.0268,-0.0248,-80.08,-0.131,183,2021: +77.57%,2022: -77.68%,-77.68
SMA50_200_RSI40_U75T25_TLT_C0_BC_VIX35,50,200,40,75,25,TLT,0,True,35,-49.29,-10.71,-0.0328,-0.0304,-80.08,-0.1338,182,2021: +77.57%,2022: -77.68%,-77.68
SMA50_200_RSI45_U100T0_SHY_C2_noBC,50,200,45,100,0,SHY,2,False,False,-40.83,-8.38,-0.0337,-0.0287,-78.66,-0.1066,94,2024: +33.44%,2022: -69.20%,-69.2
SMA50_200_RSI45_U100T0_CASH_C0_noBC,50,200,45,100,0,CASH,0,False,False,-40.9,-8.4,-0.0345,-0.0255,-78.03,-0.1077,93,2024: +32.74%,2022: -67.86%,-67.86
SMA50_200_RSI45_U100T0_SHY_C0_noBC,50,200,45,100,0,SHY,0,False,False,-41.75,-8.62,-0.041,-0.035,-78.66,-0.1096,93,2024: +33.44%,2022: -69.20%,-69.2
SMA50_200_RSI50_U100T0_TLT_C2_BC_VIX35,50,200,50,100,0,TLT,2,True,35,-42.52,-8.83,-0.0432,-0.0385,-78.09,-0.113,126,2024: +44.33%,2022: -73.39%,-73.39
SMA100_200_RSI50_U100T0_CASH_C2_noBC,100,200,50,100,0,CASH,2,False,False,-38.66,-7.83,-0.0435,-0.0295,-70.3,-0.1114,115,2020: +26.46%,2022: -60.04%,-60.04
SMA100_200_RSI50_U100T0_SHY_C2_noBC,100,200,50,100,0,SHY,2,False,False,-39.0,-7.92,-0.0459,-0.0377,-71.13,-0.1113,116,2020: +26.07%,2022: -61.29%,-61.29
SMA50_200_RSI45_U100T0_CASH_C2_noBC_VIX35,50,200,45,100,0,CASH,2,False,35,-42.42,-8.8,-0.0476,-0.035,-78.03,-0.1128,93,2024: +32.74%,2022: -67.86%,-67.86
SMA50_200_RSI50_U100T0_TLT_C0_BC_VIX35,50,200,50,100,0,TLT,0,True,35,-43.19,-9.0,-0.0486,-0.0433,-78.09,-0.1153,125,2024: +44.33%,2022: -73.39%,-73.39
SMA100_200_RSI50_U100T0_CASH_C0_noBC,100,200,50,100,0,CASH,0,False,False,-39.81,-8.12,-0.053,-0.036,-70.3,-0.1155,115,2020: +24.10%,2022: -60.04%,-60.04
SMA50_200_RSI40_U75T25_TLT_C2_noBC,50,200,40,75,25,TLT,2,False,False,-51.52,-11.38,-0.0532,-0.0495,-81.33,-0.1399,177,2021: +76.83%,2022: -78.34%,-78.34
SMA100_200_RSI50_U100T0_SHY_C0_noBC,100,200,50,100,0,SHY,0,False,False,-39.95,-8.16,-0.0538,-0.0442,-71.13,-0.1147,115,2020: +24.10%,2022: -61.29%,-61.29
SMA50_200_RSI45_U100T0_CASH_C0_noBC_VIX35,50,200,45,100,0,CASH,0,False,35,-43.5,-9.09,-0.0564,-0.0416,-78.03,-0.1164,93,2024: +32.74%,2022: -67.86%,-67.86
SMA50_200_RSI40_U75T25_TLT_C0_noBC,50,200,40,75,25,TLT,0,False,False,-52.24,-11.6,-0.0592,-0.0551,-81.33,-0.1427,176,2021: +76.83%,2022: -78.34%,-78.34
SMA50_200_RSI45_U100T0_SHY_C2_noBC_VIX35,50,200,45,100,0,SHY,2,False,35,-44.37,-9.32,-0.0635,-0.054,-78.73,-0.1184,101,2024: +32.88%,2022: -69.30%,-69.3
SMA100_200_RSI50_U100T0_CASH_C2_noBC_VIX35,100,200,50,100,0,CASH,2,False,35,-41.36,-8.52,-0.067,-0.0454,-70.3,-0.1212,115,2020: +20.91%,2022: -60.04%,-60.04
SMA50_200_RSI45_U100T0_SHY_C0_noBC_VIX35,50,200,45,100,0,SHY,0,False,35,-45.24,-9.56,-0.0709,-0.0603,-78.73,-0.1214,100,2024: +32.88%,2022: -69.30%,-69.3
SMA100_200_RSI45_U75T25_TLT_C2_noBC_VIX35,100,200,45,75,25,TLT,2,False,35,-50.52,-11.08,-0.0714,-0.0644,-80.91,-0.1369,214,2023: +56.17%,2022: -76.53%,-76.53
SMA100_200_RSI45_U75T25_TLT_C2_noBC,100,200,45,75,25,TLT,2,False,False,-51.05,-11.24,-0.0742,-0.0674,-81.34,-0.1382,208,2023: +56.17%,2022: -77.05%,-77.05
SMA100_200_RSI50_U100T0_CASH_C0_noBC_VIX35,100,200,50,100,0,CASH,0,False,35,-42.45,-8.81,-0.0766,-0.052,-70.3,-0.1253,115,2020: +18.65%,2022: -60.04%,-60.04
SMA100_200_RSI45_U75T25_TLT_C0_noBC_VIX35,100,200,45,75,25,TLT,0,False,35,-51.26,-11.3,-0.0778,-0.0702,-80.91,-0.1397,213,2023: +56.17%,2022: -76.53%,-76.53
SMA100_200_RSI45_U75T25_TLT_C0_noBC,100,200,45,75,25,TLT,0,False,False,-51.79,-11.46,-0.0806,-0.0732,-81.34,-0.1409,207,2023: +56.17%,2022: -77.05%,-77.05
SMA100_200_RSI50_U100T0_SHY_C2_noBC_VIX35,100,200,50,100,0,SHY,2,False,35,-43.0,-8.95,-0.0811,-0.0664,-71.21,-0.1257,125,2020: +20.24%,2022: -61.41%,-61.41
SMA50_200_RSI45_U75T25_TLT_C2_BC_VIX35,50,200,45,75,25,TLT,2,True,35,-53.08,-11.86,-0.086,-0.0778,-81.87,-0.1449,217,2024: +52.24%,2022: -78.17%,-78.17
SMA100_200_RSI50_U100T0_SHY_C0_noBC_VIX35,100,200,50,100,0,SHY,0,False,35,-43.89,-9.19,-0.089,-0.0729,-71.21,-0.1291,124,2023: +19.22%,2022: -61.41%,-61.41
SMA100_200_RSI50_U75T25_CASH_C2_noBC,100,200,50,75,25,CASH,2,False,False,-46.11,-9.8,-0.0897,-0.0618,-73.61,-0.1332,229,2020: +26.36%,2022: -62.44%,-62.44
SMA100_200_RSI50_U75T25_SHY_C2_noBC,100,200,50,75,25,SHY,2,False,False,-46.41,-9.89,-0.0919,-0.0764,-74.35,-0.133,230,2020: +25.97%,2022: -63.61%,-63.61
SMA50_200_RSI45_U75T25_TLT_C0_BC_VIX35,50,200,45,75,25,TLT,0,True,35,-53.79,-12.08,-0.0923,-0.0835,-81.87,-0.1476,216,2024: +52.24%,2022: -78.17%,-78.17
SMA50_200_RSI45_U75T25_CASH_C2_noBC,50,200,45,75,25,CASH,2,False,False,-51.88,-11.49,-0.0985,-0.0725,-79.42,-0.1447,208,2024: +34.21%,2022: -69.85%,-69.85
SMA50_200_RSI50_U75T25_TLT_C2_BC_VIX35,50,200,50,75,25,TLT,2,True,35,-50.83,-11.17,-0.0998,-0.0895,-79.33,-0.1408,241,2024: +42.42%,2022: -74.78%,-74.78
SMA100_200_RSI50_U75T25_CASH_C0_noBC,100,200,50,75,25,CASH,0,False,False,-47.29,-10.13,-0.1003,-0.0693,-73.61,-0.1377,229,2020: +23.60%,2022: -62.44%,-62.44
SMA100_200_RSI50_U75T25_SHY_C0_noBC,100,200,50,75,25,SHY,0,False,False,-47.42,-10.17,-0.101,-0.084,-74.35,-0.1368,229,2020: +23.60%,2022: -63.61%,-63.61
SMA50_200_RSI40_U75T25_TLT_C2_noBC_VIX35,50,200,40,75,25,TLT,2,False,35,-56.64,-13.01,-0.1016,-0.0938,-80.78,-0.1611,183,2021: +68.49%,2022: -77.71%,-77.71
SMA50_200_RSI45_U75T25_SHY_C2_noBC,50,200,45,75,25,SHY,2,False,False,-52.72,-11.75,-0.1059,-0.0902,-80.01,-0.1468,209,2024: +34.91%,2022: -71.11%,-71.11
SMA50_200_RSI50_U75T25_TLT_C0_BC_VIX35,50,200,50,75,25,TLT,0,True,35,-51.57,-11.39,-0.1066,-0.0956,-79.33,-0.1436,240,2024: +42.42%,2022: -74.78%,-74.78
SMA50_200_RSI40_U75T25_TLT_C0_noBC_VIX35,50,200,40,75,25,TLT,0,False,35,-57.28,-13.23,-0.1077,-0.0995,-80.78,-0.1638,182,2021: +68.49%,2022: -77.71%,-77.71
SMA50_200_RSI45_U75T25_CASH_C0_noBC,50,200,45,75,25,CASH,0,False,False,-52.93,-11.82,-0.1081,-0.0798,-79.42,-0.1488,208,2024: +34.21%,2022: -69.85%,-69.85
SMA50_200_RSI45_U75T25_SHY_C0_noBC,50,200,45,75,25,SHY,0,False,False,-53.61,-12.03,-0.1142,-0.0973,-80.01,-0.1503,208,2024: +34.91%,2022: -71.11%,-71.11
SMA50_200_RSI50_U100T0_CASH_C2_noBC,50,200,50,100,0,CASH,2,False,False,-47.12,-10.08,-0.119,-0.0813,-73.42,-0.1374,115,2020: +26.46%,2022: -59.43%,-59.43
SMA100_200_RSI50_U75T25_CASH_C2_noBC_VIX35,100,200,50,75,25,CASH,2,False,35,-49.44,-10.76,-0.1222,-0.084,-73.61,-0.1461,229,2023: +20.98%,2022: -62.44%,-62.44
SMA50_200_RSI45_U75T25_CASH_C2_noBC_VIX35,50,200,45,75,25,CASH,2,False,35,-54.85,-12.43,-0.1281,-0.0941,-79.42,-0.1565,208,2024: +34.21%,2022: -69.85%,-69.85
SMA50_200_RSI50_U100T0_SHY_C2_noBC,50,200,50,100,0,SHY,2,False,False,-48.14,-10.38,-0.1284,-0.1057,-74.33,-0.1396,116,2020: +26.07%,2022: -61.17%,-61.17
SMA50_200_RSI50_U100T0_CASH_C0_noBC,50,200,50,100,0,CASH,0,False,False,-48.1,-10.37,-0.1285,-0.0879,-73.42,-0.1412,115,2020: +24.10%,2022: -59.43%,-59.43
SMA100_200_RSI50_U75T25_CASH_C0_noBC_VIX35,100,200,50,75,25,CASH,0,False,35,-50.55,-11.08,-0.1329,-0.0915,-73.61,-0.1506,229,2023: +20.98%,2022: -62.44%,-62.44
SMA100_200_RSI50_U75T25_SHY_C2_noBC_VIX35,100,200,50,75,25,SHY,2,False,35,-50.86,-11.18,-0.1356,-0.1123,-74.42,-0.1502,239,2023: +22.42%,2022: -63.73%,-63.73
SMA50_200_RSI50_U100T0_SHY_C0_noBC,50,200,50,100,0,SHY,0,False,False,-48.95,-10.61,-0.1363,-0.1122,-74.33,-0.1428,115,2020: +24.10%,2022: -61.17%,-61.17
SMA50_200_RSI45_U75T25_CASH_C0_noBC_VIX35,50,200,45,75,25,CASH,0,False,35,-55.84,-12.75,-0.1378,-0.1014,-79.42,-0.1605,208,2024: +34.21%,2022: -69.85%,-69.85
SMA50_200_RSI50_U100T0_CASH_C2_noBC_VIX35,50,200,50,100,0,CASH,2,False,35,-49.44,-10.76,-0.1427,-0.0973,-73.42,-0.1465,115,2020: +20.91%,2022: -59.43%,-59.43
SMA50_200_RSI45_U75T25_SHY_C2_noBC_VIX35,50,200,45,75,25,SHY,2,False,35,-56.38,-12.93,-0.143,-0.1213,-80.08,-0.1614,216,2024: +34.35%,2022: -71.21%,-71.21
SMA100_200_RSI50_U75T25_SHY_C0_noBC_VIX35,100,200,50,75,25,SHY,0,False,35,-51.78,-11.46,-0.1447,-0.1199,-74.42,-0.154,238,2023: +22.42%,2022: -63.73%,-63.73
SMA50_200_RSI45_U75T25_SHY_C0_noBC_VIX35,50,200,45,75,25,SHY,0,False,35,-57.2,-13.2,-0.1513,-0.1284,-80.08,-0.1649,215,2024: +34.35%,2022: -71.21%,-71.21
SMA50_200_RSI50_U100T0_CASH_C0_noBC_VIX35,50,200,50,100,0,CASH,0,False,35,-50.38,-11.04,-0.1522,-0.104,-73.42,-0.1503,115,2020: +18.65%,2022: -59.43%,-59.43
SMA100_200_RSI50_U100T0_TLT_C2_noBC_VIX35,100,200,50,100,0,TLT,2,False,35,-53.63,-12.04,-0.1624,-0.1437,-78.76,-0.1528,125,2024: +23.37%,2022: -69.25%,-69.25
SMA50_200_RSI50_U100T0_SHY_C2_noBC_VIX35,50,200,50,100,0,SHY,2,False,35,-51.54,-11.39,-0.1637,-0.1345,-74.4,-0.153,125,2020: +20.24%,2022: -61.29%,-61.29
SMA50_200_RSI45_U100T0_TLT_C2_noBC_VIX35,50,200,45,100,0,TLT,2,False,35,-56.82,-13.07,-0.1643,-0.1482,-83.6,-0.1564,101,2024: +34.77%,2022: -77.57%,-77.57
SMA50_200_RSI50_U75T25_CASH_C2_noBC,50,200,50,75,25,CASH,2,False,False,-53.92,-12.13,-0.1673,-0.1157,-76.08,-0.1594,230,2020: +26.36%,2022: -61.56%,-61.56
SMA100_200_RSI50_U100T0_TLT_C0_noBC_VIX35,100,200,50,100,0,TLT,0,False,35,-54.17,-12.21,-0.1681,-0.1487,-78.76,-0.155,124,2024: +23.37%,2022: -69.25%,-69.25
SMA50_200_RSI45_U100T0_TLT_C0_noBC_VIX35,50,200,45,100,0,TLT,0,False,35,-57.33,-13.25,-0.1696,-0.153,-83.6,-0.1585,100,2024: +34.77%,2022: -77.57%,-77.57
SMA100_200_RSI50_U100T0_TLT_C2_noBC,100,200,50,100,0,TLT,2,False,False,-54.65,-12.36,-0.1715,-0.1526,-79.24,-0.156,116,2024: +22.90%,2022: -69.94%,-69.94
SMA50_200_RSI50_U100T0_SHY_C0_noBC_VIX35,50,200,50,100,0,SHY,0,False,35,-52.29,-11.62,-0.1716,-0.141,-74.4,-0.1561,124,2020: +18.36%,2022: -61.29%,-61.29
SMA50_200_RSI45_U100T0_TLT_C2_noBC,50,200,45,100,0,TLT,2,False,False,-58.03,-13.49,-0.1756,-0.1593,-83.96,-0.1606,94,2024: +34.25%,2022: -78.07%,-78.07
SMA50_200_RSI50_U75T25_SHY_C2_noBC,50,200,50,75,25,SHY,2,False,False,-54.8,-12.41,-0.1762,-0.1465,-76.9,-0.1614,231,2020: +25.97%,2022: -63.20%,-63.2
SMA100_200_RSI50_U100T0_TLT_C0_noBC,100,200,50,100,0,TLT,0,False,False,-55.18,-12.53,-0.1771,-0.1576,-79.24,-0.1582,115,2024: +22.90%,2022: -69.94%,-69.94
SMA50_200_RSI50_U75T25_CASH_C0_noBC,50,200,50,75,25,CASH,0,False,False,-54.92,-12.45,-0.1779,-0.1233,-76.08,-0.1636,230,2020: +23.60%,2022: -61.56%,-61.56
SMA50_200_RSI45_U100T0_TLT_C0_noBC,50,200,45,100,0,TLT,0,False,False,-58.52,-13.66,-0.1809,-0.1641,-83.96,-0.1626,93,2024: +34.25%,2022: -78.07%,-78.07
SMA50_200_RSI50_U75T25_SHY_C0_noBC,50,200,50,75,25,SHY,0,False,False,-55.65,-12.69,-0.1853,-0.1541,-76.9,-0.165,230,2020: +23.60%,2022: -63.20%,-63.2
SMA50_200_RSI50_U75T25_CASH_C2_noBC_VIX35,50,200,50,75,25,CASH,2,False,35,-56.76,-13.06,-0.2002,-0.1381,-76.08,-0.1716,230,2020: +18.56%,2022: -61.56%,-61.56
SMA100_200_RSI50_U75T25_TLT_C2_noBC,100,200,50,75,25,TLT,2,False,False,-60.16,-14.23,-0.2108,-0.1895,-81.43,-0.1748,230,2020: +22.78%,2022: -71.74%,-71.74
SMA50_200_RSI50_U75T25_CASH_C0_noBC_VIX35,50,200,50,75,25,CASH,0,False,35,-57.71,-13.38,-0.2108,-0.1457,-76.08,-0.1758,230,2020: +15.97%,2022: -61.56%,-61.56
SMA100_200_RSI50_U75T25_TLT_C2_noBC_VIX35,100,200,50,75,25,TLT,2,False,35,-60.02,-14.19,-0.2118,-0.1891,-80.89,-0.1754,239,2024: +21.72%,2022: -71.10%,-71.1
SMA100_200_RSI50_U75T25_TLT_C0_noBC,100,200,50,75,25,TLT,0,False,False,-60.75,-14.45,-0.2177,-0.1957,-81.43,-0.1775,229,2024: +21.26%,2022: -71.74%,-71.74
SMA100_200_RSI50_U75T25_TLT_C0_noBC_VIX35,100,200,50,75,25,TLT,0,False,35,-60.62,-14.4,-0.2187,-0.1953,-80.89,-0.178,238,2024: +21.72%,2022: -71.10%,-71.1
SMA50_200_RSI50_U75T25_SHY_C2_noBC_VIX35,50,200,50,75,25,SHY,2,False,35,-58.56,-13.67,-0.2203,-0.1824,-76.96,-0.1776,240,2020: +17.90%,2022: -63.32%,-63.32
SMA50_200_RSI50_U75T25_SHY_C0_noBC_VIX35,50,200,50,75,25,SHY,0,False,35,-59.34,-13.94,-0.2295,-0.19,-76.96,-0.1811,239,2024: +16.34%,2022: -63.32%,-63.32
SMA50_200_RSI45_U75T25_TLT_C2_noBC_VIX35,50,200,45,75,25,TLT,2,False,35,-66.14,-16.53,-0.2356,-0.2113,-84.63,-0.1953,216,2024: +36.25%,2022: -78.96%,-78.96
SMA50_200_RSI45_U75T25_TLT_C2_noBC,50,200,45,75,25,TLT,2,False,False,-66.46,-16.66,-0.2372,-0.2142,-84.98,-0.1961,209,2024: +35.73%,2022: -79.43%,-79.43
SMA50_200_RSI45_U75T25_TLT_C0_noBC_VIX35,50,200,45,75,25,TLT,0,False,35,-66.65,-16.74,-0.2419,-0.2171,-84.63,-0.1978,215,2024: +36.25%,2022: -78.96%,-78.96
SMA50_200_RSI45_U75T25_TLT_C0_noBC,50,200,45,75,25,TLT,0,False,False,-66.96,-16.87,-0.2435,-0.22,-84.98,-0.1986,208,2024: +35.73%,2022: -79.43%,-79.43
SMA50_200_RSI50_U100T0_TLT_C2_noBC_VIX35,50,200,50,100,0,TLT,2,False,35,-61.19,-14.61,-0.2486,-0.219,-81.64,-0.1789,125,2024: +23.37%,2022: -70.81%,-70.81
SMA50_200_RSI50_U100T0_TLT_C0_noBC_VIX35,50,200,50,100,0,TLT,0,False,35,-61.65,-14.78,-0.2542,-0.224,-81.64,-0.181,124,2024: +23.37%,2022: -70.81%,-70.81
SMA50_200_RSI50_U100T0_TLT_C2_noBC,50,200,50,100,0,TLT,2,False,False,-62.05,-14.93,-0.2573,-0.2281,-82.06,-0.1819,116,2024: +22.90%,2022: -71.47%,-71.47
SMA50_200_RSI50_U100T0_TLT_C0_noBC,50,200,50,100,0,TLT,0,False,False,-62.49,-15.09,-0.2629,-0.2331,-82.06,-0.184,115,2024: +22.90%,2022: -71.47%,-71.47
SMA50_200_RSI50_U75T25_TLT_C2_noBC,50,200,50,75,25,TLT,2,False,False,-66.93,-16.86,-0.2987,-0.2668,-83.74,-0.2013,231,2020: +22.78%,2022: -72.97%,-72.97
SMA50_200_RSI50_U75T25_TLT_C2_noBC_VIX35,50,200,50,75,25,TLT,2,False,35,-66.81,-16.81,-0.3001,-0.2662,-83.28,-0.2019,240,2024: +21.72%,2022: -72.35%,-72.35
SMA50_200_RSI50_U75T25_TLT_C0_noBC,50,200,50,75,25,TLT,0,False,False,-67.42,-17.07,-0.3055,-0.273,-83.74,-0.2038,230,2024: +21.26%,2022: -72.97%,-72.97
SMA50_200_RSI50_U75T25_TLT_C0_noBC_VIX35,50,200,50,75,25,TLT,0,False,35,-67.31,-17.02,-0.307,-0.2724,-83.28,-0.2044,239,2024: +21.72%,2022: -72.35%,-72.35
