trade_number,signal_date,execution_date,action,instrument,state_from,state_to,trigger_reason,exec_price,shares_delta,trade_value_dollars,commission_dollars,slippage_dollars,portfolio_value_at_close
1,2012-01-05,2012-01-06,BUY,UPRO,CASH,SMA_RECOVERY,"SMA_RECOVERY: SPY>126(200SMA), VIX=21.5<30",2.6634,21119.6215,56250.0,105.6,28.12,99294.42
2,2012-01-05,2012-01-06,BUY,TQQQ,CASH,SMA_RECOVERY,"SMA_RECOVERY: SPY>126(200SMA), VIX=21.5<30",0.3891,48188.1264,18750.0,187.5,9.38,99294.42
3,2012-01-06,2012-01-09,BUY,UPRO,SMA_RECOVERY,BULL_100,RE-ENTRY COMPLETE: VIX=20.6<30 (50-SMA check skipped),2.6525,6800.8366,18039.22,34.0,9.02,99206.22
4,2012-01-06,2012-01-09,BUY,TQQQ,SMA_RECOVERY,BULL_100,RE-ENTRY COMPLETE: VIX=20.6<30 (50-SMA check skipped),0.3954,14245.7086,5632.75,56.33,2.82,99206.22
5,2012-02-08,2012-02-09,SELL,UPRO,BULL_100,BULL_TRIMMED,RSI TRIM: RSI=75.0,3.1304,-6460.6853,20224.53,32.3,10.11,119400.54
6,2012-02-08,2012-02-09,SELL,TQQQ,BULL_100,BULL_TRIMMED,RSI TRIM: RSI=75.0,0.4986,-17522.9694,8736.95,87.37,4.37,119400.54
7,2012-03-06,2012-03-07,BUY,UPRO,BULL_TRIMMED,BULL_100,RSI RECOVERY: RSI=48.8,3.098,7258.4383,22486.64,36.29,11.24,121175.57
8,2012-03-06,2012-03-07,BUY,TQQQ,BULL_TRIMMED,BULL_100,RSI RECOVERY: RSI=48.8,0.5259,11480.7284,6037.72,57.4,3.02,121175.57
9,2012-04-11,2012-04-12,SELL,UPRO,BULL_100,DEFENSIVE_SPY,DEFENSIVE SPY: SPY below 50-SMA,3.2655,-13969.2585,45616.61,69.85,22.81,131031.52
10,2012-04-11,2012-04-12,SELL,TQQQ,BULL_100,DEFENSIVE_SPY,DEFENSIVE SPY: SPY below 50-SMA,0.5952,-2445.9124,1455.81,12.23,0.73,131031.52
11,2012-04-18,2012-04-19,BUY,UPRO,DEFENSIVE_SPY,BULL_100,RECOVERY: SPY reclaimed 50-SMA,3.3696,13783.6215,46445.29,68.92,23.22,126773.63
12,2012-04-18,2012-04-19,BUY,TQQQ,DEFENSIVE_SPY,BULL_100,RECOVERY: SPY reclaimed 50-SMA,0.5882,538.8256,316.94,2.69,0.16,126773.63
13,2012-04-20,2012-04-23,SELL,UPRO,BULL_100,DEFENSIVE_SPY,DEFENSIVE SPY: SPY below 50-SMA,3.215,-14169.6302,45555.36,70.85,22.78,123350.27
14,2012-04-20,2012-04-23,BUY,TQQQ,BULL_100,DEFENSIVE_SPY,DEFENSIVE SPY: SPY below 50-SMA,0.5544,1043.2278,578.37,5.22,0.29,123350.27
15,2012-04-24,2012-04-25,SELL,UPRO,DEFENSIVE_SPY,DEFENSIVE_BOTH,WORSENING: QQQ also below 50-SMA,3.3671,-265.6514,894.47,1.33,0.45,127266.93
16,2012-04-24,2012-04-25,SELL,TQQQ,DEFENSIVE_SPY,DEFENSIVE_BOTH,WORSENING: QQQ also below 50-SMA,0.5788,-28191.2957,16317.12,140.96,8.16,127266.93
17,2012-04-26,2012-04-27,BUY,UPRO,DEFENSIVE_BOTH,BULL_100,FULL RECOVERY: both above 50-SMA,3.508,13240.6658,46448.26,66.2,23.22,128659.36
18,2012-04-26,2012-04-27,BUY,TQQQ,DEFENSIVE_BOTH,BULL_100,FULL RECOVERY: both above 50-SMA,0.6061,25405.9889,15398.57,127.03,7.7,128659.36
19,2012-05-07,2012-05-08,SELL,UPRO,BULL_100,DEFENSIVE_BOTH,DEFENSIVE BOTH: SPY & QQQ below 50-SMA,3.1913,-13661.1872,43596.95,68.31,21.8,116508.99
20,2012-05-07,2012-05-08,SELL,TQQQ,BULL_100,DEFENSIVE_BOTH,DEFENSIVE BOTH: SPY & QQQ below 50-SMA,0.5324,-25415.4315,13531.18,127.08,6.77,116508.99
21,2012-06-01,2012-06-04,SELL,UPRO,DEFENSIVE_BOTH,CASH,"KILL: VIX=26.7, SPY vs 200SMA",2.6488,-13676.771,36227.03,68.38,72.45,105964.41
22,2012-06-01,2012-06-04,SELL,TQQQ,DEFENSIVE_BOTH,CASH,"KILL: VIX=26.7, SPY vs 200SMA",0.441,-27326.9968,12051.21,120.51,24.1,105964.41
23,2012-06-05,2012-06-06,BUY,UPRO,CASH,SMA_RECOVERY,"SMA_RECOVERY: SPY>129(200SMA), VIX=24.7<30",2.7455,21710.0637,59604.98,108.55,29.8,109286.56
24,2012-06-05,2012-06-06,BUY,TQQQ,CASH,SMA_RECOVERY,"SMA_RECOVERY: SPY>129(200SMA), VIX=24.7<30",0.4632,42893.6239,19868.33,198.68,9.93,109286.56
25,2012-06-06,2012-06-07,BUY,UPRO,SMA_RECOVERY,BULL_100,RE-ENTRY COMPLETE: VIX=22.2<30 (50-SMA check skipped),2.968,6295.0246,18683.63,31.48,9.34,108070.11
26,2012-06-06,2012-06-07,BUY,TQQQ,SMA_RECOVERY,BULL_100,RE-ENTRY COMPLETE: VIX=22.2<30 (50-SMA check skipped),0.4981,12730.4824,6341.05,63.41,3.17,108070.11
27,2012-06-08,2012-06-11,SELL,UPRO,BULL_100,DEFENSIVE_BOTH,DEFENSIVE BOTH: SPY & QQQ below 50-SMA,3.0163,-13903.0412,41935.74,69.52,20.97,109670.26
28,2012-06-08,2012-06-11,SELL,TQQQ,BULL_100,DEFENSIVE_BOTH,DEFENSIVE BOTH: SPY & QQQ below 50-SMA,0.5024,-27402.2349,13766.88,137.01,6.88,109670.26
29,2012-06-20,2012-06-21,BUY,UPRO,DEFENSIVE_BOTH,BULL_100,FULL RECOVERY: both above 50-SMA,3.1567,13148.015,41504.34,65.74,20.75,107489.08
30,2012-06-20,2012-06-21,BUY,TQQQ,DEFENSIVE_BOTH,BULL_100,FULL RECOVERY: both above 50-SMA,0.5264,26248.9181,13817.43,131.24,6.91,107489.08
31,2012-06-22,2012-06-25,SELL,UPRO,BULL_100,DEFENSIVE_BOTH,DEFENSIVE BOTH: SPY & QQQ below 50-SMA,2.9075,-13459.9303,39134.75,67.3,19.57,105483.42
32,2012-06-22,2012-06-25,SELL,TQQQ,BULL_100,DEFENSIVE_BOTH,DEFENSIVE BOTH: SPY & QQQ below 50-SMA,0.4912,-27262.0435,13391.12,133.91,6.7,105483.42
33,2012-07-02,2012-07-03,BUY,UPRO,DEFENSIVE_BOTH,BULL_100,FULL RECOVERY: both above 50-SMA,3.2,12121.3765,38788.4,60.61,19.39,113716.57
34,2012-07-02,2012-07-03,BUY,TQQQ,DEFENSIVE_BOTH,BULL_100,FULL RECOVERY: both above 50-SMA,0.526,25336.7713,13327.14,126.68,6.66,113716.57
35,2012-07-12,2012-07-13,BUY,UPRO,BULL_100,DEFENSIVE_QQQ,DEFENSIVE QQQ: QQQ below 50-SMA,3.015,61.4554,185.29,1.0,0.09,108033.47
36,2012-07-12,2012-07-13,SELL,TQQQ,BULL_100,DEFENSIVE_QQQ,DEFENSIVE QQQ: QQQ below 50-SMA,0.4831,-25529.5492,12333.33,123.33,6.17,108033.47
37,2012-07-16,2012-07-17,SELL,UPRO,DEFENSIVE_QQQ,BULL_100,RECOVERY: QQQ reclaimed 50-SMA,3.1575,-437.6112,1381.76,2.19,0.69,109008.19
38,2012-07-16,2012-07-17,BUY,TQQQ,DEFENSIVE_QQQ,BULL_100,RECOVERY: QQQ reclaimed 50-SMA,0.5056,26140.5953,13216.68,130.7,6.61,109008.19
39,2012-09-14,2012-09-17,SELL,UPRO,BULL_100,BULL_TRIMMED,RSI TRIM: RSI=76.1,3.9484,-5935.9294,23437.42,29.68,11.72,137203.11
40,2012-09-14,2012-09-17,SELL,TQQQ,BULL_100,BULL_TRIMMED,RSI TRIM: RSI=76.1,0.6736,-14861.6495,10010.81,74.31,5.01,137203.11
41,2012-09-25,2012-09-26,BUY,UPRO,BULL_TRIMMED,BULL_100,RSI RECOVERY: RSI=52.5,3.7809,6451.7358,24393.37,32.26,12.2,130178.17
42,2012-09-25,2012-09-26,BUY,TQQQ,BULL_TRIMMED,BULL_100,RSI RECOVERY: RSI=52.5,0.634,13491.0096,8553.3,67.46,4.28,130178.17
43,2012-10-10,2012-10-11,SELL,UPRO,BULL_100,DEFENSIVE_QQQ,DEFENSIVE QQQ: QQQ below 50-SMA,3.7867,-127.1858,481.61,1.0,0.24,128446.74
44,2012-10-10,2012-10-11,SELL,TQQQ,BULL_100,DEFENSIVE_QQQ,DEFENSIVE QQQ: QQQ below 50-SMA,0.5992,-24481.098,14669.07,122.41,7.33,128446.74
45,2012-10-22,2012-10-23,SELL,UPRO,DEFENSIVE_QQQ,DEFENSIVE_BOTH,WORSENING: SPY also below 50-SMA,3.5913,-12949.0359,46503.87,64.75,23.25,123648.86
46,2012-10-22,2012-10-23,BUY,TQQQ,DEFENSIVE_QQQ,DEFENSIVE_BOTH,WORSENING: SPY also below 50-SMA,0.5467,1106.1811,604.75,5.53,0.3,123648.86
47,2012-11-08,2012-11-09,SELL,UPRO,DEFENSIVE_BOTH,CASH,"KILL: VIX=18.5, SPY vs 200SMA",3.2663,-12974.9373,42380.04,64.87,84.76,117989.22
48,2012-11-08,2012-11-09,SELL,TQQQ,DEFENSIVE_BOTH,CASH,"KILL: VIX=18.5, SPY vs 200SMA",0.4889,-28411.0068,13890.14,138.9,27.78,117989.22
49,2012-11-19,2012-11-20,BUY,UPRO,CASH,SMA_RECOVERY,"SMA_RECOVERY: SPY>138(200SMA), VIX=15.2<30",3.3517,19801.5748,66368.94,99.01,33.18,118121.04
50,2012-11-19,2012-11-20,BUY,TQQQ,CASH,SMA_RECOVERY,"SMA_RECOVERY: SPY>138(200SMA), VIX=15.2<30",0.5008,44175.2784,22122.98,220.88,11.06,118121.04
51,2012-11-20,2012-11-21,BUY,UPRO,SMA_RECOVERY,BULL_100,RE-ENTRY COMPLETE: VIX=15.1<30 (50-SMA check skipped),3.3805,6173.6551,20870.04,30.87,10.44,118630.37
52,2012-11-20,2012-11-21,BUY,TQQQ,SMA_RECOVERY,BULL_100,RE-ENTRY COMPLETE: VIX=15.1<30 (50-SMA check skipped),0.5023,14096.1827,7080.51,70.48,3.54,118630.37
53,2012-11-23,2012-11-26,SELL,UPRO,BULL_100,DEFENSIVE_BOTH,DEFENSIVE BOTH: SPY & QQQ below 50-SMA,3.4755,-12824.7715,44572.49,64.12,22.29,122351.07
54,2012-11-23,2012-11-26,SELL,TQQQ,BULL_100,DEFENSIVE_BOTH,DEFENSIVE BOTH: SPY & QQQ below 50-SMA,0.524,-29197.4038,15299.44,145.99,7.65,122351.07
55,2012-12-07,2012-12-10,BUY,UPRO,DEFENSIVE_BOTH,DEFENSIVE_QQQ,"PARTIAL: SPY recovered, QQQ still below",3.5905,12570.7855,45135.41,62.85,22.57,123867.75
56,2012-12-07,2012-12-10,BUY,TQQQ,DEFENSIVE_BOTH,DEFENSIVE_QQQ,"PARTIAL: SPY recovered, QQQ still below",0.5235,328.084,171.75,1.64,0.09,123867.75
57,2012-12-12,2012-12-13,SELL,UPRO,DEFENSIVE_QQQ,BULL_100,RECOVERY: QQQ reclaimed 50-SMA,3.6834,-300.2046,1105.77,1.5,0.55,123959.33
58,2012-12-12,2012-12-13,BUY,TQQQ,DEFENSIVE_QQQ,BULL_100,RECOVERY: QQQ reclaimed 50-SMA,0.5463,27731.2139,15149.56,138.66,7.57,123959.33
59,2012-12-14,2012-12-17,BUY,UPRO,BULL_100,DEFENSIVE_QQQ,DEFENSIVE QQQ: QQQ below 50-SMA,3.6092,74.5846,269.19,1.0,0.13,125529.26
60,2012-12-14,2012-12-17,SELL,TQQQ,BULL_100,DEFENSIVE_QQQ,DEFENSIVE QQQ: QQQ below 50-SMA,0.5221,-27758.7764,14492.86,138.79,7.25,125529.26
61,2012-12-18,2012-12-19,SELL,UPRO,DEFENSIVE_QQQ,BULL_100,RECOVERY: QQQ reclaimed 50-SMA,3.8413,-385.3239,1480.14,1.93,0.74,126830.48
62,2012-12-18,2012-12-19,BUY,TQQQ,DEFENSIVE_QQQ,BULL_100,RECOVERY: QQQ reclaimed 50-SMA,0.5713,26904.1977,15370.37,134.52,7.69,126830.48
63,2012-12-25,2012-12-26,BUY,UPRO,BULL_100,DEFENSIVE_QQQ,DEFENSIVE QQQ: QQQ below 50-SMA,3.695,110.4308,408.04,1.0,0.2,121791.48
64,2012-12-25,2012-12-26,SELL,TQQQ,BULL_100,DEFENSIVE_QQQ,DEFENSIVE QQQ: QQQ below 50-SMA,0.5387,-27446.8354,14785.61,137.23,7.39,121791.48
65,2012-12-28,2012-12-31,SELL,UPRO,DEFENSIVE_QQQ,DEFENSIVE_BOTH,WORSENING: SPY also below 50-SMA,3.4721,-12532.0926,43512.68,62.66,21.76,121030.05
66,2012-12-28,2012-12-31,BUY,TQQQ,DEFENSIVE_QQQ,DEFENSIVE_BOTH,WORSENING: SPY also below 50-SMA,0.5039,311.5532,156.99,1.56,0.08,121030.05
67,2013-01-02,2013-01-03,BUY,UPRO,DEFENSIVE_BOTH,BULL_100,FULL RECOVERY: both above 50-SMA,3.9425,11014.9786,43426.55,55.07,21.71,124643.23
68,2013-01-02,2013-01-03,BUY,TQQQ,DEFENSIVE_BOTH,BULL_100,FULL RECOVERY: both above 50-SMA,0.5895,23698.7498,13970.41,118.49,6.99,124643.23
69,2013-02-26,2013-02-27,SELL,UPRO,BULL_100,DEFENSIVE_QQQ,DEFENSIVE QQQ: QQQ below 50-SMA,4.2433,-419.2307,1778.92,2.1,0.89,136005.49
70,2013-02-26,2013-02-27,SELL,TQQQ,BULL_100,DEFENSIVE_QQQ,DEFENSIVE QQQ: QQQ below 50-SMA,0.5696,-23932.297,13631.84,119.66,6.82,136005.49
71,2013-02-28,2013-03-01,SELL,UPRO,DEFENSIVE_QQQ,BULL_100,RECOVERY: QQQ reclaimed 50-SMA,4.3425,-351.037,1524.38,1.76,0.76,136863.84
72,2013-02-28,2013-03-01,BUY,TQQQ,DEFENSIVE_QQQ,BULL_100,RECOVERY: QQQ reclaimed 50-SMA,0.5768,28642.1032,16520.77,143.21,8.26,136863.84
73,2013-04-18,2013-04-19,SELL,UPRO,BULL_100,DEFENSIVE_QQQ,DEFENSIVE QQQ: QQQ below 50-SMA,4.6642,-106.4341,496.43,1.0,0.25,144474.84
74,2013-04-18,2013-04-19,SELL,TQQQ,BULL_100,DEFENSIVE_QQQ,DEFENSIVE QQQ: QQQ below 50-SMA,0.5874,-27342.8526,16061.19,136.71,8.03,144474.84
75,2013-04-23,2013-04-24,SELL,UPRO,DEFENSIVE_QQQ,BULL_100,RECOVERY: QQQ reclaimed 50-SMA,4.9704,-365.2638,1815.51,1.83,0.91,150605.3
76,2013-04-23,2013-04-24,BUY,TQQQ,DEFENSIVE_QQQ,BULL_100,RECOVERY: QQQ reclaimed 50-SMA,0.639,28029.3993,17910.79,140.15,8.96,150605.3
77,2013-06-21,2013-06-24,SELL,UPRO,BULL_100,DEFENSIVE_BOTH,DEFENSIVE BOTH: SPY & QQQ below 50-SMA,4.9517,-11049.4877,54713.75,55.25,27.36,149886.16
78,2013-06-21,2013-06-24,SELL,TQQQ,BULL_100,DEFENSIVE_BOTH,DEFENSIVE BOTH: SPY & QQQ below 50-SMA,0.6545,-29458.5566,19280.63,147.29,9.64,149886.16
79,2013-07-08,2013-07-09,BUY,UPRO,DEFENSIVE_BOTH,BULL_100,FULL RECOVERY: both above 50-SMA,5.6817,9676.6083,54979.59,48.38,27.49,161521.82
80,2013-07-08,2013-07-09,BUY,TQQQ,DEFENSIVE_BOTH,BULL_100,FULL RECOVERY: both above 50-SMA,0.7445,24866.7354,18513.28,124.33,9.26,161521.82
81,2013-08-20,2013-08-21,SELL,UPRO,BULL_100,DEFENSIVE_SPY,DEFENSIVE SPY: SPY below 50-SMA,5.6725,-10185.5436,57777.5,50.93,28.89,164176.95
82,2013-08-20,2013-08-21,SELL,TQQQ,BULL_100,DEFENSIVE_SPY,DEFENSIVE SPY: SPY below 50-SMA,0.8183,-3258.9304,2666.78,16.29,1.33,164176.95
83,2013-08-23,2013-08-26,BUY,UPRO,DEFENSIVE_SPY,BULL_100,RECOVERY: SPY reclaimed 50-SMA,5.8442,10539.4836,61594.85,52.7,30.8,167054.26
84,2013-08-23,2013-08-26,SELL,TQQQ,DEFENSIVE_SPY,BULL_100,RECOVERY: SPY reclaimed 50-SMA,0.8594,-1782.0369,1531.48,8.91,0.77,167054.26
85,2013-08-27,2013-08-28,SELL,UPRO,BULL_100,DEFENSIVE_SPY,DEFENSIVE SPY: SPY below 50-SMA,5.4734,-10613.682,58092.93,53.07,29.05,159189.88
86,2013-08-27,2013-08-28,BUY,TQQQ,BULL_100,DEFENSIVE_SPY,DEFENSIVE SPY: SPY below 50-SMA,0.8044,517.0247,415.89,2.59,0.21,159189.88
87,2013-09-10,2013-09-11,BUY,UPRO,DEFENSIVE_SPY,BULL_100,RECOVERY: SPY reclaimed 50-SMA,6.0242,9895.5933,59613.03,49.48,29.81,170391.28
88,2013-09-10,2013-09-11,SELL,TQQQ,DEFENSIVE_SPY,BULL_100,RECOVERY: SPY reclaimed 50-SMA,0.8901,-2368.0589,2107.81,11.84,1.05,170391.28
89,2013-10-08,2013-10-09,SELL,UPRO,BULL_100,DEFENSIVE_SPY,DEFENSIVE SPY: SPY below 50-SMA,5.7867,-10172.3871,58864.55,50.86,29.43,161773.54
90,2013-10-08,2013-10-09,SELL,TQQQ,BULL_100,DEFENSIVE_SPY,DEFENSIVE SPY: SPY below 50-SMA,0.8837,-688.8975,608.78,3.44,0.3,161773.54
91,2013-10-09,2013-10-10,SELL,UPRO,DEFENSIVE_SPY,DEFENSIVE_BOTH,WORSENING: QQQ also below 50-SMA,5.9384,-135.0943,802.24,1.0,0.4,167478.4
92,2013-10-09,2013-10-10,SELL,TQQQ,DEFENSIVE_SPY,DEFENSIVE_BOTH,WORSENING: QQQ also below 50-SMA,0.897,-23077.7112,20700.71,115.39,10.35,167478.4
93,2013-10-11,2013-10-14,BUY,UPRO,DEFENSIVE_BOTH,BULL_100,FULL RECOVERY: both above 50-SMA,6.1409,9855.8848,60524.0,49.28,30.26,173079.44
94,2013-10-11,2013-10-14,BUY,TQQQ,DEFENSIVE_BOTH,BULL_100,FULL RECOVERY: both above 50-SMA,0.9285,21705.6515,20153.7,108.53,10.08,173079.44
95,2014-01-27,2014-01-28,SELL,UPRO,BULL_100,DEFENSIVE_SPY,DEFENSIVE SPY: SPY below 50-SMA,7.1809,-9844.6836,70693.69,49.22,35.35,201400.54
96,2014-01-27,2014-01-28,SELL,TQQQ,BULL_100,DEFENSIVE_SPY,DEFENSIVE SPY: SPY below 50-SMA,1.1777,-2303.3463,2712.65,11.52,1.36,201400.54
97,2014-01-28,2014-01-29,BUY,UPRO,DEFENSIVE_SPY,DEFENSIVE_BOTH,WORSENING: QQQ also below 50-SMA,7.1,38.893,276.14,1.0,0.14,197540.48
98,2014-01-28,2014-01-29,SELL,TQQQ,DEFENSIVE_SPY,DEFENSIVE_BOTH,WORSENING: QQQ also below 50-SMA,1.1642,-21111.9465,24578.53,105.56,12.29,197540.48
99,2014-01-31,2014-02-03,BUY,UPRO,DEFENSIVE_BOTH,DEFENSIVE_SPY,"PARTIAL: QQQ recovered, SPY still below",7.1367,4.6057,32.87,1.0,0.02,191359.36
100,2014-01-31,2014-02-03,BUY,TQQQ,DEFENSIVE_BOTH,DEFENSIVE_SPY,"PARTIAL: QQQ recovered, SPY still below",1.204,20102.6443,24203.58,100.51,12.1,191359.36
101,2014-02-04,2014-02-05,BUY,UPRO,DEFENSIVE_SPY,DEFENSIVE_BOTH,WORSENING: QQQ also below 50-SMA,6.7467,226.4241,1527.62,1.13,0.76,192875.01
102,2014-02-04,2014-02-05,SELL,TQQQ,DEFENSIVE_SPY,DEFENSIVE_BOTH,WORSENING: QQQ also below 50-SMA,1.1407,-20289.4448,23144.17,101.45,11.57,192875.01
103,2014-02-10,2014-02-11,SELL,UPRO,DEFENSIVE_BOTH,DEFENSIVE_SPY,"PARTIAL: QQQ recovered, SPY still below",7.39,-440.0781,3252.18,2.2,1.63,205674.87
104,2014-02-10,2014-02-11,BUY,TQQQ,DEFENSIVE_BOTH,DEFENSIVE_SPY,"PARTIAL: QQQ recovered, SPY still below",1.2788,18428.6623,23566.57,92.14,11.78,205674.87
105,2014-02-12,2014-02-13,BUY,UPRO,DEFENSIVE_SPY,BULL_100,RECOVERY: SPY reclaimed 50-SMA,7.4642,9971.5429,74429.59,49.86,37.21,211297.84
106,2014-02-12,2014-02-13,SELL,TQQQ,DEFENSIVE_SPY,BULL_100,RECOVERY: SPY reclaimed 50-SMA,1.2929,-590.138,762.99,2.95,0.38,211297.84
107,2014-03-25,2014-03-26,SELL,UPRO,BULL_100,DEFENSIVE_QQQ,DEFENSIVE QQQ: QQQ below 50-SMA,8.3325,-186.3646,1552.88,1.0,0.78,215482.55
108,2014-03-25,2014-03-26,SELL,TQQQ,BULL_100,DEFENSIVE_QQQ,DEFENSIVE QQQ: QQQ below 50-SMA,1.3402,-18160.7925,24339.09,90.8,12.17,215482.55
109,2014-04-02,2014-04-03,SELL,UPRO,DEFENSIVE_QQQ,BULL_100,RECOVERY: QQQ reclaimed 50-SMA,8.6116,-326.9048,2815.17,1.63,1.41,225476.08
110,2014-04-02,2014-04-03,BUY,TQQQ,DEFENSIVE_QQQ,BULL_100,RECOVERY: QQQ reclaimed 50-SMA,1.3644,20711.6046,28258.91,103.56,14.13,225476.08
111,2014-04-07,2014-04-08,SELL,UPRO,BULL_100,DEFENSIVE_QQQ,DEFENSIVE QQQ: QQQ below 50-SMA,7.9417,-61.2912,486.76,1.0,0.24,210939.4
112,2014-04-07,2014-04-08,SELL,TQQQ,BULL_100,DEFENSIVE_QQQ,DEFENSIVE QQQ: QQQ below 50-SMA,1.1904,-19626.2966,23363.14,98.13,11.68,210939.4
113,2014-04-11,2014-04-14,SELL,UPRO,DEFENSIVE_QQQ,DEFENSIVE_BOTH,WORSENING: SPY also below 50-SMA,7.7567,-9816.619,76144.57,49.08,38.07,203345.23
114,2014-04-11,2014-04-14,BUY,TQQQ,DEFENSIVE_QQQ,DEFENSIVE_BOTH,WORSENING: SPY also below 50-SMA,1.1504,257.7443,296.51,1.29,0.15,203345.23
115,2014-04-18,2014-04-21,BUY,UPRO,DEFENSIVE_BOTH,DEFENSIVE_QQQ,"PARTIAL: SPY recovered, QQQ still below",8.205,9288.276,76210.3,46.44,38.11,211151.34
116,2014-04-18,2014-04-21,SELL,TQQQ,DEFENSIVE_BOTH,DEFENSIVE_QQQ,"PARTIAL: SPY recovered, QQQ still below",1.2146,-577.899,701.92,2.89,0.35,211151.34
117,2014-05-13,2014-05-14,SELL,UPRO,DEFENSIVE_QQQ,BULL_100,RECOVERY: QQQ reclaimed 50-SMA,8.64,-318.7102,2753.66,1.59,1.38,216430.44
118,2014-05-13,2014-05-14,BUY,TQQQ,DEFENSIVE_QQQ,BULL_100,RECOVERY: QQQ reclaimed 50-SMA,1.2786,20829.9899,26633.23,104.15,13.32,216430.44
119,2014-05-15,2014-05-16,BUY,UPRO,BULL_100,DEFENSIVE_QQQ,DEFENSIVE QQQ: QQQ below 50-SMA,8.3225,231.3703,1925.58,1.16,0.96,213047.58
120,2014-05-15,2014-05-16,SELL,TQQQ,BULL_100,DEFENSIVE_QQQ,DEFENSIVE QQQ: QQQ below 50-SMA,1.2434,-21124.9693,26266.79,105.62,13.13,213047.58
121,2014-05-19,2014-05-20,SELL,UPRO,DEFENSIVE_QQQ,BULL_100,RECOVERY: QQQ reclaimed 50-SMA,8.4742,-200.1087,1695.76,1.0,0.85,211590.21
122,2014-05-19,2014-05-20,BUY,TQQQ,DEFENSIVE_QQQ,BULL_100,RECOVERY: QQQ reclaimed 50-SMA,1.2892,20038.8532,25834.09,100.19,12.92,211590.21
123,2014-08-01,2014-08-04,SELL,UPRO,BULL_100,DEFENSIVE_SPY,DEFENSIVE SPY: SPY below 50-SMA,9.1167,-8978.4692,81854.01,44.89,40.93,241792.5
124,2014-08-01,2014-08-04,SELL,TQQQ,BULL_100,DEFENSIVE_SPY,DEFENSIVE SPY: SPY below 50-SMA,1.5975,-3761.9675,6009.74,18.81,3.0,241792.5
125,2014-08-19,2014-08-20,BUY,UPRO,DEFENSIVE_SPY,BULL_100,RECOVERY: SPY reclaimed 50-SMA,9.855,9284.9401,91503.08,46.42,45.75,256555.86
126,2014-08-19,2014-08-20,SELL,TQQQ,DEFENSIVE_SPY,BULL_100,RECOVERY: SPY reclaimed 50-SMA,1.7898,-2376.2119,4252.94,11.88,2.13,256555.86
127,2014-09-30,2014-10-01,SELL,UPRO,BULL_100,DEFENSIVE_SPY,DEFENSIVE SPY: SPY below 50-SMA,9.7267,-9449.6461,91913.87,47.25,45.96,245572.78
128,2014-09-30,2014-10-01,BUY,TQQQ,BULL_100,DEFENSIVE_SPY,DEFENSIVE SPY: SPY below 50-SMA,1.7882,20.5876,36.81,1.0,0.02,245572.78
129,2014-10-02,2014-10-03,BUY,UPRO,DEFENSIVE_SPY,DEFENSIVE_BOTH,WORSENING: QQQ also below 50-SMA,9.5725,34.4247,329.53,1.0,0.16,249835.91
130,2014-10-02,2014-10-03,SELL,TQQQ,DEFENSIVE_SPY,DEFENSIVE_BOTH,WORSENING: QQQ also below 50-SMA,1.745,-17367.8756,30306.94,86.84,15.15,249835.91
131,2014-10-10,2014-10-13,SELL,UPRO,DEFENSIVE_BOTH,CASH,"KILL: VIX=21.2, SPY vs 200SMA",8.78,-9730.6276,85434.91,48.65,170.87,236854.39
132,2014-10-10,2014-10-13,SELL,TQQQ,DEFENSIVE_BOTH,CASH,"KILL: VIX=21.2, SPY vs 200SMA",1.5563,-17793.0148,27691.27,88.97,55.38,236854.39
133,2014-10-21,2014-10-22,BUY,UPRO,CASH,SMA_RECOVERY,"SMA_RECOVERY: SPY>191(200SMA), VIX=16.1<30",9.3209,14293.748,133230.6,71.47,66.62,231915.52
134,2014-10-21,2014-10-22,BUY,TQQQ,CASH,SMA_RECOVERY,"SMA_RECOVERY: SPY>191(200SMA), VIX=16.1<30",1.6961,26183.7147,44410.2,130.92,22.21,231915.52
135,2014-10-22,2014-10-23,BUY,UPRO,SMA_RECOVERY,BULL_100,RE-ENTRY COMPLETE: VIX=17.9<30 (50-SMA check skipped),9.3409,4550.0358,42501.43,22.75,21.25,238792.45
136,2014-10-22,2014-10-23,BUY,TQQQ,SMA_RECOVERY,BULL_100,RE-ENTRY COMPLETE: VIX=17.9<30 (50-SMA check skipped),1.7042,8244.541,14050.35,41.22,7.03,238792.45
137,2014-10-24,2014-10-27,SELL,UPRO,BULL_100,DEFENSIVE_SPY,DEFENSIVE SPY: SPY below 50-SMA,9.4959,-9294.2282,88257.06,46.47,44.13,242851.93
138,2014-10-24,2014-10-27,SELL,TQQQ,BULL_100,DEFENSIVE_SPY,DEFENSIVE SPY: SPY below 50-SMA,1.7602,-83.058,146.2,1.0,0.07,242851.93
139,2014-10-29,2014-10-30,BUY,UPRO,DEFENSIVE_SPY,BULL_100,RECOVERY: SPY reclaimed 50-SMA,9.7541,9166.3479,89409.47,45.83,44.7,252313.2
140,2014-10-29,2014-10-30,SELL,TQQQ,DEFENSIVE_SPY,BULL_100,RECOVERY: SPY reclaimed 50-SMA,1.809,-706.5769,1278.2,3.53,0.64,252313.2
141,2014-11-27,2014-11-28,SELL,UPRO,BULL_100,BULL_TRIMMED,RSI TRIM: RSI=75.6,11.28,-4412.2912,49770.64,22.06,24.89,286452.37
142,2014-11-27,2014-11-28,SELL,TQQQ,BULL_100,BULL_TRIMMED,RSI TRIM: RSI=75.6,2.1807,-8976.0893,19574.16,44.88,9.79,286452.37
143,2014-12-09,2014-12-10,BUY,UPRO,BULL_TRIMMED,BULL_100,RSI RECOVERY: RSI=59.5,11.0117,4658.8193,51301.52,23.29,25.65,269803.21
144,2014-12-09,2014-12-10,BUY,TQQQ,BULL_TRIMMED,BULL_100,RSI RECOVERY: RSI=59.5,2.1129,8279.3349,17493.41,41.4,8.75,269803.21
145,2014-12-16,2014-12-17,SELL,UPRO,BULL_100,DEFENSIVE_SPY,DEFENSIVE SPY: SPY below 50-SMA,9.8292,-9442.3093,92810.35,47.21,46.41,257600.34
146,2014-12-16,2014-12-17,BUY,TQQQ,BULL_100,DEFENSIVE_SPY,DEFENSIVE SPY: SPY below 50-SMA,1.8346,1061.9806,1948.31,5.31,0.97,257600.34
147,2014-12-18,2014-12-19,BUY,UPRO,DEFENSIVE_SPY,BULL_100,RECOVERY: SPY reclaimed 50-SMA,11.2142,8414.0536,94356.88,42.07,47.18,271580.02
148,2014-12-18,2014-12-19,SELL,TQQQ,DEFENSIVE_SPY,BULL_100,RECOVERY: SPY reclaimed 50-SMA,2.0771,-1728.4893,3590.25,8.64,1.8,271580.02
149,2015-01-06,2015-01-07,SELL,UPRO,BULL_100,DEFENSIVE_BOTH,DEFENSIVE BOTH: SPY & QQQ below 50-SMA,10.385,-8921.3793,92648.52,44.61,46.32,251213.23
150,2015-01-06,2015-01-07,SELL,TQQQ,BULL_100,DEFENSIVE_BOTH,DEFENSIVE BOTH: SPY & QQQ below 50-SMA,1.8819,-15696.7415,29539.7,78.48,14.77,251213.23
151,2015-01-23,2015-01-26,BUY,UPRO,DEFENSIVE_BOTH,BULL_100,FULL RECOVERY: both above 50-SMA,10.8517,8554.658,92832.58,42.77,46.42,258790.67
152,2015-01-23,2015-01-26,BUY,TQQQ,DEFENSIVE_BOTH,BULL_100,FULL RECOVERY: both above 50-SMA,2.0709,14106.3916,29212.93,70.53,14.61,258790.67
153,2015-01-28,2015-01-29,SELL,UPRO,BULL_100,DEFENSIVE_BOTH,DEFENSIVE BOTH: SPY & QQQ below 50-SMA,10.1617,-8770.7402,89125.63,43.85,44.56,241335.21
154,2015-01-28,2015-01-29,SELL,TQQQ,BULL_100,DEFENSIVE_BOTH,DEFENSIVE BOTH: SPY & QQQ below 50-SMA,1.8727,-14774.0107,27667.29,73.87,13.83,241335.21
155,2015-02-06,2015-02-09,BUY,UPRO,DEFENSIVE_BOTH,DEFENSIVE_QQQ,"PARTIAL: SPY recovered, QQQ still below",10.8117,8239.8676,89086.98,41.2,44.54,245120.11
156,2015-02-06,2015-02-09,SELL,TQQQ,DEFENSIVE_BOTH,DEFENSIVE_QQQ,"PARTIAL: SPY recovered, QQQ still below",1.9782,-392.3089,776.07,1.96,0.39,245120.11
157,2015-02-11,2015-02-12,SELL,UPRO,DEFENSIVE_QQQ,BULL_100,RECOVERY: QQQ reclaimed 50-SMA,11.3034,-198.8147,2247.28,1.0,1.12,260131.65
158,2015-02-11,2015-02-12,BUY,TQQQ,DEFENSIVE_QQQ,BULL_100,RECOVERY: QQQ reclaimed 50-SMA,2.1359,14183.704,30294.97,70.92,15.15,260131.65
159,2015-03-11,2015-03-12,SELL,UPRO,BULL_100,DEFENSIVE_SPY,DEFENSIVE SPY: SPY below 50-SMA,10.84,-8276.8852,89721.44,41.38,44.86,251226.12
160,2015-03-11,2015-03-12,SELL,TQQQ,BULL_100,DEFENSIVE_SPY,DEFENSIVE SPY: SPY below 50-SMA,2.1032,-286.9106,603.43,1.43,0.3,251226.12
161,2015-03-17,2015-03-18,BUY,UPRO,DEFENSIVE_SPY,BULL_100,RECOVERY: SPY reclaimed 50-SMA,11.1667,8256.3533,92196.22,41.28,46.1,263437.68
162,2015-03-17,2015-03-18,SELL,TQQQ,DEFENSIVE_SPY,BULL_100,RECOVERY: SPY reclaimed 50-SMA,2.1965,-916.6543,2013.43,4.58,1.01,263437.68
163,2015-03-26,2015-03-27,SELL,UPRO,BULL_100,DEFENSIVE_SPY,DEFENSIVE SPY: SPY below 50-SMA,10.9217,-8359.8121,91303.36,41.8,45.65,247705.32
164,2015-03-26,2015-03-27,BUY,TQQQ,BULL_100,DEFENSIVE_SPY,DEFENSIVE SPY: SPY below 50-SMA,2.1127,648.5323,1370.15,3.24,0.69,247705.32
165,2015-03-27,2015-03-30,SELL,UPRO,DEFENSIVE_SPY,DEFENSIVE_BOTH,WORSENING: QQQ also below 50-SMA,11.2234,-79.2131,889.04,1.0,0.44,252780.24
166,2015-03-27,2015-03-30,SELL,TQQQ,DEFENSIVE_SPY,DEFENSIVE_BOTH,WORSENING: QQQ also below 50-SMA,2.1804,-14772.015,32208.9,73.86,16.1,252780.24
167,2015-04-09,2015-04-10,BUY,UPRO,DEFENSIVE_BOTH,BULL_100,FULL RECOVERY: both above 50-SMA,11.5617,7961.6873,92050.64,39.81,46.03,257273.61
168,2015-04-09,2015-04-10,BUY,TQQQ,DEFENSIVE_BOTH,BULL_100,FULL RECOVERY: both above 50-SMA,2.2457,13665.948,30689.62,68.33,15.34,257273.61
169,2015-05-06,2015-05-07,SELL,UPRO,BULL_100,DEFENSIVE_BOTH,DEFENSIVE BOTH: SPY & QQQ below 50-SMA,11.3084,-8093.5213,91524.78,40.47,45.76,250370.22
170,2015-05-06,2015-05-07,SELL,TQQQ,BULL_100,DEFENSIVE_BOTH,DEFENSIVE BOTH: SPY & QQQ below 50-SMA,2.194,-13873.3619,30438.16,69.37,15.22,250370.22
171,2015-05-11,2015-05-12,BUY,UPRO,DEFENSIVE_BOTH,BULL_100,FULL RECOVERY: both above 50-SMA,11.5809,7880.6976,91265.57,39.4,45.63,252559.73
172,2015-05-11,2015-05-12,BUY,TQQQ,DEFENSIVE_BOTH,BULL_100,FULL RECOVERY: both above 50-SMA,2.2494,13508.4909,30386.0,67.54,15.19,252559.73
173,2015-06-08,2015-06-09,SELL,UPRO,BULL_100,DEFENSIVE_SPY,DEFENSIVE SPY: SPY below 50-SMA,11.365,-7937.7344,90212.35,39.69,45.11,248133.53
174,2015-06-08,2015-06-09,SELL,TQQQ,BULL_100,DEFENSIVE_SPY,DEFENSIVE SPY: SPY below 50-SMA,2.2604,-226.4594,511.89,1.13,0.26,248133.53
175,2015-06-09,2015-06-10,SELL,UPRO,DEFENSIVE_SPY,DEFENSIVE_BOTH,WORSENING: QQQ also below 50-SMA,11.5117,-43.4428,500.1,1.0,0.25,252990.85
176,2015-06-09,2015-06-10,SELL,TQQQ,DEFENSIVE_SPY,DEFENSIVE_BOTH,WORSENING: QQQ also below 50-SMA,2.2879,-13787.7804,31545.06,68.94,15.77,252990.85
177,2015-06-11,2015-06-12,BUY,UPRO,DEFENSIVE_BOTH,BULL_100,FULL RECOVERY: both above 50-SMA,11.7017,7850.1697,91860.33,39.25,45.93,249649.91
178,2015-06-11,2015-06-12,BUY,TQQQ,DEFENSIVE_BOTH,BULL_100,FULL RECOVERY: both above 50-SMA,2.3298,13118.5387,30563.57,65.59,15.28,249649.91
179,2015-06-15,2015-06-16,SELL,UPRO,BULL_100,DEFENSIVE_SPY,DEFENSIVE SPY: SPY below 50-SMA,11.42,-7927.2244,90528.9,39.64,45.26,248655.07
180,2015-06-15,2015-06-16,BUY,TQQQ,BULL_100,DEFENSIVE_SPY,DEFENSIVE SPY: SPY below 50-SMA,2.2663,325.4801,737.64,1.63,0.37,248655.07
181,2015-06-19,2015-06-22,BUY,UPRO,DEFENSIVE_SPY,BULL_100,RECOVERY: SPY reclaimed 50-SMA,12.0833,7659.6422,92553.75,38.3,46.28,255791.3
182,2015-06-19,2015-06-22,SELL,TQQQ,DEFENSIVE_SPY,BULL_100,RECOVERY: SPY reclaimed 50-SMA,2.4498,-1246.6759,3054.11,6.23,1.53,255791.3
183,2015-06-25,2015-06-26,SELL,UPRO,BULL_100,DEFENSIVE_SPY,DEFENSIVE SPY: SPY below 50-SMA,11.8017,-7779.6873,91813.54,38.9,45.91,248328.84
184,2015-06-25,2015-06-26,BUY,TQQQ,BULL_100,DEFENSIVE_SPY,DEFENSIVE SPY: SPY below 50-SMA,2.4002,196.4467,471.51,1.0,0.24,248328.84
185,2015-06-30,2015-07-01,BUY,UPRO,DEFENSIVE_SPY,DEFENSIVE_BOTH,WORSENING: QQQ also below 50-SMA,11.3683,79.8963,908.28,1.0,0.45,242677.49
186,2015-06-30,2015-07-01,SELL,TQQQ,DEFENSIVE_SPY,DEFENSIVE_BOTH,WORSENING: QQQ also below 50-SMA,2.2761,-12689.1612,28881.8,63.45,14.44,242677.49
187,2015-07-08,2015-07-09,SELL,UPRO,DEFENSIVE_BOTH,CASH,"KILL: VIX=19.7, SPY vs 200SMA",11.225,-8028.6929,90122.08,40.14,180.24,241276.71
188,2015-07-08,2015-07-09,SELL,TQQQ,DEFENSIVE_BOTH,CASH,"KILL: VIX=19.7, SPY vs 200SMA",2.2357,-13366.8101,29884.18,66.83,59.77,241276.71
189,2015-07-10,2015-07-13,BUY,UPRO,CASH,SMA_RECOVERY,"SMA_RECOVERY: SPY>206(200SMA), VIX=16.8<30",11.535,11765.7695,135718.15,58.83,67.86,243619.08
190,2015-07-10,2015-07-13,BUY,TQQQ,CASH,SMA_RECOVERY,"SMA_RECOVERY: SPY>206(200SMA), VIX=16.8<30",2.299,19677.8529,45239.38,98.39,22.62,243619.08
191,2015-07-13,2015-07-14,BUY,UPRO,SMA_RECOVERY,BULL_100,RE-ENTRY COMPLETE: VIX=13.9<30 (50-SMA check skipped),11.6483,3772.4748,43942.92,18.86,21.97,247246.35
192,2015-07-13,2015-07-14,BUY,TQQQ,SMA_RECOVERY,BULL_100,RE-ENTRY COMPLETE: VIX=13.9<30 (50-SMA check skipped),2.3702,5776.2763,13690.93,28.88,6.85,247246.35
193,2015-07-24,2015-07-27,SELL,UPRO,BULL_100,DEFENSIVE_SPY,DEFENSIVE SPY: SPY below 50-SMA,11.1833,-7571.9766,84679.69,37.86,42.34,236756.55
194,2015-07-24,2015-07-27,SELL,TQQQ,BULL_100,DEFENSIVE_SPY,DEFENSIVE SPY: SPY below 50-SMA,2.4138,-848.6214,2048.4,4.24,1.02,236756.55
195,2015-07-30,2015-07-31,BUY,UPRO,DEFENSIVE_SPY,BULL_100,RECOVERY: SPY reclaimed 50-SMA,11.9083,7399.1812,88111.67,37.0,44.06,243176.74
196,2015-07-30,2015-07-31,SELL,TQQQ,DEFENSIVE_SPY,BULL_100,RECOVERY: SPY reclaimed 50-SMA,2.5427,-618.3583,1572.3,3.09,0.79,243176.74
197,2015-08-04,2015-08-05,SELL,UPRO,BULL_100,DEFENSIVE_SPY,DEFENSIVE SPY: SPY below 50-SMA,11.7433,-7601.8933,89271.31,38.01,44.64,242888.23
198,2015-08-04,2015-08-05,BUY,TQQQ,BULL_100,DEFENSIVE_SPY,DEFENSIVE SPY: SPY below 50-SMA,2.5138,191.3222,480.95,1.0,0.24,242888.23
199,2015-08-18,2015-08-19,BUY,UPRO,DEFENSIVE_SPY,BULL_100,RECOVERY: SPY reclaimed 50-SMA,11.485,7650.8976,87870.56,38.25,43.94,235986.18
200,2015-08-18,2015-08-19,BUY,TQQQ,DEFENSIVE_SPY,BULL_100,RECOVERY: SPY reclaimed 50-SMA,2.4063,345.3471,831.01,1.73,0.42,235986.18
201,2015-08-20,2015-08-21,SELL,UPRO,BULL_100,CASH,"KILL: VIX=19.1, SPY vs 200SMA",10.3,-15414.4533,158768.87,77.07,317.54,211796.9
202,2015-08-20,2015-08-21,SELL,TQQQ,BULL_100,CASH,"KILL: VIX=19.1, SPY vs 200SMA",2.0938,-24523.8189,51347.97,122.62,102.7,211796.9
203,2015-10-23,2015-10-26,BUY,UPRO,CASH,SMA_RECOVERY,"SMA_RECOVERY: SPY>206(200SMA), VIX=14.5<30",10.975,10855.194,119135.75,54.28,59.57,211191.03
204,2015-10-23,2015-10-26,BUY,TQQQ,CASH,SMA_RECOVERY,"SMA_RECOVERY: SPY>206(200SMA), VIX=14.5<30",2.4527,16191.1029,39711.92,80.96,19.86,211191.03
205,2015-10-26,2015-10-27,BUY,UPRO,SMA_RECOVERY,BULL_100,RE-ENTRY COMPLETE: VIX=15.3<30 (50-SMA check skipped),10.8,3549.9081,38339.01,17.75,19.17,210848.38
206,2015-10-26,2015-10-27,BUY,TQQQ,SMA_RECOVERY,BULL_100,RE-ENTRY COMPLETE: VIX=15.3<30 (50-SMA check skipped),2.4432,5034.4896,12300.27,25.17,6.15,210848.38
207,2015-11-12,2015-11-13,SELL,UPRO,BULL_100,CASH,"KILL: VIX=18.4, SPY vs 200SMA",10.4783,-14405.1021,150940.98,72.03,301.88,202793.71
208,2015-11-12,2015-11-13,SELL,TQQQ,BULL_100,CASH,"KILL: VIX=18.4, SPY vs 200SMA",2.3748,-21225.5925,50406.54,106.13,100.81,202793.71
209,2015-11-18,2015-11-19,BUY,UPRO,CASH,SMA_RECOVERY,"SMA_RECOVERY: SPY>207(200SMA), VIX=16.9<30",11.1167,10261.2702,114071.46,51.31,57.04,202565.45
210,2015-11-18,2015-11-19,BUY,TQQQ,CASH,SMA_RECOVERY,"SMA_RECOVERY: SPY>207(200SMA), VIX=16.9<30",2.5059,15173.7184,38023.82,75.87,19.01,202565.45
211,2015-11-19,2015-11-20,BUY,UPRO,SMA_RECOVERY,BULL_100,RE-ENTRY COMPLETE: VIX=17.0<30 (50-SMA check skipped),11.2633,3227.5894,36353.31,16.14,18.18,204490.34
212,2015-11-19,2015-11-20,BUY,TQQQ,SMA_RECOVERY,BULL_100,RE-ENTRY COMPLETE: VIX=17.0<30 (50-SMA check skipped),2.5404,4761.3407,12095.71,23.81,6.05,204490.34
213,2015-12-03,2015-12-04,SELL,UPRO,BULL_100,CASH,"KILL: VIX=18.1, SPY vs 200SMA",10.7017,-13488.8596,144353.73,67.44,288.71,194495.79
214,2015-12-03,2015-12-04,SELL,TQQQ,BULL_100,CASH,"KILL: VIX=18.1, SPY vs 200SMA",2.4436,-19935.0591,48713.31,99.68,97.43,194495.79
215,2015-12-04,2015-12-07,BUY,UPRO,CASH,SMA_RECOVERY,"SMA_RECOVERY: SPY>207(200SMA), VIX=14.8<30",11.185,9781.3039,109403.88,48.91,54.7,192332.2
216,2015-12-04,2015-12-07,BUY,TQQQ,CASH,SMA_RECOVERY,"SMA_RECOVERY: SPY>207(200SMA), VIX=14.8<30",2.5971,14041.801,36467.96,70.21,18.23,192332.2
217,2015-12-07,2015-12-08,BUY,UPRO,SMA_RECOVERY,BULL_100,RE-ENTRY COMPLETE: VIX=15.8<30 (50-SMA check skipped),10.74,3233.81,34731.12,16.17,17.37,190723.53
218,2015-12-07,2015-12-08,BUY,TQQQ,SMA_RECOVERY,BULL_100,RE-ENTRY COMPLETE: VIX=15.8<30 (50-SMA check skipped),2.4766,4771.9387,11818.18,23.86,5.91,190723.53
219,2015-12-09,2015-12-10,SELL,UPRO,BULL_100,CASH,"KILL: VIX=19.6, SPY vs 200SMA",10.575,-13015.1138,137634.83,65.08,275.27,185141.34
220,2015-12-09,2015-12-10,SELL,TQQQ,BULL_100,CASH,"KILL: VIX=19.6, SPY vs 200SMA",2.4564,-18813.7396,46214.07,94.07,92.43,185141.34
221,2015-12-16,2015-12-17,BUY,UPRO,CASH,SMA_RECOVERY,"SMA_RECOVERY: SPY>206(200SMA), VIX=17.9<30",11.0283,9443.16,104142.0,47.22,52.07,177769.72
222,2015-12-16,2015-12-17,BUY,TQQQ,CASH,SMA_RECOVERY,"SMA_RECOVERY: SPY>206(200SMA), VIX=17.9<30",2.5346,13696.0469,34714.0,68.48,17.36,177769.72
223,2015-12-17,2015-12-18,SELL,UPRO,SMA_RECOVERY,CASH,"KILL: VIX=18.9, SPY vs 200SMA",10.3033,-9443.16,97295.71,47.22,194.59,175498.11
224,2015-12-17,2015-12-18,SELL,TQQQ,SMA_RECOVERY,CASH,"KILL: VIX=18.9, SPY vs 200SMA",2.3713,-13696.0469,32477.44,68.48,64.95,175498.11
225,2015-12-29,2015-12-30,BUY,UPRO,CASH,SMA_RECOVERY,"SMA_RECOVERY: SPY>206(200SMA), VIX=16.1<30",10.945,9019.4322,98717.69,45.1,49.36,172841.39
226,2015-12-29,2015-12-30,BUY,TQQQ,CASH,SMA_RECOVERY,"SMA_RECOVERY: SPY>206(200SMA), VIX=16.1<30",2.5317,12997.5491,32905.9,64.99,16.45,172841.39
227,2015-12-30,2015-12-31,SELL,UPRO,SMA_RECOVERY,CASH,"KILL: VIX=17.3, SPY vs 200SMA",10.6367,-9019.4322,95936.99,45.1,191.87,171043.92
228,2015-12-30,2015-12-31,SELL,TQQQ,SMA_RECOVERY,CASH,"KILL: VIX=17.3, SPY vs 200SMA",2.4446,-12997.5491,31773.81,64.99,63.55,171043.92
229,2016-03-11,2016-03-14,BUY,UPRO,CASH,SMA_RECOVERY,"SMA_RECOVERY: SPY>202(200SMA), VIX=16.5<30",9.8883,9729.9033,96212.2,48.65,48.11,171897.99
230,2016-03-11,2016-03-14,BUY,TQQQ,CASH,SMA_RECOVERY,"SMA_RECOVERY: SPY>202(200SMA), VIX=16.5<30",1.9463,16477.7959,32070.73,82.39,16.04,171897.99
231,2016-03-14,2016-03-15,BUY,UPRO,SMA_RECOVERY,BULL_100,RE-ENTRY COMPLETE: VIX=16.9<30 (50-SMA check skipped),9.7767,3176.9022,31059.62,15.88,15.53,171859.5
232,2016-03-14,2016-03-15,BUY,TQQQ,SMA_RECOVERY,BULL_100,RE-ENTRY COMPLETE: VIX=16.9<30 (50-SMA check skipped),1.9575,5009.81,9806.7,25.05,4.9,171859.5
233,2016-04-29,2016-05-02,SELL,UPRO,BULL_100,DEFENSIVE_QQQ,DEFENSIVE QQQ: QQQ below 50-SMA,10.7217,-193.8593,2078.5,1.0,1.04,184040.83
234,2016-04-29,2016-05-02,SELL,TQQQ,BULL_100,DEFENSIVE_QQQ,DEFENSIVE QQQ: QQQ below 50-SMA,1.9415,-9786.6534,19000.79,48.93,9.5,184040.83
235,2016-05-18,2016-05-19,SELL,UPRO,DEFENSIVE_QQQ,DEFENSIVE_BOTH,WORSENING: SPY also below 50-SMA,10.245,-6300.9771,64553.51,31.5,32.28,175212.12
236,2016-05-18,2016-05-19,SELL,TQQQ,DEFENSIVE_QQQ,DEFENSIVE_BOTH,WORSENING: SPY also below 50-SMA,1.9036,-198.0766,377.06,1.0,0.19,175212.12
237,2016-05-25,2016-05-26,BUY,UPRO,DEFENSIVE_BOTH,BULL_100,FULL RECOVERY: both above 50-SMA,11.07,5856.1419,64827.49,29.28,32.41,182745.05
238,2016-05-25,2016-05-26,BUY,TQQQ,DEFENSIVE_BOTH,BULL_100,FULL RECOVERY: both above 50-SMA,2.1215,9835.4836,20865.98,49.18,10.43,182745.05
239,2016-06-14,2016-06-15,BUY,UPRO,BULL_100,DEFENSIVE_QQQ,DEFENSIVE QQQ: QQQ below 50-SMA,10.9017,68.2417,743.95,1.0,0.37,177426.02
240,2016-06-14,2016-06-15,SELL,TQQQ,BULL_100,DEFENSIVE_QQQ,DEFENSIVE QQQ: QQQ below 50-SMA,2.0557,-10434.7569,21450.73,52.17,10.73,177426.02
241,2016-06-20,2016-06-21,SELL,UPRO,DEFENSIVE_QQQ,DEFENSIVE_BOTH,WORSENING: SPY also below 50-SMA,11.0333,-6203.2807,68442.66,31.02,34.22,180600.35
242,2016-06-20,2016-06-21,BUY,TQQQ,DEFENSIVE_QQQ,DEFENSIVE_BOTH,WORSENING: SPY also below 50-SMA,2.0165,282.1191,568.89,1.41,0.28,180600.35
243,2016-06-22,2016-06-23,BUY,UPRO,DEFENSIVE_BOTH,DEFENSIVE_QQQ,"PARTIAL: SPY recovered, QQQ still below",11.2433,6016.1585,67641.48,30.08,33.82,184573.57
244,2016-06-22,2016-06-23,SELL,TQQQ,DEFENSIVE_BOTH,DEFENSIVE_QQQ,"PARTIAL: SPY recovered, QQQ still below",2.0577,-121.7957,250.62,1.0,0.13,184573.57
245,2016-06-27,2016-06-28,SELL,UPRO,DEFENSIVE_QQQ,CASH,"KILL: VIX=23.9, SPY vs 200SMA",9.915,-12149.2306,120459.62,60.75,240.92,162511.25
246,2016-06-27,2016-06-28,SELL,TQQQ,DEFENSIVE_QQQ,CASH,"KILL: VIX=23.9, SPY vs 200SMA",1.7848,-11063.9261,19746.9,55.32,39.49,162511.25
247,2016-06-28,2016-06-29,BUY,UPRO,CASH,SMA_RECOVERY,"SMA_RECOVERY: SPY>202(200SMA), VIX=18.8<30",10.3967,8792.4608,91412.58,43.96,45.71,165619.15
248,2016-06-28,2016-06-29,BUY,TQQQ,CASH,SMA_RECOVERY,"SMA_RECOVERY: SPY>202(200SMA), VIX=18.8<30",1.8857,16158.9114,30470.86,80.79,15.24,165619.15
249,2016-06-29,2016-06-30,BUY,UPRO,SMA_RECOVERY,BULL_100,RE-ENTRY COMPLETE: VIX=16.6<30 (50-SMA check skipped),10.75,2703.3053,29060.53,13.52,14.53,171569.14
250,2016-06-29,2016-06-30,BUY,TQQQ,SMA_RECOVERY,BULL_100,RE-ENTRY COMPLETE: VIX=16.6<30 (50-SMA check skipped),1.9479,4988.5612,9717.22,24.94,4.86,171569.14
251,2016-09-12,2016-09-13,SELL,UPRO,BULL_100,DEFENSIVE_SPY,DEFENSIVE SPY: SPY below 50-SMA,11.8767,-5482.3247,65111.93,27.41,32.56,188214.22
252,2016-09-12,2016-09-13,SELL,TQQQ,BULL_100,DEFENSIVE_SPY,DEFENSIVE SPY: SPY below 50-SMA,2.4738,-1900.4736,4701.39,9.5,2.35,188214.22
253,2016-10-14,2016-10-17,BUY,UPRO,DEFENSIVE_SPY,DEFENSIVE_BOTH,WORSENING: QQQ also below 50-SMA,11.7017,112.5019,1316.46,1.0,0.66,190269.92
254,2016-10-14,2016-10-17,SELL,TQQQ,DEFENSIVE_SPY,DEFENSIVE_BOTH,WORSENING: QQQ also below 50-SMA,2.5688,-9945.1265,25547.04,49.73,12.77,190269.92
255,2016-10-19,2016-10-20,SELL,UPRO,DEFENSIVE_BOTH,DEFENSIVE_SPY,"PARTIAL: QQQ recovered, SPY still below",11.8233,-30.408,359.52,1.0,0.18,192154.96
256,2016-10-19,2016-10-20,BUY,TQQQ,DEFENSIVE_BOTH,DEFENSIVE_SPY,"PARTIAL: QQQ recovered, SPY still below",2.6061,9134.1922,23804.62,45.67,11.9,192154.96
257,2016-10-31,2016-11-01,BUY,UPRO,DEFENSIVE_SPY,DEFENSIVE_BOTH,WORSENING: QQQ also below 50-SMA,11.655,32.8357,382.7,1.0,0.19,187902.98
258,2016-10-31,2016-11-01,SELL,TQQQ,DEFENSIVE_SPY,DEFENSIVE_BOTH,WORSENING: QQQ also below 50-SMA,2.5719,-9178.8148,23606.99,45.89,11.8,187902.98
259,2016-11-10,2016-11-11,BUY,UPRO,DEFENSIVE_BOTH,DEFENSIVE_QQQ,"PARTIAL: SPY recovered, QQQ still below",12.1567,5728.6383,69641.34,28.64,34.82,193070.63
260,2016-11-10,2016-11-11,BUY,TQQQ,DEFENSIVE_BOTH,DEFENSIVE_QQQ,"PARTIAL: SPY recovered, QQQ still below",2.4319,621.3158,1510.98,3.11,0.76,193070.63
261,2016-11-22,2016-11-23,SELL,UPRO,DEFENSIVE_QQQ,BULL_100,RECOVERY: QQQ reclaimed 50-SMA,12.8033,-151.2332,1936.28,1.0,0.97,203151.49
262,2016-11-22,2016-11-23,BUY,TQQQ,DEFENSIVE_QQQ,BULL_100,RECOVERY: QQQ reclaimed 50-SMA,2.6404,9041.8709,23874.16,45.21,11.94,203151.49
263,2016-12-01,2016-12-02,SELL,UPRO,BULL_100,DEFENSIVE_QQQ,DEFENSIVE QQQ: QQQ below 50-SMA,12.74,-88.8704,1132.21,1.0,0.57,197331.96
264,2016-12-01,2016-12-02,SELL,TQQQ,BULL_100,DEFENSIVE_QQQ,DEFENSIVE QQQ: QQQ below 50-SMA,2.444,-8827.7349,21574.98,44.14,10.79,197331.96
265,2016-12-08,2016-12-09,SELL,UPRO,DEFENSIVE_QQQ,BULL_100,RECOVERY: QQQ reclaimed 50-SMA,13.7567,-210.8331,2900.37,1.05,1.45,214035.32
266,2016-12-08,2016-12-09,BUY,TQQQ,DEFENSIVE_QQQ,BULL_100,RECOVERY: QQQ reclaimed 50-SMA,2.6659,9526.6787,25397.17,47.63,12.7,214035.32
267,2016-12-09,2016-12-12,SELL,UPRO,BULL_100,BULL_TRIMMED,RSI TRIM: RSI=77.0,13.9367,-2800.3413,39027.52,14.0,19.51,212887.37
268,2016-12-09,2016-12-12,SELL,TQQQ,BULL_100,BULL_TRIMMED,RSI TRIM: RSI=77.0,2.6609,-4594.9533,12226.71,22.97,6.11,212887.37
269,2016-12-28,2016-12-29,BUY,UPRO,BULL_TRIMMED,BULL_100,RSI RECOVERY: RSI=54.5,13.8,2865.498,39543.87,14.33,19.77,212588.05
270,2016-12-28,2016-12-29,BUY,TQQQ,BULL_TRIMMED,BULL_100,RSI RECOVERY: RSI=54.5,2.7423,4217.6888,11566.17,21.09,5.78,212588.05
271,2017-02-14,2017-02-15,SELL,UPRO,BULL_100,BULL_TRIMMED,RSI TRIM: RSI=75.6,15.4317,-2587.9626,39936.66,12.94,19.97,247010.98
272,2017-02-14,2017-02-15,SELL,TQQQ,BULL_100,BULL_TRIMMED,RSI TRIM: RSI=75.6,3.3579,-5634.0171,18918.47,28.17,9.46,247010.98
273,2017-03-14,2017-03-15,BUY,UPRO,BULL_TRIMMED,BULL_100,RSI RECOVERY: RSI=59.8,16.215,2740.897,44443.64,13.7,22.22,257494.76
274,2017-03-14,2017-03-15,BUY,TQQQ,BULL_TRIMMED,BULL_100,RSI RECOVERY: RSI=59.8,3.5975,3856.4194,13873.47,19.28,6.94,257494.76
275,2017-04-14,2017-04-17,SELL,UPRO,BULL_100,DEFENSIVE_SPY,DEFENSIVE SPY: SPY below 50-SMA,15.46,-5705.752,88210.93,28.53,44.11,246544.54
276,2017-04-14,2017-04-17,SELL,TQQQ,BULL_100,DEFENSIVE_SPY,DEFENSIVE SPY: SPY below 50-SMA,3.5392,-229.2403,811.33,1.15,0.41,246544.54
277,2017-04-25,2017-04-26,BUY,UPRO,DEFENSIVE_SPY,BULL_100,RECOVERY: SPY reclaimed 50-SMA,16.5267,5605.3032,92637.16,28.03,46.32,255847.03
278,2017-04-25,2017-04-26,SELL,TQQQ,DEFENSIVE_SPY,BULL_100,RECOVERY: SPY reclaimed 50-SMA,3.9025,-968.0154,3777.68,4.84,1.89,255847.03
279,2017-06-30,2017-07-03,BUY,UPRO,BULL_100,DEFENSIVE_QQQ,DEFENSIVE QQQ: QQQ below 50-SMA,17.545,105.3073,1847.62,1.0,0.92,268752.32
280,2017-06-30,2017-07-03,SELL,TQQQ,BULL_100,DEFENSIVE_QQQ,DEFENSIVE QQQ: QQQ below 50-SMA,4.1417,-8056.818,33368.92,40.28,16.68,268752.32
281,2017-07-13,2017-07-14,SELL,UPRO,DEFENSIVE_QQQ,BULL_100,RECOVERY: QQQ reclaimed 50-SMA,17.85,-68.7394,1227.0,1.0,0.61,281274.83
282,2017-07-13,2017-07-14,BUY,TQQQ,DEFENSIVE_QQQ,BULL_100,RECOVERY: QQQ reclaimed 50-SMA,4.4321,7308.989,32394.17,36.54,16.2,281274.83
283,2017-08-11,2017-08-14,SELL,UPRO,BULL_100,DEFENSIVE_SPY,DEFENSIVE SPY: SPY below 50-SMA,18.0217,-5695.7785,102647.61,28.48,51.32,284032.15
284,2017-08-11,2017-08-14,SELL,TQQQ,BULL_100,DEFENSIVE_SPY,DEFENSIVE SPY: SPY below 50-SMA,4.5604,-69.278,315.94,1.0,0.16,284032.15
285,2017-08-15,2017-08-16,BUY,UPRO,DEFENSIVE_SPY,BULL_100,RECOVERY: SPY reclaimed 50-SMA,18.3333,5689.6677,104310.38,28.45,52.16,284752.17
286,2017-08-15,2017-08-16,SELL,TQQQ,DEFENSIVE_SPY,BULL_100,RECOVERY: SPY reclaimed 50-SMA,4.6708,-333.1095,1555.89,1.67,0.78,284752.17
287,2017-08-18,2017-08-21,SELL,UPRO,BULL_100,DEFENSIVE_BOTH,DEFENSIVE BOTH: SPY & QQQ below 50-SMA,17.355,-5734.7634,99526.82,28.67,49.76,269411.13
288,2017-08-18,2017-08-21,SELL,TQQQ,BULL_100,DEFENSIVE_BOTH,DEFENSIVE BOTH: SPY & QQQ below 50-SMA,4.3679,-7409.6175,32364.47,37.05,16.18,269411.13
289,2017-08-23,2017-08-24,SELL,UPRO,DEFENSIVE_BOTH,DEFENSIVE_SPY,"PARTIAL: QQQ recovered, SPY still below",17.85,-77.6556,1386.15,1.0,0.69,270907.73
290,2017-08-23,2017-08-24,BUY,TQQQ,DEFENSIVE_BOTH,DEFENSIVE_SPY,"PARTIAL: QQQ recovered, SPY still below",4.5283,7381.4256,33425.31,36.91,16.71,270907.73
291,2017-08-30,2017-08-31,BUY,UPRO,DEFENSIVE_SPY,BULL_100,RECOVERY: SPY reclaimed 50-SMA,18.2133,5598.5749,101968.52,27.99,50.98,281218.63
292,2017-08-30,2017-08-31,SELL,TQQQ,DEFENSIVE_SPY,BULL_100,RECOVERY: SPY reclaimed 50-SMA,4.7163,-490.9144,2315.3,2.45,1.16,281218.63
293,2017-09-26,2017-09-27,SELL,UPRO,BULL_100,DEFENSIVE_QQQ,DEFENSIVE QQQ: QQQ below 50-SMA,19.1317,-86.0791,1646.84,1.0,0.82,287669.92
294,2017-09-26,2017-09-27,SELL,TQQQ,BULL_100,DEFENSIVE_QQQ,DEFENSIVE QQQ: QQQ below 50-SMA,4.6188,-6828.5008,31539.48,34.14,15.77,287669.92
295,2017-09-28,2017-09-29,SELL,UPRO,DEFENSIVE_QQQ,BULL_100,RECOVERY: QQQ reclaimed 50-SMA,19.21,-104.5139,2007.71,1.0,1.0,291730.38
296,2017-09-28,2017-09-29,BUY,TQQQ,DEFENSIVE_QQQ,BULL_100,RECOVERY: QQQ reclaimed 50-SMA,4.69,7453.4753,34956.8,37.27,17.48,291730.38
297,2017-10-05,2017-10-06,SELL,UPRO,BULL_100,BULL_TRIMMED,RSI TRIM: RSI=77.2,20.0933,-2707.1395,54395.37,13.54,27.2,302763.96
298,2017-10-05,2017-10-06,SELL,TQQQ,BULL_100,BULL_TRIMMED,RSI TRIM: RSI=77.2,4.9083,-3702.32,18172.1,18.51,9.09,302763.96
299,2017-11-14,2017-11-15,BUY,UPRO,BULL_TRIMMED,BULL_100,RSI RECOVERY: RSI=59.2,20.605,2808.1613,57862.16,14.04,28.93,311332.52
300,2017-11-14,2017-11-15,BUY,TQQQ,BULL_TRIMMED,BULL_100,RSI RECOVERY: RSI=59.2,5.4625,2625.6659,14342.7,13.13,7.17,311332.52
301,2017-11-30,2017-12-01,SELL,UPRO,BULL_100,BULL_TRIMMED,RSI TRIM: RSI=77.0,22.5483,-2868.9219,64689.31,14.34,32.34,335526.37
302,2017-11-30,2017-12-01,SELL,TQQQ,BULL_100,BULL_TRIMMED,RSI TRIM: RSI=77.0,5.6021,-2900.7081,16250.06,14.5,8.13,335526.37
303,2018-02-02,2018-02-05,BUY,UPRO,BULL_TRIMMED,BULL_100,RSI RECOVERY: RSI=45.6,24.85,2557.9675,63565.49,12.79,127.13,330219.74
304,2018-02-02,2018-02-05,BUY,TQQQ,BULL_TRIMMED,BULL_100,RSI RECOVERY: RSI=45.6,6.5729,2541.0608,16702.14,12.71,33.4,330219.74
305,2018-02-05,2018-02-06,SELL,UPRO,BULL_100,CASH,"KILL: VIX=37.3, SPY vs 200SMA",21.1783,-10939.8021,231686.41,54.7,463.37,313012.24
306,2018-02-05,2018-02-06,SELL,TQQQ,BULL_100,CASH,"KILL: VIX=37.3, SPY vs 200SMA",5.7008,-13786.6128,78594.72,68.93,157.19,313012.24
307,2018-02-06,2018-02-07,BUY,UPRO,CASH,SMA_RECOVERY,"SMA_RECOVERY: SPY>253(200SMA), VIX=30.0<30",23.385,7529.1591,176069.39,37.65,352.14,309115.63
308,2018-02-06,2018-02-07,BUY,TQQQ,CASH,SMA_RECOVERY,"SMA_RECOVERY: SPY>253(200SMA), VIX=30.0<30",6.3775,9202.6335,58689.8,46.01,117.38,309115.63
309,2018-02-07,2018-02-08,BUY,UPRO,SMA_RECOVERY,BULL_100,RE-ENTRY COMPLETE: VIX=27.7<30 (50-SMA check skipped),23.2667,2375.4897,55269.81,11.88,110.54,273540.46
310,2018-02-07,2018-02-08,BUY,TQQQ,SMA_RECOVERY,BULL_100,RE-ENTRY COMPLETE: VIX=27.7<30 (50-SMA check skipped),6.2471,3093.6582,19326.39,15.47,38.65,273540.46
311,2018-02-08,2018-02-09,SELL,UPRO,BULL_100,CASH,"KILL: VIX=33.5, SPY vs 200SMA",21.34,-9904.6488,211365.21,49.52,422.73,282888.78
312,2018-02-08,2018-02-09,SELL,TQQQ,BULL_100,CASH,"KILL: VIX=33.5, SPY vs 200SMA",5.6333,-12296.2917,69268.7,61.48,138.54,282888.78
313,2018-02-09,2018-02-12,BUY,UPRO,CASH,SMA_RECOVERY,"SMA_RECOVERY: SPY>254(200SMA), VIX=29.1<30",22.065,7211.6446,159124.94,36.06,318.25,285894.74
314,2018-02-09,2018-02-12,BUY,TQQQ,CASH,SMA_RECOVERY,"SMA_RECOVERY: SPY>254(200SMA), VIX=29.1<30",5.8658,9042.5255,53041.65,45.21,106.08,285894.74
315,2018-02-12,2018-02-13,BUY,UPRO,SMA_RECOVERY,BULL_100,RE-ENTRY COMPLETE: VIX=25.6<30 (50-SMA check skipped),22.0633,2296.753,50673.95,11.48,25.34,289635.04
316,2018-02-12,2018-02-13,BUY,TQQQ,SMA_RECOVERY,BULL_100,RE-ENTRY COMPLETE: VIX=25.6<30 (50-SMA check skipped),5.8846,2840.8441,16717.23,14.2,8.36,289635.04
317,2018-02-14,2018-02-15,SELL,UPRO,BULL_100,DEFENSIVE_SPY,DEFENSIVE SPY: SPY below 50-SMA,24.0,-4677.1576,112251.78,23.39,56.13,312953.88
318,2018-02-14,2018-02-15,SELL,TQQQ,BULL_100,DEFENSIVE_SPY,DEFENSIVE SPY: SPY below 50-SMA,6.5833,-141.5621,931.95,1.0,0.47,312953.88
319,2018-02-19,2018-02-20,BUY,UPRO,DEFENSIVE_SPY,BULL_100,RECOVERY: SPY reclaimed 50-SMA,24.1167,4709.5178,113578.03,23.55,56.79,309684.43
320,2018-02-19,2018-02-20,SELL,TQQQ,DEFENSIVE_SPY,BULL_100,RECOVERY: SPY reclaimed 50-SMA,6.6008,-122.4283,808.12,1.0,0.4,309684.43
321,2018-02-21,2018-02-22,SELL,UPRO,BULL_100,DEFENSIVE_SPY,DEFENSIVE SPY: SPY below 50-SMA,23.865,-4683.68,111776.02,23.42,55.89,307048.39
322,2018-02-21,2018-02-22,SELL,TQQQ,BULL_100,DEFENSIVE_SPY,DEFENSIVE SPY: SPY below 50-SMA,6.7471,-166.1462,1121.01,1.0,0.56,307048.39
323,2018-02-26,2018-02-27,BUY,UPRO,DEFENSIVE_SPY,BULL_100,RECOVERY: SPY reclaimed 50-SMA,25.73,4519.1463,116277.64,22.6,58.14,311985.16
324,2018-02-26,2018-02-27,SELL,TQQQ,DEFENSIVE_SPY,BULL_100,RECOVERY: SPY reclaimed 50-SMA,7.3438,-502.9417,3693.5,2.51,1.85,311985.16
325,2018-03-01,2018-03-02,SELL,UPRO,BULL_100,DEFENSIVE_SPY,DEFENSIVE SPY: SPY below 50-SMA,22.3567,-4638.5846,103703.44,23.19,51.85,291221.47
326,2018-03-01,2018-03-02,BUY,TQQQ,BULL_100,DEFENSIVE_SPY,DEFENSIVE SPY: SPY below 50-SMA,6.3617,149.2562,949.52,1.0,0.47,291221.47
327,2018-03-09,2018-03-12,BUY,UPRO,DEFENSIVE_SPY,BULL_100,RECOVERY: SPY reclaimed 50-SMA,25.9183,4269.8788,110668.0,21.35,55.33,312917.38
328,2018-03-09,2018-03-12,SELL,TQQQ,DEFENSIVE_SPY,BULL_100,RECOVERY: SPY reclaimed 50-SMA,7.7292,-1031.2539,7970.77,5.16,3.99,312917.38
329,2018-03-19,2018-03-20,SELL,UPRO,BULL_100,DEFENSIVE_SPY,DEFENSIVE SPY: SPY below 50-SMA,23.9,-4488.7908,107282.1,22.44,53.64,288464.16
330,2018-03-19,2018-03-20,BUY,TQQQ,BULL_100,DEFENSIVE_SPY,DEFENSIVE SPY: SPY below 50-SMA,6.9183,338.6551,2342.92,1.69,1.17,288464.16
331,2018-03-23,2018-03-26,SELL,UPRO,DEFENSIVE_SPY,CASH,"KILL: VIX=24.9, SPY vs 200SMA",21.5383,-4518.7276,97325.71,22.59,194.65,269455.33
332,2018-03-23,2018-03-26,SELL,TQQQ,DEFENSIVE_SPY,CASH,"KILL: VIX=24.9, SPY vs 200SMA",6.2083,-10406.9487,64609.46,52.03,129.22,269455.33
333,2018-03-26,2018-03-27,BUY,UPRO,CASH,SMA_RECOVERY,"SMA_RECOVERY: SPY>258(200SMA), VIX=21.0<30",22.4883,6739.8879,151568.62,33.7,75.78,253909.1
334,2018-03-26,2018-03-27,BUY,TQQQ,CASH,SMA_RECOVERY,"SMA_RECOVERY: SPY>258(200SMA), VIX=21.0<30",6.6621,7583.6259,50522.87,37.92,25.26,253909.1
335,2018-03-27,2018-03-28,BUY,UPRO,SMA_RECOVERY,BULL_100,RE-ENTRY COMPLETE: VIX=22.5<30 (50-SMA check skipped),21.1183,2168.5589,45796.28,10.84,22.9,250331.21
336,2018-03-27,2018-03-28,BUY,TQQQ,SMA_RECOVERY,BULL_100,RE-ENTRY COMPLETE: VIX=22.5<30 (50-SMA check skipped),5.7821,3261.9869,18861.13,16.31,9.43,250331.21
337,2018-03-30,2018-04-02,SELL,UPRO,BULL_100,DEFENSIVE_BOTH,DEFENSIVE BOTH: SPY & QQQ below 50-SMA,21.555,-4419.9829,95272.73,22.1,47.64,250069.22
338,2018-03-30,2018-04-02,SELL,TQQQ,BULL_100,DEFENSIVE_BOTH,DEFENSIVE BOTH: SPY & QQQ below 50-SMA,5.855,-5337.566,31251.45,26.69,15.63,250069.22
339,2018-04-02,2018-04-03,SELL,UPRO,DEFENSIVE_BOTH,CASH,"KILL: VIX=23.6, SPY vs 200SMA",20.6333,-4488.464,92611.82,22.44,185.22,252126.65
340,2018-04-02,2018-04-03,SELL,TQQQ,DEFENSIVE_BOTH,CASH,"KILL: VIX=23.6, SPY vs 200SMA",5.6146,-5508.0468,30925.48,27.54,61.85,252126.65
341,2018-04-03,2018-04-04,BUY,UPRO,CASH,SMA_RECOVERY,"SMA_RECOVERY: SPY>259(200SMA), VIX=21.1<30",20.0833,7061.6503,141821.24,35.31,70.91,269332.16
342,2018-04-03,2018-04-04,BUY,TQQQ,CASH,SMA_RECOVERY,"SMA_RECOVERY: SPY>259(200SMA), VIX=21.1<30",5.3179,8889.5517,47273.75,44.45,23.64,269332.16
343,2018-04-04,2018-04-05,BUY,UPRO,SMA_RECOVERY,BULL_100,RE-ENTRY COMPLETE: VIX=20.1<30 (50-SMA check skipped),22.19,2096.6257,46524.12,10.48,23.26,273149.4
344,2018-04-04,2018-04-05,BUY,TQQQ,SMA_RECOVERY,BULL_100,RE-ENTRY COMPLETE: VIX=20.1<30 (50-SMA check skipped),6.0908,2232.2573,13596.23,11.16,6.8,273149.4
345,2018-04-06,2018-04-09,SELL,UPRO,BULL_100,DEFENSIVE_BOTH,DEFENSIVE BOTH: SPY & QQQ below 50-SMA,21.1733,-4552.445,96390.28,22.76,48.2,259041.57
346,2018-04-06,2018-04-09,SELL,TQQQ,BULL_100,DEFENSIVE_BOTH,DEFENSIVE BOTH: SPY & QQQ below 50-SMA,5.7058,-5424.6447,30951.94,27.12,15.48,259041.57
347,2018-04-18,2018-04-19,BUY,UPRO,DEFENSIVE_BOTH,BULL_100,FULL RECOVERY: both above 50-SMA,23.1117,4184.783,96717.45,20.92,48.36,270970.29
348,2018-04-18,2018-04-19,BUY,TQQQ,DEFENSIVE_BOTH,BULL_100,FULL RECOVERY: both above 50-SMA,6.5404,4657.2499,30460.28,23.29,15.23,270970.29
349,2018-04-23,2018-04-24,SELL,UPRO,BULL_100,DEFENSIVE_BOTH,DEFENSIVE BOTH: SPY & QQQ below 50-SMA,22.63,-4390.4916,99356.83,21.95,49.68,257664.5
350,2018-04-23,2018-04-24,SELL,TQQQ,BULL_100,DEFENSIVE_BOTH,DEFENSIVE BOTH: SPY & QQQ below 50-SMA,6.1783,-4982.1291,30781.09,24.91,15.39,257664.5
351,2018-05-07,2018-05-08,BUY,UPRO,DEFENSIVE_BOTH,DEFENSIVE_SPY,"PARTIAL: QQQ recovered, SPY still below",22.0983,95.0699,2100.89,1.0,1.05,266234.93
352,2018-05-07,2018-05-08,BUY,TQQQ,DEFENSIVE_BOTH,DEFENSIVE_SPY,"PARTIAL: QQQ recovered, SPY still below",6.5162,4790.7195,31217.29,23.95,15.61,266234.93
353,2018-05-10,2018-05-11,BUY,UPRO,DEFENSIVE_SPY,BULL_100,RECOVERY: SPY reclaimed 50-SMA,23.7033,4156.7909,98529.8,20.78,49.26,277226.55
354,2018-05-10,2018-05-11,SELL,TQQQ,DEFENSIVE_SPY,BULL_100,RECOVERY: SPY reclaimed 50-SMA,6.9229,-288.4896,1997.18,1.44,1.0,277226.55
355,2018-06-28,2018-06-29,SELL,UPRO,BULL_100,DEFENSIVE_SPY,DEFENSIVE SPY: SPY below 50-SMA,23.76,-4241.5653,100779.59,21.21,50.39,276884.16
356,2018-06-28,2018-06-29,SELL,TQQQ,BULL_100,DEFENSIVE_SPY,DEFENSIVE SPY: SPY below 50-SMA,7.2088,-183.4405,1322.39,1.0,0.66,276884.16
357,2018-07-06,2018-07-09,BUY,UPRO,DEFENSIVE_SPY,BULL_100,RECOVERY: SPY reclaimed 50-SMA,24.685,4276.1604,105557.02,21.38,52.78,294557.91
358,2018-07-06,2018-07-09,SELL,TQQQ,DEFENSIVE_SPY,BULL_100,RECOVERY: SPY reclaimed 50-SMA,7.76,-480.2418,3726.68,2.4,1.86,294557.91
359,2018-10-08,2018-10-09,SELL,UPRO,BULL_100,DEFENSIVE_QQQ,DEFENSIVE QQQ: QQQ below 50-SMA,27.7,-110.7238,3067.05,1.0,1.53,317635.09
360,2018-10-08,2018-10-09,SELL,TQQQ,BULL_100,DEFENSIVE_QQQ,DEFENSIVE QQQ: QQQ below 50-SMA,7.9588,-4236.2308,33715.31,21.18,16.86,317635.09
361,2018-10-10,2018-10-11,SELL,UPRO,DEFENSIVE_QQQ,DEFENSIVE_BOTH,WORSENING: SPY also below 50-SMA,24.125,-4213.4094,101648.5,21.07,50.82,279533.47
362,2018-10-10,2018-10-11,BUY,TQQQ,DEFENSIVE_QQQ,DEFENSIVE_BOTH,WORSENING: SPY also below 50-SMA,6.8763,127.1722,874.47,1.0,0.44,279533.47
363,2018-10-11,2018-10-12,SELL,UPRO,DEFENSIVE_BOTH,CASH,"KILL: VIX=25.0, SPY vs 200SMA",24.57,-4362.4451,107185.28,21.81,214.37,283949.44
364,2018-10-11,2018-10-12,SELL,TQQQ,DEFENSIVE_BOTH,CASH,"KILL: VIX=25.0, SPY vs 200SMA",7.2225,-5101.7741,36847.56,25.51,73.7,283949.44
365,2018-10-16,2018-10-17,BUY,UPRO,CASH,SMA_RECOVERY,"SMA_RECOVERY: SPY>276(200SMA), VIX=17.6<30",25.555,6250.1099,159721.56,31.25,79.86,282592.33
366,2018-10-16,2018-10-17,BUY,TQQQ,CASH,SMA_RECOVERY,"SMA_RECOVERY: SPY>276(200SMA), VIX=17.6<30",7.71,6905.3852,53240.52,34.53,26.62,282592.33
367,2018-10-17,2018-10-18,BUY,UPRO,SMA_RECOVERY,BULL_100,RE-ENTRY COMPLETE: VIX=17.4<30 (50-SMA check skipped),25.45,1969.1047,50113.71,9.85,25.06,268849.59
368,2018-10-17,2018-10-18,BUY,TQQQ,SMA_RECOVERY,BULL_100,RE-ENTRY COMPLETE: VIX=17.4<30 (50-SMA check skipped),7.5075,2382.1723,17884.16,11.91,8.94,268849.59
369,2018-10-18,2018-10-19,SELL,UPRO,BULL_100,CASH,"KILL: VIX=20.1, SPY vs 200SMA",24.455,-8219.2147,201000.89,41.1,402.0,270230.09
370,2018-10-18,2018-10-19,SELL,TQQQ,BULL_100,CASH,"KILL: VIX=20.1, SPY vs 200SMA",7.2238,-9287.5575,67091.46,46.44,134.18,270230.09
371,2018-11-07,2018-11-08,BUY,UPRO,CASH,SMA_RECOVERY,"SMA_RECOVERY: SPY>276(200SMA), VIX=16.4<30",25.18,6036.7128,152004.43,30.18,76.0,269040.64
372,2018-11-07,2018-11-08,BUY,TQQQ,CASH,SMA_RECOVERY,"SMA_RECOVERY: SPY>276(200SMA), VIX=16.4<30",7.0988,7137.5645,50668.14,35.69,25.33,269040.64
373,2018-11-08,2018-11-09,BUY,UPRO,SMA_RECOVERY,BULL_100,RE-ENTRY COMPLETE: VIX=16.7<30 (50-SMA check skipped),24.81,1928.7931,47853.36,9.64,23.93,260484.53
374,2018-11-08,2018-11-09,BUY,TQQQ,SMA_RECOVERY,BULL_100,RE-ENTRY COMPLETE: VIX=16.7<30 (50-SMA check skipped),6.865,2458.1725,16875.35,12.29,8.44,260484.53
375,2018-11-12,2018-11-13,SELL,UPRO,BULL_100,CASH,"KILL: VIX=20.4, SPY vs 200SMA",23.385,-7965.5059,186273.36,39.83,372.55,247639.75
376,2018-11-12,2018-11-13,SELL,TQQQ,BULL_100,CASH,"KILL: VIX=20.4, SPY vs 200SMA",6.1838,-9595.7369,59338.12,47.98,118.68,247639.75
377,2018-12-03,2018-12-04,BUY,UPRO,CASH,SMA_RECOVERY,"SMA_RECOVERY: SPY>276(200SMA), VIX=16.4<30",24.275,5738.3053,139297.36,28.69,69.65,231740.54
378,2018-12-03,2018-12-04,BUY,TQQQ,CASH,SMA_RECOVERY,"SMA_RECOVERY: SPY>276(200SMA), VIX=16.4<30",6.5688,7068.6356,46432.45,35.34,23.22,231740.54
379,2018-12-05,2018-12-06,SELL,UPRO,SMA_RECOVERY,CASH,"KILL: VIX=20.7, SPY vs 200SMA",21.335,-5738.3053,122426.74,28.69,244.85,223031.83
380,2018-12-05,2018-12-06,SELL,TQQQ,SMA_RECOVERY,CASH,"KILL: VIX=20.7, SPY vs 200SMA",5.5512,-7068.6356,39239.41,35.34,78.48,223031.83
381,2019-02-12,2019-02-13,BUY,UPRO,CASH,SMA_RECOVERY,"SMA_RECOVERY: SPY>274(200SMA), VIX=15.4<30",22.67,5533.9835,125455.41,27.67,62.73,222328.41
382,2019-02-12,2019-02-13,BUY,TQQQ,CASH,SMA_RECOVERY,"SMA_RECOVERY: SPY>274(200SMA), VIX=15.4<30",6.2325,6709.7423,41818.47,33.55,20.91,222328.41
383,2019-02-13,2019-02-14,BUY,UPRO,SMA_RECOVERY,BULL_100,RE-ENTRY COMPLETE: VIX=15.7<30 (50-SMA check skipped),22.88,1705.2682,39016.54,8.53,19.51,221117.2
384,2019-02-13,2019-02-14,BUY,TQQQ,SMA_RECOVERY,BULL_100,RE-ENTRY COMPLETE: VIX=15.7<30 (50-SMA check skipped),6.0875,2359.8856,14365.8,11.8,7.18,221117.2
385,2019-03-08,2019-03-11,SELL,UPRO,BULL_100,CASH,"KILL: VIX=16.1, SPY vs 200SMA",22.575,-7239.2517,163426.11,36.2,326.85,221467.31
386,2019-03-08,2019-03-11,SELL,TQQQ,BULL_100,CASH,"KILL: VIX=16.1, SPY vs 200SMA",6.2162,-9069.6279,56378.62,45.35,112.76,221467.31
387,2019-03-11,2019-03-12,BUY,UPRO,CASH,SMA_RECOVERY,"SMA_RECOVERY: SPY>275(200SMA), VIX=14.3<30",23.575,5284.2147,124575.36,26.42,62.29,221726.28
388,2019-03-11,2019-03-12,BUY,TQQQ,CASH,SMA_RECOVERY,"SMA_RECOVERY: SPY>275(200SMA), VIX=14.3<30",6.5788,6311.9597,41525.12,31.56,20.76,221726.28
389,2019-03-12,2019-03-13,BUY,UPRO,SMA_RECOVERY,BULL_100,RE-ENTRY COMPLETE: VIX=13.8<30 (50-SMA check skipped),23.645,1708.2081,40390.58,8.54,20.2,227148.28
390,2019-03-12,2019-03-13,BUY,TQQQ,SMA_RECOVERY,BULL_100,RE-ENTRY COMPLETE: VIX=13.8<30 (50-SMA check skipped),6.7338,1872.4155,12608.47,9.36,6.3,227148.28
391,2019-05-14,2019-05-15,SELL,UPRO,BULL_100,DEFENSIVE_BOTH,DEFENSIVE BOTH: SPY & QQQ below 50-SMA,24.565,-3470.8058,85260.34,17.35,42.63,233558.7
392,2019-05-14,2019-05-15,SELL,TQQQ,BULL_100,DEFENSIVE_BOTH,DEFENSIVE BOTH: SPY & QQQ below 50-SMA,6.9325,-4024.8117,27902.01,20.12,13.95,233558.7
393,2019-05-16,2019-05-17,SELL,UPRO,DEFENSIVE_BOTH,DEFENSIVE_SPY,"PARTIAL: QQQ recovered, SPY still below",25.44,-50.7978,1292.3,1.0,0.65,234542.05
394,2019-05-16,2019-05-17,BUY,TQQQ,DEFENSIVE_BOTH,DEFENSIVE_SPY,"PARTIAL: QQQ recovered, SPY still below",7.3613,3836.9988,28245.3,19.18,14.12,234542.05
395,2019-05-20,2019-05-21,BUY,UPRO,DEFENSIVE_SPY,DEFENSIVE_BOTH,WORSENING: QQQ also below 50-SMA,24.85,26.54,659.52,1.0,0.33,233448.69
396,2019-05-20,2019-05-21,SELL,TQQQ,DEFENSIVE_SPY,DEFENSIVE_BOTH,WORSENING: QQQ also below 50-SMA,7.1588,-3949.8237,28276.0,19.75,14.14,233448.69
397,2019-05-31,2019-06-03,SELL,UPRO,DEFENSIVE_BOTH,CASH,"KILL: VIX=18.7, SPY vs 200SMA",22.015,-3497.3593,76994.36,17.49,153.99,217797.27
398,2019-05-31,2019-06-03,SELL,TQQQ,DEFENSIVE_BOTH,CASH,"KILL: VIX=18.7, SPY vs 200SMA",6.2275,-4046.7387,25201.06,20.23,50.4,217797.27
399,2019-06-04,2019-06-05,BUY,UPRO,CASH,SMA_RECOVERY,"SMA_RECOVERY: SPY>277(200SMA), VIX=17.0<30",23.86,5134.5752,122510.97,25.67,61.26,217462.06
400,2019-06-04,2019-06-05,BUY,TQQQ,CASH,SMA_RECOVERY,"SMA_RECOVERY: SPY>277(200SMA), VIX=17.0<30",6.5363,6247.7225,40836.99,31.24,20.42,217462.06
401,2019-06-05,2019-06-06,BUY,UPRO,SMA_RECOVERY,BULL_100,RE-ENTRY COMPLETE: VIX=16.1<30 (50-SMA check skipped),24.39,1572.2611,38347.45,7.86,19.17,222822.96
402,2019-06-05,2019-06-06,BUY,TQQQ,SMA_RECOVERY,BULL_100,RE-ENTRY COMPLETE: VIX=16.1<30 (50-SMA check skipped),6.525,2108.8415,13760.19,10.54,6.88,222822.96
403,2019-06-07,2019-06-10,BUY,UPRO,BULL_100,DEFENSIVE_QQQ,DEFENSIVE QQQ: QQQ below 50-SMA,25.7,134.8241,3464.98,1.0,1.73,235354.01
404,2019-06-07,2019-06-10,SELL,TQQQ,BULL_100,DEFENSIVE_QQQ,DEFENSIVE QQQ: QQQ below 50-SMA,7.17,-4269.3795,30611.45,21.35,15.31,235354.01
405,2019-06-18,2019-06-19,SELL,UPRO,DEFENSIVE_QQQ,BULL_100,RECOVERY: QQQ reclaimed 50-SMA,26.72,-74.9441,2002.51,1.0,1.0,246481.88
406,2019-06-18,2019-06-19,BUY,TQQQ,DEFENSIVE_QQQ,BULL_100,RECOVERY: QQQ reclaimed 50-SMA,7.6913,3748.7974,28833.13,18.74,14.42,246481.88
407,2019-08-06,2019-08-07,SELL,UPRO,BULL_100,DEFENSIVE_BOTH,DEFENSIVE BOTH: SPY & QQQ below 50-SMA,25.335,-3387.4243,85820.4,16.94,42.91,229163.41
408,2019-08-06,2019-08-07,SELL,TQQQ,BULL_100,DEFENSIVE_BOTH,DEFENSIVE BOTH: SPY & QQQ below 50-SMA,6.9513,-3730.5453,25932.14,18.65,12.97,229163.41
409,2019-09-05,2019-09-06,BUY,UPRO,DEFENSIVE_BOTH,DEFENSIVE_QQQ,"PARTIAL: SPY recovered, QQQ still below",27.815,3128.0581,87006.94,15.64,43.5,241031.25
410,2019-09-05,2019-09-06,SELL,TQQQ,DEFENSIVE_BOTH,DEFENSIVE_QQQ,"PARTIAL: SPY recovered, QQQ still below",8.1063,-384.0111,3112.91,1.92,1.56,241031.25
411,2019-09-06,2019-09-09,SELL,UPRO,DEFENSIVE_QQQ,BULL_100,RECOVERY: QQQ reclaimed 50-SMA,27.89,-69.5855,1940.74,1.0,0.97,240139.05
412,2019-09-06,2019-09-09,BUY,TQQQ,DEFENSIVE_QQQ,BULL_100,RECOVERY: QQQ reclaimed 50-SMA,8.1213,3648.0538,29626.94,18.24,14.81,240139.05
413,2019-09-30,2019-10-01,SELL,UPRO,BULL_100,DEFENSIVE_QQQ,DEFENSIVE QQQ: QQQ below 50-SMA,27.865,-0.1268,3.53,1.0,0.0,230859.11
414,2019-09-30,2019-10-01,SELL,TQQQ,BULL_100,DEFENSIVE_QQQ,DEFENSIVE QQQ: QQQ below 50-SMA,7.79,-3531.5507,27510.78,17.66,13.76,230859.11
415,2019-10-02,2019-10-03,SELL,UPRO,DEFENSIVE_QQQ,DEFENSIVE_BOTH,WORSENING: SPY also below 50-SMA,25.23,-3173.0497,80056.04,15.87,40.03,222320.86
416,2019-10-02,2019-10-03,BUY,TQQQ,DEFENSIVE_QQQ,DEFENSIVE_BOTH,WORSENING: SPY also below 50-SMA,7.1275,14.0793,100.35,1.0,0.05,222320.86
417,2019-10-11,2019-10-14,SELL,UPRO,DEFENSIVE_BOTH,DEFENSIVE_SPY,"PARTIAL: QQQ recovered, SPY still below",27.19,-106.4912,2895.5,1.0,1.45,229990.92
418,2019-10-11,2019-10-14,BUY,TQQQ,DEFENSIVE_BOTH,DEFENSIVE_SPY,"PARTIAL: QQQ recovered, SPY still below",7.9063,3388.5178,26790.64,16.94,13.4,229990.92
419,2019-10-14,2019-10-15,BUY,UPRO,DEFENSIVE_SPY,BULL_100,RECOVERY: SPY reclaimed 50-SMA,27.615,3054.0946,84338.82,15.27,42.17,235142.38
420,2019-10-14,2019-10-15,SELL,TQQQ,DEFENSIVE_SPY,BULL_100,RECOVERY: SPY reclaimed 50-SMA,8.01,-101.5466,813.39,1.0,0.41,235142.38
421,2019-11-18,2019-11-19,SELL,UPRO,BULL_100,BULL_TRIMMED,RSI TRIM: RSI=75.2,31.93,-1476.006,47128.87,7.38,23.56,266202.58
422,2019-11-18,2019-11-19,SELL,TQQQ,BULL_100,BULL_TRIMMED,RSI TRIM: RSI=75.2,9.5588,-1865.4301,17831.27,9.33,8.92,266202.58
423,2019-12-02,2019-12-03,BUY,UPRO,BULL_TRIMMED,BULL_100,RSI RECOVERY: RSI=59.5,31.515,1485.6683,46820.84,7.43,23.41,260622.07
424,2019-12-02,2019-12-03,BUY,TQQQ,BULL_TRIMMED,BULL_100,RSI RECOVERY: RSI=59.5,9.0375,1958.603,17700.87,9.79,8.85,260622.07
425,2019-12-26,2019-12-27,SELL,UPRO,BULL_100,BULL_TRIMMED,RSI TRIM: RSI=77.4,35.565,-1408.3994,50089.72,7.04,25.04,301565.6
426,2019-12-26,2019-12-27,SELL,TQQQ,BULL_100,BULL_TRIMMED,RSI TRIM: RSI=77.4,11.1263,-2103.4478,23403.59,10.52,11.7,301565.6
427,2020-01-07,2020-01-08,BUY,UPRO,BULL_TRIMMED,BULL_100,RSI RECOVERY: RSI=53.2,35.085,1578.5376,55382.99,7.89,27.69,311331.96
428,2020-01-07,2020-01-08,BUY,TQQQ,BULL_TRIMMED,BULL_100,RSI RECOVERY: RSI=53.2,11.1388,1582.4928,17626.99,7.91,8.81,311331.96
429,2020-02-25,2020-02-26,SELL,UPRO,BULL_100,DEFENSIVE_SPY,DEFENSIVE SPY: SPY below 50-SMA,31.045,-3082.8177,95706.07,15.41,191.41,273556.7
430,2020-02-25,2020-02-26,SELL,TQQQ,BULL_100,DEFENSIVE_SPY,DEFENSIVE SPY: SPY below 50-SMA,10.81,-375.5008,4059.16,1.88,8.12,273556.7
431,2020-02-26,2020-02-27,BUY,UPRO,DEFENSIVE_SPY,DEFENSIVE_BOTH,WORSENING: QQQ also below 50-SMA,30.66,26.7093,818.91,1.0,1.64,254100.35
432,2020-02-26,2020-02-27,SELL,TQQQ,DEFENSIVE_SPY,DEFENSIVE_BOTH,WORSENING: QQQ also below 50-SMA,10.8537,-3194.5947,34673.33,15.97,69.35,254100.35
433,2020-02-27,2020-02-28,SELL,UPRO,DEFENSIVE_BOTH,CASH,"KILL: VIX=39.2, SPY vs 200SMA",25.0,-3335.8834,83397.09,16.68,166.79,247321.97
434,2020-02-27,2020-02-28,SELL,TQQQ,DEFENSIVE_BOTH,CASH,"KILL: VIX=39.2, SPY vs 200SMA",8.8812,-3141.1013,27896.91,15.71,55.79,247321.97
435,2020-05-27,2020-05-28,BUY,UPRO,CASH,SMA_RECOVERY,"SMA_RECOVERY: SPY>300(200SMA), VIX=27.6<30",21.65,6425.8019,139118.61,32.13,278.24,243603.79
436,2020-05-27,2020-05-28,BUY,TQQQ,CASH,SMA_RECOVERY,"SMA_RECOVERY: SPY>300(200SMA), VIX=27.6<30",10.005,4634.9695,46372.87,23.17,92.75,243603.79
437,2020-05-28,2020-05-29,BUY,UPRO,SMA_RECOVERY,BULL_100,RE-ENTRY COMPLETE: VIX=28.6<30 (50-SMA check skipped),21.055,2130.5635,44859.01,10.65,89.72,252109.62
438,2020-05-28,2020-05-29,BUY,TQQQ,SMA_RECOVERY,BULL_100,RE-ENTRY COMPLETE: VIX=28.6<30 (50-SMA check skipped),9.91,1424.71,14118.88,7.12,28.24,252109.62
439,2020-06-11,2020-06-12,SELL,UPRO,BULL_100,CASH,"KILL: VIX=40.8, SPY vs 200SMA",21.26,-8556.3654,181908.33,42.78,363.82,248909.37
440,2020-06-11,2020-06-12,SELL,TQQQ,BULL_100,CASH,"KILL: VIX=40.8, SPY vs 200SMA",10.7725,-6059.6796,65277.9,30.3,130.56,248909.37
441,2020-07-01,2020-07-02,BUY,UPRO,CASH,SMA_RECOVERY,"SMA_RECOVERY: SPY>302(200SMA), VIX=28.6<30",22.975,6094.0814,140011.52,30.47,280.02,249530.03
442,2020-07-01,2020-07-02,BUY,TQQQ,CASH,SMA_RECOVERY,"SMA_RECOVERY: SPY>302(200SMA), VIX=28.6<30",12.8313,3637.2533,46670.51,18.19,93.34,249530.03
443,2020-07-03,2020-07-06,BUY,UPRO,SMA_RECOVERY,BULL_100,RE-ENTRY COMPLETE: VIX=27.7<30 (50-SMA check skipped),23.97,1862.912,44654.0,9.31,89.31,261139.25
444,2020-07-03,2020-07-06,BUY,TQQQ,SMA_RECOVERY,BULL_100,RE-ENTRY COMPLETE: VIX=27.7<30 (50-SMA check skipped),13.47,1082.5965,14582.57,5.41,29.17,261139.25
445,2020-07-13,2020-07-14,SELL,UPRO,BULL_100,CASH,"KILL: VIX=32.2, SPY vs 200SMA",23.685,-7956.9934,188461.39,39.78,376.92,255854.79
446,2020-07-13,2020-07-14,SELL,TQQQ,BULL_100,CASH,"KILL: VIX=32.2, SPY vs 200SMA",13.8837,-4719.8498,65529.21,23.6,131.06,255854.79
447,2020-07-14,2020-07-15,BUY,UPRO,CASH,SMA_RECOVERY,"SMA_RECOVERY: SPY>302(200SMA), VIX=29.5<30",24.83,5796.1466,143918.32,28.98,287.84,256213.58
448,2020-07-14,2020-07-15,BUY,TQQQ,CASH,SMA_RECOVERY,"SMA_RECOVERY: SPY>302(200SMA), VIX=29.5<30",14.24,3368.8745,47972.77,16.84,95.95,256213.58
449,2020-07-15,2020-07-16,BUY,UPRO,SMA_RECOVERY,BULL_100,RE-ENTRY COMPLETE: VIX=27.8<30 (50-SMA check skipped),24.675,1820.416,44918.76,9.1,89.84,252935.04
450,2020-07-15,2020-07-16,BUY,TQQQ,SMA_RECOVERY,BULL_100,RE-ENTRY COMPLETE: VIX=27.8<30 (50-SMA check skipped),13.8212,1163.7276,16084.17,5.82,32.17,252935.04
451,2020-08-26,2020-08-27,SELL,UPRO,BULL_100,BULL_TRIMMED,RSI TRIM: RSI=75.9,31.385,-1696.807,53254.29,8.48,26.63,332951.85
452,2020-08-26,2020-08-27,SELL,TQQQ,BULL_100,BULL_TRIMMED,RSI TRIM: RSI=75.9,19.6038,-1373.4867,26925.49,6.87,13.46,332951.85
453,2020-09-03,2020-09-04,SELL,UPRO,BULL_TRIMMED,CASH,"KILL: VIX=33.6, SPY vs 200SMA",31.08,-5919.7556,183986.0,29.6,367.97,324177.55
454,2020-09-03,2020-09-04,SELL,TQQQ,BULL_TRIMMED,CASH,"KILL: VIX=33.6, SPY vs 200SMA",18.4237,-3159.1154,58202.75,15.8,116.41,324177.55
455,2020-09-09,2020-09-10,BUY,UPRO,CASH,SMA_RECOVERY,"SMA_RECOVERY: SPY>309(200SMA), VIX=28.8<30",28.66,6362.5217,182349.87,31.81,364.7,316649.29
456,2020-09-09,2020-09-10,BUY,TQQQ,CASH,SMA_RECOVERY,"SMA_RECOVERY: SPY>309(200SMA), VIX=28.8<30",16.125,3769.5064,60783.29,18.85,121.57,316649.29
457,2020-09-10,2020-09-11,BUY,UPRO,SMA_RECOVERY,BULL_100,RE-ENTRY COMPLETE: VIX=29.7<30 (50-SMA check skipped),28.225,2075.1643,58571.51,10.38,117.14,309401.83
458,2020-09-10,2020-09-11,BUY,TQQQ,SMA_RECOVERY,BULL_100,RE-ENTRY COMPLETE: VIX=29.7<30 (50-SMA check skipped),16.0912,1163.893,18728.49,5.82,37.46,309401.83
459,2020-09-18,2020-09-21,SELL,UPRO,BULL_100,DEFENSIVE_QQQ,DEFENSIVE QQQ: QQQ below 50-SMA,26.37,-23.5968,622.25,1.0,1.24,297283.91
460,2020-09-18,2020-09-21,SELL,TQQQ,BULL_100,DEFENSIVE_QQQ,DEFENSIVE QQQ: QQQ below 50-SMA,14.25,-2338.3171,33321.02,11.69,66.64,297283.91
461,2020-09-21,2020-09-22,SELL,UPRO,DEFENSIVE_QQQ,DEFENSIVE_BOTH,WORSENING: SPY also below 50-SMA,26.165,-4182.4783,109434.54,20.91,218.87,299615.41
462,2020-09-21,2020-09-22,SELL,TQQQ,DEFENSIVE_QQQ,DEFENSIVE_BOTH,WORSENING: SPY also below 50-SMA,14.72,-87.8336,1292.91,1.0,2.59,299615.41
463,2020-09-29,2020-09-30,SELL,UPRO,DEFENSIVE_BOTH,DEFENSIVE_SPY,"PARTIAL: QQQ recovered, SPY still below",26.975,-51.2555,1382.62,1.0,2.77,310517.75
464,2020-09-29,2020-09-30,BUY,TQQQ,DEFENSIVE_BOTH,DEFENSIVE_SPY,"PARTIAL: QQQ recovered, SPY still below",15.625,2304.0618,36000.97,11.52,72.0,310517.75
465,2020-10-01,2020-10-02,BUY,UPRO,DEFENSIVE_SPY,BULL_100,RECOVERY: SPY reclaimed 50-SMA,27.47,4091.3902,112390.49,20.46,224.78,300972.67
466,2020-10-01,2020-10-02,SELL,TQQQ,DEFENSIVE_SPY,BULL_100,RECOVERY: SPY reclaimed 50-SMA,16.3188,-169.9244,2772.95,1.0,5.55,300972.67
467,2020-10-26,2020-10-27,SELL,UPRO,BULL_100,CASH,"KILL: VIX=32.5, SPY vs 200SMA",29.1,-8271.7456,240707.8,41.36,481.42,320743.31
468,2020-10-26,2020-10-27,SELL,TQQQ,BULL_100,CASH,"KILL: VIX=32.5, SPY vs 200SMA",16.79,-4641.386,77928.87,23.21,155.86,320743.31
469,2020-11-04,2020-11-05,BUY,UPRO,CASH,SMA_RECOVERY,"SMA_RECOVERY: SPY>313(200SMA), VIX=29.6<30",30.77,5863.442,180418.11,29.32,360.84,324314.22
470,2020-11-04,2020-11-05,BUY,TQQQ,CASH,SMA_RECOVERY,"SMA_RECOVERY: SPY>313(200SMA), VIX=29.6<30",18.6313,3227.8763,60139.37,16.14,120.28,324314.22
471,2020-11-05,2020-11-06,BUY,UPRO,SMA_RECOVERY,BULL_100,RE-ENTRY COMPLETE: VIX=27.6<30 (50-SMA check skipped),30.795,1834.103,56481.2,9.17,28.24,328645.44
472,2020-11-05,2020-11-06,BUY,TQQQ,SMA_RECOVERY,BULL_100,RE-ENTRY COMPLETE: VIX=27.6<30 (50-SMA check skipped),18.2875,1092.851,19985.51,5.46,9.99,328645.44
473,2021-01-27,2021-01-28,SELL,UPRO,BULL_100,CASH,"KILL: VIX=37.2, SPY vs 200SMA",37.19,-7697.545,286271.7,38.49,572.54,387169.76
474,2021-01-27,2021-01-28,SELL,TQQQ,BULL_100,CASH,"KILL: VIX=37.2, SPY vs 200SMA",22.8175,-4320.7272,98588.19,21.6,197.18,387169.76
475,2021-02-02,2021-02-03,BUY,UPRO,CASH,SMA_RECOVERY,"SMA_RECOVERY: SPY>336(200SMA), VIX=25.6<30",40.965,5316.3185,217782.99,26.58,108.89,384612.87
476,2021-02-02,2021-02-03,BUY,TQQQ,CASH,SMA_RECOVERY,"SMA_RECOVERY: SPY>336(200SMA), VIX=25.6<30",26.0725,2784.3256,72594.33,13.92,36.3,384612.87
477,2021-02-03,2021-02-04,BUY,UPRO,SMA_RECOVERY,BULL_100,RE-ENTRY COMPLETE: VIX=22.9<30 (50-SMA check skipped),40.795,1681.1169,68581.17,8.41,34.29,394109.61
478,2021-02-03,2021-02-04,BUY,TQQQ,SMA_RECOVERY,BULL_100,RE-ENTRY COMPLETE: VIX=22.9<30 (50-SMA check skipped),25.49,948.6465,24181.0,4.74,12.09,394109.61
479,2021-02-26,2021-03-01,SELL,UPRO,BULL_100,DEFENSIVE_QQQ,DEFENSIVE QQQ: QQQ below 50-SMA,41.395,-104.3902,4321.23,1.0,2.16,393982.98
480,2021-02-26,2021-03-01,SELL,TQQQ,BULL_100,DEFENSIVE_QQQ,DEFENSIVE QQQ: QQQ below 50-SMA,23.3075,-1692.5874,39449.98,8.46,19.72,393982.98
481,2021-03-04,2021-03-05,SELL,UPRO,DEFENSIVE_QQQ,DEFENSIVE_BOTH,WORSENING: SPY also below 50-SMA,38.15,-3445.0918,131430.25,17.23,65.72,362912.02
482,2021-03-04,2021-03-05,BUY,TQQQ,DEFENSIVE_QQQ,DEFENSIVE_BOTH,WORSENING: SPY also below 50-SMA,19.74,180.8145,3569.28,1.0,1.78,362912.02
483,2021-03-08,2021-03-09,BUY,UPRO,DEFENSIVE_BOTH,DEFENSIVE_QQQ,"PARTIAL: SPY recovered, QQQ still below",41.25,3139.0541,129485.98,15.7,64.74,370383.54
484,2021-03-08,2021-03-09,BUY,TQQQ,DEFENSIVE_BOTH,DEFENSIVE_QQQ,"PARTIAL: SPY recovered, QQQ still below",20.15,26.2288,528.51,1.0,0.26,370383.54
485,2021-03-17,2021-03-18,SELL,UPRO,DEFENSIVE_QQQ,BULL_100,RECOVERY: QQQ reclaimed 50-SMA,44.715,-93.7307,4191.17,1.0,2.1,375788.76
486,2021-03-17,2021-03-18,BUY,TQQQ,DEFENSIVE_QQQ,BULL_100,RECOVERY: QQQ reclaimed 50-SMA,22.825,1992.7598,45484.74,9.96,22.74,375788.76
487,2021-03-19,2021-03-22,BUY,UPRO,BULL_100,DEFENSIVE_QQQ,DEFENSIVE QQQ: QQQ below 50-SMA,42.685,75.6203,3227.85,1.0,1.61,385878.01
488,2021-03-19,2021-03-22,SELL,TQQQ,BULL_100,DEFENSIVE_QQQ,DEFENSIVE QQQ: QQQ below 50-SMA,21.89,-2105.3214,46085.49,10.53,23.04,385878.01
489,2021-04-05,2021-04-06,SELL,UPRO,DEFENSIVE_QQQ,BULL_100,RECOVERY: QQQ reclaimed 50-SMA,48.325,-148.5666,7179.48,1.0,3.59,421877.9
490,2021-04-05,2021-04-06,BUY,TQQQ,DEFENSIVE_QQQ,BULL_100,RECOVERY: QQQ reclaimed 50-SMA,25.165,1974.8423,49696.91,9.87,24.85,421877.9
491,2021-05-11,2021-05-12,SELL,UPRO,BULL_100,DEFENSIVE_QQQ,DEFENSIVE QQQ: QQQ below 50-SMA,51.145,-111.5695,5706.22,1.0,11.41,407725.73
492,2021-05-11,2021-05-12,SELL,TQQQ,BULL_100,DEFENSIVE_QQQ,DEFENSIVE QQQ: QQQ below 50-SMA,23.775,-1847.798,43931.4,9.24,87.86,407725.73
493,2021-05-25,2021-05-26,SELL,UPRO,DEFENSIVE_QQQ,BULL_100,RECOVERY: QQQ reclaimed 50-SMA,52.985,-58.8587,3118.63,1.0,1.56,444908.08
494,2021-05-25,2021-05-26,BUY,TQQQ,DEFENSIVE_QQQ,BULL_100,RECOVERY: QQQ reclaimed 50-SMA,25.6675,2038.6128,52326.09,10.19,26.16,444908.08
495,2021-09-20,2021-09-21,SELL,UPRO,BULL_100,DEFENSIVE_SPY,DEFENSIVE SPY: SPY below 50-SMA,60.815,-2969.9546,180617.79,14.85,90.31,519377.54
496,2021-09-20,2021-09-21,SELL,TQQQ,BULL_100,DEFENSIVE_SPY,DEFENSIVE SPY: SPY below 50-SMA,34.2775,-421.0105,14431.19,2.11,7.22,519377.54
497,2021-09-21,2021-09-22,BUY,UPRO,DEFENSIVE_SPY,DEFENSIVE_BOTH,WORSENING: QQQ also below 50-SMA,59.475,29.4429,1751.12,1.0,0.88,530886.12
498,2021-09-21,2021-09-22,SELL,TQQQ,DEFENSIVE_SPY,DEFENSIVE_BOTH,WORSENING: QQQ also below 50-SMA,33.6225,-1928.1809,64830.26,9.64,32.42,530886.12
499,2021-09-23,2021-09-24,SELL,UPRO,DEFENSIVE_BOTH,DEFENSIVE_SPY,"PARTIAL: QQQ recovered, SPY still below",62.1,-72.7609,4518.45,1.0,2.26,541659.18
500,2021-09-23,2021-09-24,BUY,TQQQ,DEFENSIVE_BOTH,DEFENSIVE_SPY,"PARTIAL: QQQ recovered, SPY still below",34.89,1889.2086,65914.49,9.45,32.96,541659.18
501,2021-09-24,2021-09-27,BUY,UPRO,DEFENSIVE_SPY,BULL_100,RECOVERY: SPY reclaimed 50-SMA,63.565,3109.8938,197680.4,15.55,98.84,531345.26
502,2021-09-24,2021-09-27,SELL,TQQQ,DEFENSIVE_SPY,BULL_100,RECOVERY: SPY reclaimed 50-SMA,35.5775,-60.8414,2164.59,1.0,1.08,531345.26
503,2021-09-28,2021-09-29,SELL,UPRO,BULL_100,DEFENSIVE_BOTH,DEFENSIVE BOTH: SPY & QQQ below 50-SMA,60.005,-3163.7141,189838.66,15.82,94.92,505943.73
504,2021-09-28,2021-09-29,SELL,TQQQ,BULL_100,DEFENSIVE_BOTH,DEFENSIVE BOTH: SPY & QQQ below 50-SMA,32.5825,-1825.844,59490.56,9.13,29.75,505943.73
505,2021-10-15,2021-10-18,BUY,UPRO,DEFENSIVE_BOTH,DEFENSIVE_QQQ,"PARTIAL: SPY recovered, QQQ still below",62.89,3018.3217,189822.25,15.09,94.91,530508.49
506,2021-10-15,2021-10-18,SELL,TQQQ,DEFENSIVE_BOTH,DEFENSIVE_QQQ,"PARTIAL: SPY recovered, QQQ still below",33.4325,-9.6936,324.08,1.0,0.16,530508.49
507,2021-10-19,2021-10-20,SELL,UPRO,DEFENSIVE_QQQ,BULL_100,RECOVERY: QQQ reclaimed 50-SMA,65.4,-74.8315,4893.98,1.0,2.45,542050.61
508,2021-10-19,2021-10-20,BUY,TQQQ,DEFENSIVE_QQQ,BULL_100,RECOVERY: QQQ reclaimed 50-SMA,35.5775,1809.7088,64384.91,9.05,32.19,542050.61
509,2021-11-05,2021-11-08,SELL,UPRO,BULL_100,BULL_TRIMMED,RSI TRIM: RSI=75.4,73.53,-1419.3533,104365.05,7.1,52.18,615070.16
510,2021-11-05,2021-11-08,SELL,TQQQ,BULL_100,BULL_TRIMMED,RSI TRIM: RSI=75.4,42.4825,-1038.2288,44106.55,5.19,22.05,615070.16
511,2021-11-26,2021-11-29,BUY,UPRO,BULL_TRIMMED,BULL_100,RSI RECOVERY: RSI=42.7,70.35,1592.1396,112007.02,7.96,56.0,613570.72
512,2021-11-26,2021-11-29,BUY,TQQQ,BULL_TRIMMED,BULL_100,RSI RECOVERY: RSI=42.7,41.225,867.4647,35761.23,4.34,17.88,613570.72
513,2021-12-01,2021-12-02,SELL,UPRO,BULL_100,CASH,"KILL: VIX=31.1, SPY vs 200SMA",66.2,-6299.086,416999.49,31.5,834.0,562478.93
514,2021-12-01,2021-12-02,SELL,TQQQ,BULL_100,CASH,"KILL: VIX=31.1, SPY vs 200SMA",39.285,-3583.1065,140762.34,17.92,281.52,562478.93
515,2021-12-02,2021-12-03,BUY,UPRO,CASH,SMA_RECOVERY,"SMA_RECOVERY: SPY>429(200SMA), VIX=27.9<30",67.8,4666.584,316394.4,23.33,632.79,549919.14
516,2021-12-02,2021-12-03,BUY,TQQQ,CASH,SMA_RECOVERY,"SMA_RECOVERY: SPY>429(200SMA), VIX=27.9<30",39.33,2681.5357,105464.8,13.41,210.93,549919.14
517,2021-12-03,2021-12-06,SELL,UPRO,SMA_RECOVERY,CASH,"KILL: VIX=30.7, SPY vs 200SMA",67.19,-4666.584,313547.78,23.33,627.1,553842.76
518,2021-12-03,2021-12-06,SELL,TQQQ,SMA_RECOVERY,CASH,"KILL: VIX=30.7, SPY vs 200SMA",37.8225,-2681.5357,101422.38,13.41,202.84,553842.76
519,2021-12-06,2021-12-07,BUY,UPRO,CASH,SMA_RECOVERY,"SMA_RECOVERY: SPY>430(200SMA), VIX=27.2<30",70.81,4399.6123,311536.55,22.0,155.77,568263.19
520,2021-12-06,2021-12-07,BUY,TQQQ,CASH,SMA_RECOVERY,"SMA_RECOVERY: SPY>430(200SMA), VIX=27.2<30",40.12,2588.3728,103845.52,12.94,51.92,568263.19
521,2021-12-07,2021-12-08,BUY,UPRO,SMA_RECOVERY,BULL_100,RE-ENTRY COMPLETE: VIX=21.9<30 (50-SMA check skipped),73.475,1377.352,101200.94,6.89,50.6,569860.27
522,2021-12-07,2021-12-08,BUY,TQQQ,SMA_RECOVERY,BULL_100,RE-ENTRY COMPLETE: VIX=21.9<30 (50-SMA check skipped),42.57,735.2703,31300.45,3.68,15.65,569860.27
523,2021-12-17,2021-12-20,SELL,UPRO,BULL_100,DEFENSIVE_QQQ,DEFENSIVE QQQ: QQQ below 50-SMA,66.28,-25.6483,1699.97,1.0,0.85,520959.55
524,2021-12-17,2021-12-20,SELL,TQQQ,BULL_100,DEFENSIVE_QQQ,DEFENSIVE QQQ: QQQ below 50-SMA,36.0225,-1559.9434,56193.06,7.8,28.1,520959.55
525,2021-12-22,2021-12-23,SELL,UPRO,DEFENSIVE_QQQ,BULL_100,RECOVERY: QQQ reclaimed 50-SMA,73.285,-114.6178,8399.76,1.0,4.2,564880.44
526,2021-12-22,2021-12-23,BUY,TQQQ,DEFENSIVE_QQQ,BULL_100,RECOVERY: QQQ reclaimed 50-SMA,40.4625,1639.3314,66331.45,8.2,33.17,564880.44
527,2022-01-06,2022-01-07,SELL,UPRO,BULL_100,DEFENSIVE_QQQ,DEFENSIVE QQQ: QQQ below 50-SMA,72.57,-60.2834,4374.76,1.0,2.19,535448.86
528,2022-01-06,2022-01-07,SELL,TQQQ,BULL_100,DEFENSIVE_QQQ,DEFENSIVE QQQ: QQQ below 50-SMA,36.7325,-1566.8713,57555.1,7.83,28.78,535448.86
529,2022-01-10,2022-01-11,SELL,UPRO,DEFENSIVE_QQQ,DEFENSIVE_BOTH,WORSENING: SPY also below 50-SMA,71.97,-2787.7461,200634.09,13.94,100.32,542260.55
530,2022-01-10,2022-01-11,BUY,TQQQ,DEFENSIVE_QQQ,DEFENSIVE_BOTH,WORSENING: SPY also below 50-SMA,36.195,12.1664,440.36,1.0,0.22,542260.55
531,2022-01-12,2022-01-13,BUY,UPRO,DEFENSIVE_BOTH,DEFENSIVE_QQQ,"PARTIAL: SPY recovered, QQQ still below",73.99,2729.0533,201922.65,13.65,100.96,523831.52
532,2022-01-12,2022-01-13,SELL,TQQQ,DEFENSIVE_BOTH,DEFENSIVE_QQQ,"PARTIAL: SPY recovered, QQQ still below",38.155,-65.0026,2480.18,1.0,1.24,523831.52
533,2022-01-17,2022-01-18,SELL,UPRO,DEFENSIVE_QQQ,DEFENSIVE_BOTH,WORSENING: SPY also below 50-SMA,69.28,-2749.5735,190490.45,13.75,95.25,503681.79
534,2022-01-17,2022-01-18,BUY,TQQQ,DEFENSIVE_QQQ,DEFENSIVE_BOTH,WORSENING: SPY also below 50-SMA,34.325,79.0444,2713.2,1.0,1.36,503681.79
535,2022-01-21,2022-01-24,SELL,UPRO,DEFENSIVE_BOTH,CASH,"KILL: VIX=28.9, SPY vs 200SMA",60.21,-2768.1486,166670.23,13.84,333.34,475229.98
536,2022-01-21,2022-01-24,SELL,TQQQ,DEFENSIVE_BOTH,CASH,"KILL: VIX=28.9, SPY vs 200SMA",28.69,-1862.3679,53431.34,9.31,106.86,475229.98
537,2022-01-31,2022-02-01,BUY,UPRO,CASH,SMA_RECOVERY,"SMA_RECOVERY: SPY>443(200SMA), VIX=24.8<30",64.26,4159.9263,267316.86,20.8,133.66,486110.6
538,2022-01-31,2022-02-01,BUY,TQQQ,CASH,SMA_RECOVERY,"SMA_RECOVERY: SPY>443(200SMA), VIX=24.8<30",31.25,2851.3799,89105.62,14.26,44.55,486110.6
539,2022-02-01,2022-02-02,BUY,UPRO,SMA_RECOVERY,BULL_100,RE-ENTRY COMPLETE: VIX=22.0<30 (50-SMA check skipped),66.4,1295.3672,86012.38,6.48,43.01,472291.07
540,2022-02-01,2022-02-02,BUY,TQQQ,SMA_RECOVERY,BULL_100,RE-ENTRY COMPLETE: VIX=22.0<30 (50-SMA check skipped),32.63,849.0133,27703.3,4.25,13.85,472291.07
541,2022-02-03,2022-02-04,SELL,UPRO,BULL_100,DEFENSIVE_BOTH,DEFENSIVE BOTH: SPY & QQQ below 50-SMA,64.14,-2739.2057,175692.66,13.7,87.85,461961.4
542,2022-02-03,2022-02-04,SELL,TQQQ,BULL_100,DEFENSIVE_BOTH,DEFENSIVE BOTH: SPY & QQQ below 50-SMA,29.685,-1744.1878,51776.22,8.72,25.89,461961.4
543,2022-02-11,2022-02-14,SELL,UPRO,DEFENSIVE_BOTH,CASH,"KILL: VIX=27.4, SPY vs 200SMA",58.26,-2716.0877,158239.27,13.58,316.48,440334.16
544,2022-02-11,2022-02-14,SELL,TQQQ,DEFENSIVE_BOTH,CASH,"KILL: VIX=27.4, SPY vs 200SMA",25.76,-1956.2053,50391.85,9.78,100.78,440334.16
545,2022-02-15,2022-02-16,BUY,UPRO,CASH,SMA_RECOVERY,"SMA_RECOVERY: SPY>444(200SMA), VIX=25.7<30",62.52,3961.7397,247687.97,19.81,123.84,436353.67
546,2022-02-15,2022-02-16,BUY,TQQQ,CASH,SMA_RECOVERY,"SMA_RECOVERY: SPY>444(200SMA), VIX=25.7<30",29.0,2846.9881,82562.66,14.23,41.28,436353.67
547,2022-02-16,2022-02-17,BUY,UPRO,SMA_RECOVERY,BULL_100,RE-ENTRY COMPLETE: VIX=24.3<30 (50-SMA check skipped),61.32,1280.1266,78497.36,6.4,156.99,410143.68
548,2022-02-16,2022-02-17,BUY,TQQQ,SMA_RECOVERY,BULL_100,RE-ENTRY COMPLETE: VIX=24.3<30 (50-SMA check skipped),28.13,961.8902,27057.97,4.81,54.12,410143.68
549,2022-02-17,2022-02-18,SELL,UPRO,BULL_100,CASH,"KILL: VIX=28.1, SPY vs 200SMA",59.3,-5241.8663,310842.67,26.21,621.69,415281.95
550,2022-02-17,2022-02-18,SELL,TQQQ,BULL_100,CASH,"KILL: VIX=28.1, SPY vs 200SMA",26.57,-3808.8783,101201.9,19.04,202.4,415281.95
551,2022-03-22,2022-03-23,BUY,UPRO,CASH,SMA_RECOVERY,"SMA_RECOVERY: SPY>446(200SMA), VIX=22.9<30",62.95,3710.8197,233596.1,18.55,116.8,404010.48
552,2022-03-22,2022-03-23,BUY,TQQQ,CASH,SMA_RECOVERY,"SMA_RECOVERY: SPY>446(200SMA), VIX=22.9<30",27.96,2784.8843,77865.37,13.92,38.93,404010.48
553,2022-03-23,2022-03-24,SELL,UPRO,SMA_RECOVERY,CASH,"KILL: VIX=23.6, SPY vs 200SMA",61.22,-3710.8197,227176.38,18.55,454.35,405710.75
554,2022-03-23,2022-03-24,SELL,TQQQ,SMA_RECOVERY,CASH,"KILL: VIX=23.6, SPY vs 200SMA",27.125,-2784.8843,75539.99,13.92,151.08,405710.75
555,2022-03-24,2022-03-25,BUY,UPRO,CASH,SMA_RECOVERY,"SMA_RECOVERY: SPY>447(200SMA), VIX=21.7<30",63.44,3597.2935,228212.3,17.99,114.11,407038.51
556,2022-03-24,2022-03-25,BUY,TQQQ,CASH,SMA_RECOVERY,"SMA_RECOVERY: SPY>447(200SMA), VIX=21.7<30",28.625,2657.494,76070.77,13.29,38.04,407038.51
557,2022-03-25,2022-03-28,BUY,UPRO,SMA_RECOVERY,BULL_100,RE-ENTRY COMPLETE: VIX=20.8<30 (50-SMA check skipped),63.68,1128.6164,71870.29,5.64,35.94,419182.9
558,2022-03-25,2022-03-28,BUY,TQQQ,SMA_RECOVERY,BULL_100,RE-ENTRY COMPLETE: VIX=20.8<30 (50-SMA check skipped),28.22,897.2655,25320.83,4.49,12.66,419182.9
559,2022-04-06,2022-04-07,SELL,UPRO,BULL_100,CASH,"KILL: VIX=22.1, SPY vs 200SMA",61.4,-4725.9098,290170.86,23.63,580.34,388957.59
560,2022-04-06,2022-04-07,SELL,TQQQ,BULL_100,CASH,"KILL: VIX=22.1, SPY vs 200SMA",26.895,-3554.7595,95605.26,17.77,191.21,388957.59
561,2022-04-07,2022-04-08,BUY,UPRO,CASH,SMA_RECOVERY,"SMA_RECOVERY: SPY>448(200SMA), VIX=21.6<30",63.04,3470.632,218788.64,17.35,109.39,379640.79
562,2022-04-07,2022-04-08,BUY,TQQQ,CASH,SMA_RECOVERY,"SMA_RECOVERY: SPY>448(200SMA), VIX=21.6<30",27.465,2655.3631,72929.55,13.28,36.46,379640.79
563,2022-04-08,2022-04-11,SELL,UPRO,SMA_RECOVERY,CASH,"KILL: VIX=21.2, SPY vs 200SMA",61.25,-3470.632,212576.21,17.35,425.15,376759.67
564,2022-04-08,2022-04-11,SELL,TQQQ,SMA_RECOVERY,CASH,"KILL: VIX=21.2, SPY vs 200SMA",25.5,-2655.3631,67711.76,13.28,135.42,376759.67
565,2022-11-30,2022-12-01,BUY,UPRO,CASH,SMA_RECOVERY,"SMA_RECOVERY: SPY>404(200SMA), VIX=20.6<30",39.91,5310.1307,211927.32,26.55,105.96,376476.5
566,2022-11-30,2022-12-01,BUY,TQQQ,CASH,SMA_RECOVERY,"SMA_RECOVERY: SPY>404(200SMA), VIX=20.6<30",11.76,6007.0101,70642.44,30.04,35.32,376476.5
567,2022-12-01,2022-12-02,BUY,UPRO,SMA_RECOVERY,BULL_100,RE-ENTRY COMPLETE: VIX=19.8<30 (50-SMA check skipped),39.85,1706.328,67997.17,8.53,34.0,372433.07
568,2022-12-01,2022-12-02,BUY,TQQQ,SMA_RECOVERY,BULL_100,RE-ENTRY COMPLETE: VIX=19.8<30 (50-SMA check skipped),11.815,1881.4334,22229.14,9.41,11.11,372433.07
569,2022-12-05,2022-12-06,SELL,UPRO,BULL_100,CASH,"KILL: VIX=20.8, SPY vs 200SMA",37.92,-7016.4587,266064.11,35.08,532.13,357294.65
570,2022-12-05,2022-12-06,SELL,TQQQ,BULL_100,CASH,"KILL: VIX=20.8, SPY vs 200SMA",11.195,-7888.4435,88311.12,39.44,176.62,357294.65
571,2023-01-16,2023-01-17,BUY,UPRO,CASH,SMA_RECOVERY,"SMA_RECOVERY: SPY>397(200SMA), VIX=18.4<30",36.5,5506.2532,200978.24,27.53,100.49,356258.07
572,2023-01-16,2023-01-17,BUY,TQQQ,CASH,SMA_RECOVERY,"SMA_RECOVERY: SPY>397(200SMA), VIX=18.4<30",9.96,6726.1794,66992.75,33.63,33.5,356258.07
573,2023-01-17,2023-01-18,SELL,UPRO,SMA_RECOVERY,CASH,"KILL: VIX=19.4, SPY vs 200SMA",36.66,-5506.2532,201859.24,27.53,403.72,358455.68
574,2023-01-17,2023-01-18,SELL,TQQQ,SMA_RECOVERY,CASH,"KILL: VIX=19.4, SPY vs 200SMA",10.12,-6726.1794,68068.94,33.63,136.14,358455.68
575,2023-01-20,2023-01-23,BUY,UPRO,CASH,SMA_RECOVERY,"SMA_RECOVERY: SPY>396(200SMA), VIX=19.9<30",35.79,5633.7334,201631.32,28.17,100.82,370237.08
576,2023-01-20,2023-01-23,BUY,TQQQ,CASH,SMA_RECOVERY,"SMA_RECOVERY: SPY>396(200SMA), VIX=19.9<30",10.17,6608.6961,67210.44,33.04,33.61,370237.08
577,2023-01-23,2023-01-24,BUY,UPRO,SMA_RECOVERY,BULL_100,RE-ENTRY COMPLETE: VIX=19.8<30 (50-SMA check skipped),37.06,1778.0804,65895.66,8.89,32.95,365156.4
578,2023-01-23,2023-01-24,BUY,TQQQ,SMA_RECOVERY,BULL_100,RE-ENTRY COMPLETE: VIX=19.8<30 (50-SMA check skipped),10.855,1826.1824,19823.21,9.13,9.91,365156.4
579,2023-03-01,2023-03-02,SELL,UPRO,BULL_100,DEFENSIVE_SPY,DEFENSIVE SPY: SPY below 50-SMA,34.36,-3618.7098,124338.87,18.09,62.17,355271.95
580,2023-03-01,2023-03-02,SELL,TQQQ,BULL_100,DEFENSIVE_SPY,DEFENSIVE SPY: SPY below 50-SMA,10.58,-222.4618,2353.65,1.11,1.18,355271.95
581,2023-03-03,2023-03-06,BUY,UPRO,DEFENSIVE_SPY,BULL_100,RECOVERY: SPY reclaimed 50-SMA,37.52,3521.7981,132137.87,17.61,66.07,369573.66
582,2023-03-03,2023-03-06,SELL,TQQQ,DEFENSIVE_SPY,BULL_100,RECOVERY: SPY reclaimed 50-SMA,11.82,-472.5654,5585.72,2.36,2.79,369573.66
583,2023-03-09,2023-03-10,SELL,UPRO,BULL_100,CASH,"KILL: VIX=22.6, SPY vs 200SMA",33.29,-7314.9021,243513.09,36.57,487.03,329904.3
584,2023-03-09,2023-03-10,SELL,TQQQ,BULL_100,CASH,"KILL: VIX=22.6, SPY vs 200SMA",10.79,-7739.8513,83513.0,38.7,167.03,329904.3
585,2023-03-16,2023-03-17,BUY,UPRO,CASH,SMA_RECOVERY,"SMA_RECOVERY: SPY>393(200SMA), VIX=23.0<30",35.02,5299.0054,185571.17,26.5,371.14,321896.93
586,2023-03-16,2023-03-17,BUY,TQQQ,CASH,SMA_RECOVERY,"SMA_RECOVERY: SPY>393(200SMA), VIX=23.0<30",12.54,4932.7796,61857.06,24.66,123.71,321896.93
587,2023-03-17,2023-03-20,SELL,UPRO,SMA_RECOVERY,CASH,"KILL: VIX=25.5, SPY vs 200SMA",33.14,-5299.0054,175609.04,26.5,351.22,316827.05
588,2023-03-17,2023-03-20,SELL,TQQQ,SMA_RECOVERY,CASH,"KILL: VIX=25.5, SPY vs 200SMA",12.125,-4932.7796,59809.95,24.66,119.62,316827.05
589,2023-03-20,2023-03-21,BUY,UPRO,CASH,SMA_RECOVERY,"SMA_RECOVERY: SPY>393(200SMA), VIX=24.1<30",34.86,5112.3126,178215.22,25.56,89.11,324257.55
590,2023-03-20,2023-03-21,BUY,TQQQ,CASH,SMA_RECOVERY,"SMA_RECOVERY: SPY>393(200SMA), VIX=24.1<30",12.505,4750.5056,59405.07,23.75,29.7,324257.55
591,2023-03-21,2023-03-22,BUY,UPRO,SMA_RECOVERY,BULL_100,RE-ENTRY COMPLETE: VIX=21.4<30 (50-SMA check skipped),35.59,1594.6704,56754.32,7.97,28.38,310117.31
592,2023-03-21,2023-03-22,BUY,TQQQ,SMA_RECOVERY,BULL_100,RE-ENTRY COMPLETE: VIX=21.4<30 (50-SMA check skipped),12.735,1497.4077,19069.49,7.49,9.53,310117.31
593,2023-03-23,2023-03-24,SELL,UPRO,BULL_100,DEFENSIVE_SPY,DEFENSIVE SPY: SPY below 50-SMA,34.72,-3283.4919,114002.84,16.42,57.0,318496.1
594,2023-03-23,2023-03-24,SELL,TQQQ,BULL_100,DEFENSIVE_SPY,DEFENSIVE SPY: SPY below 50-SMA,12.955,-131.1701,1699.31,1.0,0.85,318496.1
595,2023-03-30,2023-03-31,BUY,UPRO,DEFENSIVE_SPY,BULL_100,RECOVERY: SPY reclaimed 50-SMA,37.05,3154.5038,116874.37,15.77,58.44,342385.63
596,2023-03-30,2023-03-31,SELL,TQQQ,DEFENSIVE_SPY,BULL_100,RECOVERY: SPY reclaimed 50-SMA,13.505,-101.3239,1368.38,1.0,0.68,342385.63
597,2023-06-15,2023-06-16,SELL,UPRO,BULL_100,BULL_TRIMMED,RSI TRIM: RSI=76.3,47.0,-1346.7217,63295.92,6.73,31.65,433969.81
598,2023-06-15,2023-06-16,SELL,TQQQ,BULL_100,BULL_TRIMMED,RSI TRIM: RSI=76.3,20.735,-2062.8456,42773.1,10.31,21.39,433969.81
599,2023-06-23,2023-06-26,BUY,UPRO,BULL_TRIMMED,BULL_100,RSI RECOVERY: RSI=57.4,44.25,1774.3614,78515.49,8.87,39.26,412881.85
600,2023-06-23,2023-06-26,BUY,TQQQ,BULL_TRIMMED,BULL_100,RSI RECOVERY: RSI=57.4,19.435,1364.2831,26514.84,6.82,13.26,412881.85
601,2023-08-16,2023-08-17,SELL,UPRO,BULL_100,DEFENSIVE_BOTH,DEFENSIVE BOTH: SPY & QQQ below 50-SMA,45.5,-3513.4037,159859.87,17.57,79.93,416969.96
602,2023-08-16,2023-08-17,SELL,TQQQ,BULL_100,DEFENSIVE_BOTH,DEFENSIVE BOTH: SPY & QQQ below 50-SMA,18.97,-2524.7902,47895.27,12.62,23.95,416969.96
603,2023-08-30,2023-08-31,BUY,UPRO,DEFENSIVE_BOTH,BULL_100,FULL RECOVERY: both above 50-SMA,48.86,3213.5341,157013.28,16.07,78.51,438773.43
604,2023-08-30,2023-08-31,BUY,TQQQ,DEFENSIVE_BOTH,BULL_100,FULL RECOVERY: both above 50-SMA,21.1,2383.9789,50301.96,11.92,25.15,438773.43
605,2023-09-07,2023-09-08,SELL,UPRO,BULL_100,DEFENSIVE_SPY,DEFENSIVE SPY: SPY below 50-SMA,46.74,-3312.0769,154806.48,16.56,77.4,422748.23
606,2023-09-07,2023-09-08,BUY,TQQQ,BULL_100,DEFENSIVE_SPY,DEFENSIVE SPY: SPY below 50-SMA,20.34,22.9379,466.56,1.0,0.23,422748.23
607,2023-09-18,2023-09-19,SELL,UPRO,DEFENSIVE_SPY,DEFENSIVE_BOTH,WORSENING: QQQ also below 50-SMA,46.55,-7.3965,344.31,1.0,0.17,418515.89
608,2023-09-18,2023-09-19,SELL,TQQQ,DEFENSIVE_SPY,DEFENSIVE_BOTH,WORSENING: QQQ also below 50-SMA,19.975,-2568.4974,51305.74,12.84,25.65,418515.89
609,2023-10-11,2023-10-12,BUY,UPRO,DEFENSIVE_BOTH,DEFENSIVE_SPY,"PARTIAL: QQQ recovered, SPY still below",43.92,123.4769,5423.11,1.0,2.71,405262.27
610,2023-10-11,2023-10-12,BUY,TQQQ,DEFENSIVE_BOTH,DEFENSIVE_SPY,"PARTIAL: QQQ recovered, SPY still below",19.845,2547.9479,50564.03,12.74,25.28,405262.27
611,2023-10-19,2023-10-20,BUY,UPRO,DEFENSIVE_SPY,DEFENSIVE_BOTH,WORSENING: QQQ also below 50-SMA,40.21,96.4821,3879.55,1.0,1.94,379892.54
612,2023-10-19,2023-10-20,SELL,TQQQ,DEFENSIVE_SPY,DEFENSIVE_BOTH,WORSENING: QQQ also below 50-SMA,17.66,-2441.4136,43115.36,12.21,21.56,379892.54
613,2023-10-20,2023-10-23,SELL,UPRO,DEFENSIVE_BOTH,CASH,"KILL: VIX=21.7, SPY vs 200SMA",38.72,-3606.2506,139634.02,18.03,279.27,378997.44
614,2023-10-20,2023-10-23,SELL,TQQQ,DEFENSIVE_BOTH,CASH,"KILL: VIX=21.7, SPY vs 200SMA",16.975,-2737.0203,46460.92,13.69,92.92,378997.44
615,2023-10-24,2023-10-25,BUY,UPRO,CASH,SMA_RECOVERY,"SMA_RECOVERY: SPY>423(200SMA), VIX=19.0<30",39.14,5446.7568,213186.06,27.23,106.59,363444.94
616,2023-10-24,2023-10-25,BUY,TQQQ,CASH,SMA_RECOVERY,"SMA_RECOVERY: SPY>423(200SMA), VIX=19.0<30",17.325,4101.7039,71062.02,20.51,35.53,363444.94
617,2023-10-25,2023-10-26,SELL,UPRO,SMA_RECOVERY,CASH,"KILL: VIX=20.2, SPY vs 200SMA",37.12,-5446.7568,202183.61,27.23,404.37,360968.31
618,2023-10-25,2023-10-26,SELL,TQQQ,SMA_RECOVERY,CASH,"KILL: VIX=20.2, SPY vs 200SMA",15.8,-4101.7039,64806.92,20.51,129.61,360968.31
619,2023-11-01,2023-11-02,BUY,UPRO,CASH,SMA_RECOVERY,"SMA_RECOVERY: SPY>423(200SMA), VIX=16.9<30",39.42,5150.8035,203044.67,25.75,101.52,370940.5
620,2023-11-01,2023-11-02,BUY,TQQQ,CASH,SMA_RECOVERY,"SMA_RECOVERY: SPY>423(200SMA), VIX=16.9<30",17.53,3860.8989,67681.56,19.3,33.84,370940.5
621,2023-11-02,2023-11-03,BUY,UPRO,SMA_RECOVERY,BULL_100,RE-ENTRY COMPLETE: VIX=15.7<30 (50-SMA check skipped),41.15,1550.5988,63807.14,7.75,31.9,385188.47
622,2023-11-02,2023-11-03,BUY,TQQQ,SMA_RECOVERY,BULL_100,RE-ENTRY COMPLETE: VIX=15.7<30 (50-SMA check skipped),17.97,1254.3432,22540.55,6.27,11.27,385188.47
623,2023-12-13,2023-12-14,SELL,UPRO,BULL_100,BULL_TRIMMED,RSI TRIM: RSI=77.6,53.44,-1561.3184,83436.86,7.81,41.72,485851.12
624,2023-12-13,2023-12-14,SELL,TQQQ,BULL_100,BULL_TRIMMED,RSI TRIM: RSI=77.6,24.74,-1414.271,34989.06,7.07,17.49,485851.12
625,2024-01-03,2024-01-04,BUY,UPRO,BULL_TRIMMED,BULL_100,RSI RECOVERY: RSI=56.2,52.63,1617.6737,85138.16,8.09,42.57,473133.75
626,2024-01-03,2024-01-04,BUY,TQQQ,BULL_TRIMMED,BULL_100,RSI RECOVERY: RSI=56.2,23.365,1373.011,32080.4,6.87,16.04,473133.75
627,2024-01-29,2024-01-30,SELL,UPRO,BULL_100,BULL_TRIMMED,RSI TRIM: RSI=75.3,59.66,-1542.6393,92033.86,7.71,46.02,543970.47
628,2024-01-29,2024-01-30,SELL,TQQQ,BULL_100,BULL_TRIMMED,RSI TRIM: RSI=75.3,28.625,-1450.8793,41531.42,7.25,20.77,543970.47
629,2024-01-31,2024-02-01,BUY,UPRO,BULL_TRIMMED,BULL_100,RSI RECOVERY: RSI=59.2,57.18,1714.892,98057.52,8.57,49.03,556255.25
630,2024-01-31,2024-02-01,BUY,TQQQ,BULL_TRIMMED,BULL_100,RSI RECOVERY: RSI=59.2,26.85,1296.3011,34805.68,6.48,17.4,556255.25
631,2024-04-15,2024-04-16,SELL,UPRO,BULL_100,DEFENSIVE_QQQ,DEFENSIVE QQQ: QQQ below 50-SMA,62.75,-31.5872,1982.1,1.0,0.99,578709.46
632,2024-04-15,2024-04-16,SELL,TQQQ,BULL_100,DEFENSIVE_QQQ,DEFENSIVE QQQ: QQQ below 50-SMA,27.86,-2329.8128,64908.58,11.65,32.45,578709.46
633,2024-04-16,2024-04-17,SELL,UPRO,DEFENSIVE_QQQ,DEFENSIVE_BOTH,WORSENING: SPY also below 50-SMA,62.61,-3446.8615,215808.0,17.23,107.9,569633.91
634,2024-04-16,2024-04-17,SELL,TQQQ,DEFENSIVE_QQQ,DEFENSIVE_BOTH,WORSENING: SPY also below 50-SMA,27.905,-8.1867,228.45,1.0,0.11,569633.91
635,2024-05-06,2024-05-07,BUY,UPRO,DEFENSIVE_BOTH,DEFENSIVE_QQQ,"PARTIAL: SPY recovered, QQQ still below",66.57,3229.5515,214991.24,16.15,107.5,595794.78
636,2024-05-06,2024-05-07,SELL,TQQQ,DEFENSIVE_BOTH,DEFENSIVE_QQQ,"PARTIAL: SPY recovered, QQQ still below",29.145,-38.0196,1108.08,1.0,0.55,595794.78
637,2024-05-07,2024-05-08,SELL,UPRO,DEFENSIVE_QQQ,BULL_100,RECOVERY: QQQ reclaimed 50-SMA,66.96,-73.177,4899.93,1.0,2.45,594246.44
638,2024-05-07,2024-05-08,BUY,TQQQ,DEFENSIVE_QQQ,BULL_100,RECOVERY: QQQ reclaimed 50-SMA,29.31,2488.6566,72942.52,12.44,36.47,594246.44
639,2024-06-19,2024-06-20,SELL,UPRO,BULL_100,BULL_TRIMMED,RSI TRIM: RSI=75.8,79.23,-1446.8144,114631.1,7.23,57.32,714112.93
640,2024-06-19,2024-06-20,SELL,TQQQ,BULL_100,BULL_TRIMMED,RSI TRIM: RSI=75.8,39.25,-1559.2968,61202.4,7.8,30.6,714112.93
641,2024-07-18,2024-07-19,BUY,UPRO,BULL_TRIMMED,BULL_100,RSI RECOVERY: RSI=55.5,79.19,1547.9037,122578.49,7.74,61.29,704762.58
642,2024-07-18,2024-07-19,BUY,TQQQ,BULL_TRIMMED,BULL_100,RSI RECOVERY: RSI=55.5,36.05,1439.7633,51903.47,7.2,25.95,704762.58
643,2024-07-25,2024-07-26,SELL,UPRO,BULL_100,DEFENSIVE_QQQ,DEFENSIVE QQQ: QQQ below 50-SMA,74.78,-8.2109,614.01,1.0,0.31,675422.62
644,2024-07-25,2024-07-26,SELL,TQQQ,BULL_100,DEFENSIVE_QQQ,DEFENSIVE QQQ: QQQ below 50-SMA,32.44,-2338.0785,75847.27,11.69,37.92,675422.62
645,2024-08-02,2024-08-05,SELL,UPRO,DEFENSIVE_QQQ,DEFENSIVE_BOTH,WORSENING: SPY also below 50-SMA,65.91,-3332.2308,219627.33,16.66,439.25,599106.96
646,2024-08-02,2024-08-05,BUY,TQQQ,DEFENSIVE_QQQ,DEFENSIVE_BOTH,WORSENING: SPY also below 50-SMA,26.005,271.4767,7059.75,1.36,14.12,599106.96
647,2024-08-05,2024-08-06,SELL,UPRO,DEFENSIVE_BOTH,CASH,"KILL: VIX=38.6, SPY vs 200SMA",66.38,-3368.5838,223606.59,16.84,447.21,597717.01
648,2024-08-05,2024-08-06,SELL,TQQQ,DEFENSIVE_BOTH,CASH,"KILL: VIX=38.6, SPY vs 200SMA",27.825,-2845.906,79187.33,14.23,158.37,597717.01
649,2024-08-06,2024-08-07,BUY,UPRO,CASH,SMA_RECOVERY,"SMA_RECOVERY: SPY>500(200SMA), VIX=27.7<30",67.27,4998.0053,336215.82,24.99,672.43,571365.47
650,2024-08-06,2024-08-07,BUY,TQQQ,CASH,SMA_RECOVERY,"SMA_RECOVERY: SPY>500(200SMA), VIX=27.7<30",27.88,4019.797,112071.94,20.1,224.14,571365.47
651,2024-08-07,2024-08-08,BUY,UPRO,SMA_RECOVERY,BULL_100,RE-ENTRY COMPLETE: VIX=27.9<30 (50-SMA check skipped),64.08,1660.1748,106384.0,8.3,53.19,629173.32
652,2024-08-07,2024-08-08,BUY,TQQQ,SMA_RECOVERY,BULL_100,RE-ENTRY COMPLETE: VIX=27.9<30 (50-SMA check skipped),26.335,1380.5724,36357.37,6.9,18.18,629173.32
653,2024-08-09,2024-08-12,SELL,UPRO,BULL_100,DEFENSIVE_BOTH,DEFENSIVE BOTH: SPY & QQQ below 50-SMA,70.75,-3279.5182,232025.92,16.4,116.01,635742.87
654,2024-08-09,2024-08-12,SELL,TQQQ,BULL_100,DEFENSIVE_BOTH,DEFENSIVE BOTH: SPY & QQQ below 50-SMA,29.76,-2722.9463,81034.88,13.61,40.52,635742.87
655,2024-08-16,2024-08-19,BUY,UPRO,DEFENSIVE_BOTH,BULL_100,FULL RECOVERY: both above 50-SMA,78.6,3004.9328,236187.71,15.02,118.09,696645.73
656,2024-08-16,2024-08-19,BUY,TQQQ,DEFENSIVE_BOTH,BULL_100,FULL RECOVERY: both above 50-SMA,34.235,2207.9335,75588.6,11.04,37.79,696645.73
657,2024-08-29,2024-08-30,SELL,UPRO,BULL_100,DEFENSIVE_QQQ,DEFENSIVE QQQ: QQQ below 50-SMA,81.02,-2.8521,231.07,1.0,0.12,697822.53
658,2024-08-29,2024-08-30,SELL,TQQQ,BULL_100,DEFENSIVE_QQQ,DEFENSIVE QQQ: QQQ below 50-SMA,33.88,-2342.225,79354.58,11.71,39.68,697822.53
659,2024-09-09,2024-09-10,SELL,UPRO,DEFENSIVE_QQQ,DEFENSIVE_BOTH,WORSENING: SPY also below 50-SMA,74.68,-3178.1537,237344.52,15.89,118.67,641510.77
660,2024-09-09,2024-09-10,BUY,TQQQ,DEFENSIVE_QQQ,DEFENSIVE_BOTH,WORSENING: SPY also below 50-SMA,29.555,154.3178,4560.86,1.0,2.28,641510.77
661,2024-09-12,2024-09-13,BUY,UPRO,DEFENSIVE_BOTH,DEFENSIVE_QQQ,"PARTIAL: SPY recovered, QQQ still below",79.83,3036.2969,242387.58,15.18,121.19,669292.42
662,2024-09-12,2024-09-13,SELL,TQQQ,DEFENSIVE_BOTH,DEFENSIVE_QQQ,"PARTIAL: SPY recovered, QQQ still below",33.235,-199.83,6641.35,1.0,3.32,669292.42
663,2024-09-13,2024-09-16,SELL,UPRO,DEFENSIVE_QQQ,BULL_100,RECOVERY: QQQ reclaimed 50-SMA,80.89,-74.7445,6046.08,1.0,3.02,670688.06
664,2024-09-13,2024-09-16,BUY,TQQQ,DEFENSIVE_QQQ,BULL_100,RECOVERY: QQQ reclaimed 50-SMA,33.635,2443.8345,82198.37,12.22,41.1,670688.06
665,2024-12-19,2024-12-20,SELL,UPRO,BULL_100,DEFENSIVE_SPY,DEFENSIVE SPY: SPY below 50-SMA,87.14,-2985.9827,260198.54,14.93,130.1,765350.15
666,2024-12-19,2024-12-20,SELL,TQQQ,BULL_100,DEFENSIVE_SPY,DEFENSIVE SPY: SPY below 50-SMA,39.405,-256.0122,10088.16,1.28,5.04,765350.15
667,2024-12-23,2024-12-24,BUY,UPRO,DEFENSIVE_SPY,BULL_100,RECOVERY: SPY reclaimed 50-SMA,93.0,2984.8989,277595.6,14.92,138.8,796817.89
668,2024-12-23,2024-12-24,SELL,TQQQ,DEFENSIVE_SPY,BULL_100,RECOVERY: SPY reclaimed 50-SMA,42.595,-200.0611,8521.6,1.0,4.26,796817.89
669,2025-01-01,2025-01-02,SELL,UPRO,BULL_100,DEFENSIVE_SPY,DEFENSIVE SPY: SPY below 50-SMA,89.85,-3063.6827,275271.89,15.32,137.64,730764.35
670,2025-01-01,2025-01-02,BUY,TQQQ,BULL_100,DEFENSIVE_SPY,DEFENSIVE SPY: SPY below 50-SMA,40.42,107.7059,4353.47,1.0,2.18,730764.35
671,2025-01-13,2025-01-14,BUY,UPRO,DEFENSIVE_SPY,DEFENSIVE_BOTH,WORSENING: QQQ also below 50-SMA,87.55,21.5956,1890.7,1.0,0.95,723232.13
672,2025-01-13,2025-01-14,SELL,TQQQ,DEFENSIVE_SPY,DEFENSIVE_BOTH,WORSENING: QQQ also below 50-SMA,38.965,-2255.5958,87889.29,11.28,43.94,723232.13
673,2025-01-21,2025-01-22,BUY,UPRO,DEFENSIVE_BOTH,BULL_100,FULL RECOVERY: both above 50-SMA,96.69,2770.6562,267894.75,13.85,133.95,770687.02
674,2025-01-21,2025-01-22,BUY,TQQQ,DEFENSIVE_BOTH,BULL_100,FULL RECOVERY: both above 50-SMA,43.29,2048.9064,88697.16,10.24,44.35,770687.02
675,2025-02-25,2025-02-26,SELL,UPRO,BULL_100,DEFENSIVE_BOTH,DEFENSIVE BOTH: SPY & QQQ below 50-SMA,91.34,-2939.0916,268456.63,14.7,134.23,715286.87
676,2025-02-25,2025-02-26,SELL,TQQQ,BULL_100,DEFENSIVE_BOTH,DEFENSIVE BOTH: SPY & QQQ below 50-SMA,39.565,-2114.3169,83652.95,10.57,41.83,715286.87
677,2025-03-10,2025-03-11,SELL,UPRO,DEFENSIVE_BOTH,CASH,"KILL: VIX=27.9, SPY vs 200SMA",75.39,-2952.535,222591.62,14.76,445.18,649467.78
678,2025-03-10,2025-03-11,SELL,TQQQ,DEFENSIVE_BOTH,CASH,"KILL: VIX=27.9, SPY vs 200SMA",29.975,-2272.0801,68105.6,11.36,136.21,649467.78
679,2025-03-24,2025-03-25,BUY,UPRO,CASH,SMA_RECOVERY,"SMA_RECOVERY: SPY>574(200SMA), VIX=17.5<30",80.17,4556.8869,365325.62,22.78,182.66,657410.36
680,2025-03-24,2025-03-25,BUY,TQQQ,CASH,SMA_RECOVERY,"SMA_RECOVERY: SPY>574(200SMA), VIX=17.5<30",32.955,3695.1967,121775.21,18.48,60.89,657410.36
681,2025-03-25,2025-03-26,BUY,UPRO,SMA_RECOVERY,BULL_100,RE-ENTRY COMPLETE: VIX=17.1<30 (50-SMA check skipped),80.76,1455.2151,117523.17,7.28,58.76,624595.28
682,2025-03-25,2025-03-26,BUY,TQQQ,SMA_RECOVERY,BULL_100,RE-ENTRY COMPLETE: VIX=17.1<30 (50-SMA check skipped),33.51,1134.579,38019.74,5.67,19.01,624595.28
683,2025-03-26,2025-03-27,SELL,UPRO,BULL_100,CASH,"KILL: VIX=18.3, SPY vs 200SMA",77.88,-6012.102,468222.5,30.06,936.45,625658.61
684,2025-03-26,2025-03-27,SELL,TQQQ,BULL_100,CASH,"KILL: VIX=18.3, SPY vs 200SMA",31.53,-4829.7757,152282.83,24.15,304.57,625658.61
685,2025-05-12,2025-05-13,BUY,UPRO,CASH,SMA_RECOVERY,"SMA_RECOVERY: SPY>573(200SMA), VIX=18.4<30",76.9,4576.5016,351932.97,22.88,175.97,645215.91
686,2025-05-12,2025-05-13,BUY,TQQQ,CASH,SMA_RECOVERY,"SMA_RECOVERY: SPY>573(200SMA), VIX=18.4<30",32.595,3599.0486,117310.99,18.0,58.66,645215.91
687,2025-05-13,2025-05-14,BUY,UPRO,SMA_RECOVERY,BULL_100,RE-ENTRY COMPLETE: VIX=18.2<30 (50-SMA check skipped),79.65,1443.1313,114945.41,7.22,57.47,643732.91
688,2025-05-13,2025-05-14,BUY,TQQQ,SMA_RECOVERY,BULL_100,RE-ENTRY COMPLETE: VIX=18.2<30 (50-SMA check skipped),34.755,999.4625,34736.32,5.0,17.37,643732.91
689,2025-07-04,2025-07-07,SELL,UPRO,BULL_100,BULL_TRIMMED,RSI TRIM: RSI=76.6,93.49,-1438.7469,134508.45,7.19,67.25,753416.3
690,2025-07-04,2025-07-07,SELL,TQQQ,BULL_100,BULL_TRIMMED,RSI TRIM: RSI=76.6,41.8,-1183.3035,49462.09,5.92,24.73,753416.3
691,2025-07-31,2025-08-01,BUY,UPRO,BULL_TRIMMED,BULL_100,RSI RECOVERY: RSI=59.4,94.56,1472.6668,139255.38,7.36,69.63,745665.14
692,2025-07-31,2025-08-01,BUY,TQQQ,BULL_TRIMMED,BULL_100,RSI RECOVERY: RSI=59.4,43.2,1001.6439,43271.02,5.01,21.64,745665.14
693,2025-11-18,2025-11-19,SELL,UPRO,BULL_100,DEFENSIVE_BOTH,DEFENSIVE BOTH: SPY & QQQ below 50-SMA,106.29,-2990.1858,317826.85,14.95,158.91,888059.57
694,2025-11-18,2025-11-19,SELL,TQQQ,BULL_100,DEFENSIVE_BOTH,DEFENSIVE BOTH: SPY & QQQ below 50-SMA,49.185,-2210.1809,108707.75,11.05,54.35,888059.57
695,2025-11-27,2025-11-28,BUY,UPRO,DEFENSIVE_BOTH,BULL_100,FULL RECOVERY: both above 50-SMA,116.42,2737.2143,318666.49,13.69,159.33,916518.75
696,2025-11-27,2025-11-28,BUY,TQQQ,DEFENSIVE_BOTH,BULL_100,FULL RECOVERY: both above 50-SMA,53.91,1968.8298,106139.61,9.84,53.07,916518.75
697,2025-12-15,2025-12-16,BUY,UPRO,BULL_100,DEFENSIVE_QQQ,DEFENSIVE QQQ: QQQ below 50-SMA,114.02,15.464,1763.21,1.0,0.88,884199.28
698,2025-12-15,2025-12-16,SELL,TQQQ,BULL_100,DEFENSIVE_QQQ,DEFENSIVE QQQ: QQQ below 50-SMA,51.24,-2018.5088,103428.39,10.09,51.71,884199.28
699,2025-12-22,2025-12-23,SELL,UPRO,DEFENSIVE_QQQ,BULL_100,RECOVERY: QQQ reclaimed 50-SMA,117.94,-65.3954,7712.73,1.0,3.86,924319.69
700,2025-12-22,2025-12-23,BUY,TQQQ,DEFENSIVE_QQQ,BULL_100,RECOVERY: QQQ reclaimed 50-SMA,54.26,2009.5624,109038.86,10.05,54.52,924319.69
