trade_number,signal_date,execution_date,action,instrument,trigger_reason,exec_price,shares_delta,cash_after,trade_value_dollars,slippage_dollars,commission_dollars,portfolio_value_at_close
1,2015-08-24,2015-08-25,BUY,SPXU,PREDATORY_SHORT: SPY<200SMA(208)+VIX=40.7>30,39.7069,2746.8647,108837.48,109069.35,218.14,13.73,233656.12
2,2015-08-27,2015-08-28,SELL,SPXU,EXIT: VIX=26.1<30,37.6065,-2746.8647,211917.22,103300.07,206.6,13.73,211917.22
3,2015-09-01,2015-09-02,BUY,SPXU,PREDATORY_SHORT: SPY<200SMA(208)+VIX=31.4>30,39.5974,2675.9012,105733.31,105958.61,211.92,13.38,210226.94
4,2015-09-02,2015-09-03,SELL,SPXU,EXIT: VIX=26.1<30,38.5721,-2675.9012,208728.59,103215.09,206.43,13.38,208728.59
5,2018-12-21,2018-12-24,BUY,SPXU,PREDATORY_SHORT: SPY<200SMA(275)+VIX=30.1>30,52.69,2087.9,109780.99,110011.45,220.02,10.44,231985.77
6,2018-12-27,2018-12-28,SELL,SPXU,EXIT: VIX=30.0<30,47.3,-2087.9,208330.7,98757.67,197.52,10.44,208330.7
7,2020-02-28,2020-03-02,BUY,SPXU,PREDATORY_SHORT: SPY<200SMA(304)+VIX=40.1>30,24.15,4952.2726,119333.43,119597.38,239.19,24.76,228035.81
8,2020-04-16,2020-04-17,SELL,SPXU,EXIT: SPY>287(50SMA),16.3,-4952.2726,199869.27,80722.04,161.44,24.76,199869.27
9,2020-04-17,2020-04-20,BUY,SPXU,PREDATORY_SHORT: SPY<200SMA(301)+VIX=38.1>30,16.46,6071.363,99704.41,99934.63,199.87,30.36,203342.57
10,2020-04-24,2020-04-27,SELL,SPXU,EXIT: SPY>280(50SMA),16.33,-6071.363,198621.11,99145.36,198.29,30.36,198621.11
11,2020-04-27,2020-04-28,BUY,SPXU,PREDATORY_SHORT: SPY<200SMA(300)+VIX=33.3>30,15.83,6273.5664,99080.56,99310.56,198.62,31.37,199081.21
12,2020-04-28,2020-04-29,SELL,SPXU,EXIT: SPY>278(50SMA),15.62,-6273.5664,196846.32,97993.11,195.99,31.37,196846.32
13,2020-04-29,2020-04-30,BUY,SPXU,PREDATORY_SHORT: SPY<200SMA(300)+VIX=31.2>30,14.77,6663.7209,98192.99,98423.16,196.85,33.32,203679.69
14,2020-04-30,2020-05-01,SELL,SPXU,EXIT: SPY>276(50SMA),16.35,-6663.7209,206893.6,108951.84,217.9,33.32,206893.6
15,2020-05-01,2020-05-04,BUY,SPXU,PREDATORY_SHORT: SPY<200SMA(300)+VIX=37.2>30,16.99,6088.6876,103209.47,103446.8,206.89,30.44,203368.38
16,2020-05-04,2020-05-05,SELL,SPXU,EXIT: SPY>274(50SMA),15.96,-6088.6876,200160.13,97175.45,194.35,30.44,200160.13
17,2020-05-05,2020-05-06,BUY,SPXU,PREDATORY_SHORT: SPY<200SMA(300)+VIX=33.6>30,15.73,6362.3691,99848.1,100080.07,200.16,31.81,204254.57
18,2020-05-06,2020-05-07,SELL,SPXU,EXIT: SPY>273(50SMA),15.91,-6362.3691,200839.13,101225.29,202.45,31.81,200839.13
19,2020-05-07,2020-05-08,BUY,SPXU,PREDATORY_SHORT: SPY<200SMA(300)+VIX=31.4>30,15.2,6606.5503,100185.69,100419.56,200.84,33.03,197764.44
20,2020-05-08,2020-05-11,SELL,SPXU,EXIT: VIX=28.0<30 | SPY>272(50SMA),14.75,-6606.5503,197404.39,97446.62,194.89,33.03,197404.39
21,2020-05-12,2020-05-13,BUY,SPXU,PREDATORY_SHORT: SPY<200SMA(300)+VIX=33.0>30,15.98,6176.6079,98473.91,98702.19,197.4,30.88,200820.3
22,2020-05-13,2020-05-14,SELL,SPXU,EXIT: SPY>272(50SMA),16.79,-6176.6079,201940.87,103705.25,207.41,30.88,201940.87
23,2020-05-14,2020-05-15,BUY,SPXU,PREDATORY_SHORT: SPY<200SMA(299)+VIX=32.6>30,15.82,6382.4547,100736.58,100970.43,201.94,31.91,202536.73
24,2020-05-15,2020-05-18,SELL,SPXU,EXIT: SPY>271(50SMA),15.31,-6382.4547,198224.62,97715.38,195.43,31.91,198224.62
25,2020-05-19,2020-05-20,BUY,SPXU,PREDATORY_SHORT: SPY<200SMA(299)+VIX=30.5>30,14.6,6788.5145,98880.15,99112.31,198.22,33.94,194462.43
26,2020-05-20,2020-05-21,SELL,SPXU,EXIT: VIX=28.0<30 | SPY>271(50SMA),14.29,-6788.5145,195660.06,97007.87,194.02,33.94,195660.06
27,2020-06-26,2020-06-29,BUY,SPXU,PREDATORY_SHORT: SPY<200SMA(302)+VIX=34.7>30,12.81,7576.4107,96821.83,97053.82,194.11,37.88,189254.04
28,2020-06-29,2020-06-30,SELL,SPXU,EXIT: SPY>298(50SMA),12.36,-7576.4107,190241.1,93644.44,187.29,37.88,190241.1
29,2022-01-25,2022-01-26,BUY,SPXU,PREDATORY_SHORT: SPY<200SMA(442)+VIX=31.2>30,15.68,11114.318,173868.39,174272.51,348.55,55.57,350141.48
30,2022-01-28,2022-01-31,SELL,SPXU,EXIT: VIX=27.7<30,15.09,-11114.318,341192.45,167715.06,335.43,55.57,341192.45
31,2022-02-23,2022-02-24,BUY,SPXU,PREDATORY_SHORT: SPY<200SMA(445)+VIX=31.0>30,18.04,8289.519,149202.39,149542.92,299.09,41.45,286808.4
32,2022-02-25,2022-02-28,SELL,SPXU,EXIT: VIX=27.6<30,16.08,-8289.519,282189.81,133295.47,266.59,41.45,282189.81
33,2022-02-28,2022-03-01,BUY,SPXU,PREDATORY_SHORT: SPY<200SMA(445)+VIX=30.1>30,15.35,9191.8505,140766.76,141094.91,282.19,45.96,288020.2
34,2022-03-15,2022-03-16,SELL,SPXU,EXIT: VIX=29.8<30,15.88,-9191.8505,286395.45,145966.59,291.93,45.96,286395.45
35,2022-04-26,2022-04-27,BUY,SPXU,PREDATORY_SHORT: SPY<200SMA(448)+VIX=33.5>30,16.35,7912.3753,129069.04,129367.34,258.73,39.56,257724.26
36,2022-04-28,2022-04-29,SELL,SPXU,EXIT: VIX=30.0<30,15.57,-7912.3753,251978.77,123195.68,246.39,39.56,251978.77
37,2022-04-29,2022-05-02,BUY,SPXU,PREDATORY_SHORT: SPY<200SMA(448)+VIX=33.4>30,16.92,7446.1812,125700.18,125989.39,251.98,37.23,251168.33
38,2022-05-03,2022-05-04,SELL,SPXU,EXIT: VIX=29.2<30,16.45,-7446.1812,247907.65,122489.68,244.98,37.23,247907.65
39,2022-05-05,2022-05-06,BUY,SPXU,PREDATORY_SHORT: SPY<200SMA(448)+VIX=31.2>30,16.83,7365.052,123669.09,123953.82,247.91,36.83,249906.08
40,2022-05-11,2022-05-12,BUY_INIT,SVIX,"SVIX_INIT: VIX=32.6 in [30,40], falling 2 days",9.57,2768.3468,97109.18,26493.08,52.99,13.84,266137.4
41,2022-05-13,2022-05-16,SELL,SPXU,EXIT: VIX=28.9<30,18.33,-7365.052,231803.75,135001.4,270.0,36.83,262283.25
42,2022-05-18,2022-05-19,BUY,SPXU,PREDATORY_SHORT: SPY<200SMA(446)+VIX=31.0>30,19.68,6627.1268,101087.91,130421.86,260.84,33.14,258760.4
43,2022-05-19,2022-05-20,SELL,SPXU,EXIT: VIX=29.4<30,18.94,-6627.1268,226321.52,125517.78,251.04,33.14,254724.76
44,2022-06-13,2022-06-14,BUY,SPXU,PREDATORY_SHORT: SPY<200SMA(443)+VIX=34.0>30,20.49,6165.1659,99713.79,126324.25,252.65,30.83,256249.07
45,2022-06-15,2022-06-16,SELL,SPXU,EXIT: VIX=29.6<30,21.78,-6165.1659,233691.72,134277.31,268.55,30.83,259603.45
46,2022-06-16,2022-06-17,BUY,SPXU,PREDATORY_SHORT: SPY<200SMA(442)+VIX=33.0>30,22.01,5921.9242,103059.88,130341.55,260.68,29.61,262406.26
47,2022-06-22,2022-06-23,SELL,SPXU,EXIT: VIX=28.9<30,21.21,-5921.9242,228383.07,125604.01,251.21,29.61,257007.78
48,2022-08-10,2022-08-11,SELL_ALL,SVIX,EXIT: VIX=19.7<20.0,13.78,-2768.3468,266440.75,38147.82,76.3,13.84,266440.75
49,2022-09-26,2022-09-27,BUY,SPXU,PREDATORY_SHORT: SPY<200SMA(422)+VIX=32.3>30,20.39,6533.6134,132921.27,133220.38,266.44,32.67,272544.58
50,2022-10-03,2022-10-04,BUY_INIT,SVIX,"SVIX_INIT: VIX=30.1 in [30,40], falling 2 days",11.02,2326.1454,107224.25,25634.12,51.27,11.63,256510.94
51,2022-10-04,2022-10-05,SELL,SPXU,EXIT: VIX=29.1<30,19.17,-6533.6134,232190.44,125249.37,250.5,32.67,258126.97
52,2022-10-06,2022-10-07,BUY,SPXU,PREDATORY_SHORT: SPY<200SMA(419)+VIX=30.5>30,19.66,6509.1655,103931.76,127970.19,255.94,32.55,266326.93
53,2022-10-20,2022-10-21,SELL,SPXU,EXIT: VIX=30.0<30,20.69,-6509.1655,238304.5,134674.64,269.35,32.55,263124.47
54,2022-11-30,2022-12-01,SELL_ALL,SVIX,FORCED_EXIT: Step 2 exited CASH state,14.185,-2326.1454,271223.25,32996.37,65.99,11.63,271223.25
55,2025-04-03,2025-04-04,BUY,SPXU,PREDATORY_SHORT: SPY<200SMA(575)+VIX=30.0>30,29.01,7937.1084,229755.31,230255.52,460.51,39.69,496045.3
56,2025-04-14,2025-04-15,BUY_INIT,SVIX,"SVIX_INIT: VIX=30.9 in [30,40], falling 2 days",11.95,3686.7357,185592.28,44056.49,88.11,18.43,438725.61
57,2025-04-18,2025-04-21,SELL,SPXU,EXIT: VIX=29.6<30,28.56,-7937.1084,411783.04,226683.82,453.37,39.69,450936.17
58,2025-04-21,2025-04-22,BUY,SPXU,PREDATORY_SHORT: SPY<200SMA(573)+VIX=33.8>30,28.86,7889.1243,183608.1,227680.13,455.36,39.45,431434.75
59,2025-04-23,2025-04-24,SELL,SPXU,EXIT: VIX=28.4<30,26.44,-7889.1243,391739.92,208588.45,417.18,39.45,437086.77
60,2025-05-12,2025-05-13,SELL_ALL,SVIX,EXIT: VIX=18.4<20.0,14.83,-3686.7357,446286.43,54674.29,109.35,18.43,446286.43
