datetime,open,high,low,close,volume
2018-05-01,130.14,131.93,127.12,131.85,226567.0
2018-05-02,132.13,132.24,127.4,127.85,130679.0
2018-05-03,128.55,128.71,122.51,127.55,373327.0
2018-05-04,126.98,133.71,125.56,132.68,312845.0
2018-05-07,133.73,135.59,132.81,133.77,190711.0
2018-05-08,132.59,134.49,131.3,134.25,171913.0
2018-05-09,135.98,138.3,134.21,137.76,238893.0
2018-05-10,138.39,142.14,138.26,141.08,230295.0
2018-05-11,142.22,143.36,140.95,142.88,184479.0
2018-05-14,143.93,144.75,142.12,142.87,219736.0
2018-05-15,142.34,142.56,138.46,139.18,212709.0
2018-05-16,140.12,142.59,139.09,141.89,134211.0
2018-05-17,141.31,143.31,140.1,141.82,184099.0
2018-05-18,142.11,142.11,139.71,140.5,199377.0
2018-05-21,142.78,144.41,142.49,143.09,166178.0
2018-05-22,144.35,144.81,141.71,142.14,122799.0
2018-05-23,139.56,143.5,139.29,142.87,145129.0
2018-05-24,47.82,47.89,46.45,47.54,292211.0
2018-05-25,47.86,47.86,46.84,47.16,242177.0
2018-05-29,46.36,46.6,44.85,45.57,556190.0
2018-05-30,46.16,47.55,46.07,47.1,482751.0
2018-05-31,47.43,47.43,46.06,46.47,386392.0
2018-06-01,46.91,47.93,46.85,47.93,320608.0
2018-06-04,48.24,48.59,48.13,48.4,286725.0
2018-06-05,48.58,48.76,48.04,48.65,311759.0
2018-06-06,48.96,49.92,48.55,49.78,326903.0
2018-06-07,50.09,50.22,49.16,49.78,413652.0
2018-06-08,49.16,50.26,49.14,50.26,332048.0
2018-06-11,50.21,50.78,50.05,50.56,206526.0
2018-06-12,50.58,50.74,50.13,50.72,199102.0
2018-06-13,50.73,50.83,49.93,50.0,435869.0
2018-06-14,49.93,50.72,49.91,50.35,203231.0
2018-06-15,49.69,50.36,49.23,50.0,339555.0
2018-06-18,49.52,49.96,48.98,49.16,306939.0
2018-06-19,48.0,49.43,47.9,49.18,426207.0
2018-06-20,49.59,49.88,49.29,49.6,246674.0
2018-06-21,49.2,49.52,48.25,48.52,258476.0
2018-06-22,49.15,49.33,48.68,48.7,161518.0
2018-06-25,48.13,48.28,45.79,46.95,932692.0
2018-06-26,46.79,47.57,46.68,47.24,303947.0
2018-06-27,46.39,48.25,45.84,46.1,409781.0
2018-06-28,46.53,47.11,45.44,46.88,359613.0
2018-06-29,47.52,48.1,46.7,46.7,335663.0
2018-07-02,46.14,47.24,45.81,47.15,376285.0
2018-07-03,47.63,47.89,46.4,46.4,205878.0
2018-07-05,47.24,47.795,46.67,47.5,306042.0
2018-07-06,47.74,49.18,47.43,48.95,264894.0
2018-07-09,49.37,50.53,49.37,50.53,305544.0
2018-07-10,50.46,50.87,49.58,49.68,424186.0
2018-07-11,49.52,50.34,49.5,49.63,609502.0
2018-07-12,50.25,51.15,50.08,51.14,475810.0
2018-07-13,51.1,51.33,50.63,51.2,407602.0
2018-07-16,51.14,51.24,50.72,50.8,395306.0
2018-07-17,50.73,51.85,50.48,51.77,376906.0
2018-07-18,51.48,51.99,51.39,51.93,251264.0
2018-07-19,51.62,51.7,51.01,51.25,455803.0
2018-07-20,50.9,51.55,50.7,51.05,446499.0
2018-07-23,51.0,51.84,50.8,51.84,323719.0
2018-07-24,51.86,52.68,51.64,51.93,441444.0
2018-07-25,51.92,53.68,51.77,52.92,592874.0
2018-07-26,52.96,53.53,52.84,53.27,358296.0
2018-07-27,53.16,53.41,51.44,51.91,537609.0
2018-07-30,51.8,52.14,50.85,51.29,565542.0
2018-07-31,51.51,52.4,51.39,51.91,517233.0
2018-08-01,51.68,52.36,51.27,51.7,293111.0
2018-08-02,51.13,52.65,50.52,52.51,398987.0
2018-08-03,52.45,53.2,52.45,53.2,483899.0
2018-08-06,53.29,53.92,52.92,53.67,329735.0
2018-08-07,54.03,54.49,54.03,54.24,342392.0
2018-08-08,54.22,54.41,53.87,53.88,345553.0
2018-08-09,54.21,54.43,53.76,53.78,307144.0
2018-08-10,53.18,53.34,52.38,53.0,525436.0
2018-08-13,52.57,53.37,52.03,52.44,668939.0
2018-08-14,52.88,53.35,52.44,53.28,519055.0
2018-08-15,52.84,52.84,51.11,52.11,866872.0
2018-08-16,52.84,53.79,52.69,53.22,434341.0
2018-08-17,53.52,54.08,52.86,53.77,685284.0
2018-08-20,54.18,54.3,53.79,54.12,375895.0
2018-08-21,54.45,55.07,53.53,53.63,469093.0
2018-08-22,54.02,54.73,53.84,54.48,297405.0
2018-08-23,54.46,54.81,53.96,54.19,437832.0
2018-08-24,54.41,55.22,54.41,55.14,416400.0
2018-08-27,55.47,56.58,55.47,56.58,364466.0
2018-08-28,56.54,56.85,56.21,56.6,473648.0
2018-08-29,56.64,57.56,56.5,57.46,437064.0
2018-08-30,57.0,57.3,56.29,56.46,581439.0
2018-08-31,56.38,56.97,56.08,56.89,476819.0
2018-09-04,56.77,56.77,55.71,56.42,346259.0
2018-09-05,56.09,56.25,55.24,55.76,492375.0
2018-09-06,55.99,56.1,54.7,55.3,608338.0
2018-09-07,55.2,55.67,54.56,55.05,516426.0
2018-09-10,55.69,55.84,55.19,55.43,337270.0
2018-09-11,55.14,56.15,54.68,56.01,359422.0
2018-09-12,56.09,56.27,55.38,55.84,519074.0
2018-09-13,56.02,56.97,56.01,56.87,452831.0
2018-09-14,57.04,57.28,56.39,56.99,471994.0
2018-09-17,56.77,56.84,55.36,55.36,411396.0
2018-09-18,56.38,57.23,56.08,56.95,302289.0
2018-09-19,56.85,57.29,56.54,57.15,258542.0
2018-09-20,57.43,58.59,57.43,58.47,410337.0
2018-09-21,58.86,58.95,58.0,58.0,400548.0
2018-09-24,57.92,58.0,57.25,57.78,429111.0
2018-09-25,57.74,58.17,57.31,57.66,417292.0
2018-09-26,57.77,58.29,56.63,56.9,518126.0
2018-09-27,56.75,58.06,56.75,57.4,347824.0
2018-09-28,57.07,57.68,56.75,57.44,540495.0
2018-10-01,58.5,58.64,57.5,57.94,527093.0
2018-10-02,57.47,58.32,57.26,57.94,298937.0
2018-10-03,58.24,58.81,57.62,57.65,333970.0
2018-10-04,56.97,57.58,55.47,56.79,694553.0
2018-10-05,56.68,57.01,54.64,55.9,704903.0
2018-10-08,55.12,55.8,54.24,55.65,604073.0
2018-10-09,55.4,56.15,54.81,55.56,484813.0
2018-10-10,55.52,55.52,48.92,49.26,1015694.0
2018-10-11,48.25,50.3,45.73,48.21,2607118.0
2018-10-12,49.14,49.19,46.8,48.86,1139200.0
2018-10-15,48.05,49.2,47.49,47.96,827957.0
2018-10-16,48.19,51.29,48.18,51.11,789485.0
2018-10-17,51.11,51.34,49.4,50.96,1105548.0
2018-10-18,50.9,50.9,47.95,48.75,1312625.0
2018-10-19,48.91,50.24,48.24,48.45,865049.0
2018-10-22,48.95,49.25,47.66,47.76,1208427.0
2018-10-23,46.36,47.88,44.64,47.4,1635796.0
2018-10-24,46.49,47.45,42.62,43.12,1422595.0
2018-10-25,44.11,46.04,43.36,43.69,1339750.0
2018-10-26,43.05,44.54,41.3,43.3,2009576.0
2018-10-29,43.32,45.17,40.18,42.0,1614157.0
2018-10-30,42.76,44.29,41.6,44.19,1274067.0
2018-10-31,44.75,46.62,44.63,45.43,1405687.0
2018-11-01,45.66,46.87,45.21,46.25,1092483.0
2018-11-02,47.79,48.1,44.76,45.9,1980984.0
2018-11-05,45.99,46.985,45.66,46.77,822680.0
2018-11-06,46.6,47.81,46.44,47.45,837056.0
2018-11-07,48.71,50.75,48.56,50.65,1208507.0
2018-11-08,50.36,50.7,49.63,50.11,1145239.0
2018-11-09,49.62,49.76,47.97,48.6,1153460.0
2018-11-12,48.85,48.85,45.78,46.4,814579.0
2018-11-13,46.77,47.44,45.41,46.69,893758.0
2018-11-14,46.07,47.07,43.97,44.52,1619155.0
2018-11-15,44.91,46.48,43.25,45.99,913925.0
2018-11-16,45.68,47.09,45.12,46.77,960620.0
2018-11-19,46.85,46.85,43.7,44.28,1282589.0
2018-11-20,43.27,43.77,41.25,41.35,840356.0
2018-11-21,42.39,43.14,42.05,42.11,504884.0
2018-11-23,41.51,42.02,41.04,41.11,232029.0
2018-11-26,42.7,43.36,42.27,42.66,377242.0
2018-11-27,42.98,43.89,42.39,43.84,399358.0
2018-11-28,43.87,46.68,43.77,46.41,1093906.0
2018-11-29,46.07,47.19,45.62,46.61,787417.0
2018-11-30,46.19,47.72,45.92,47.72,852118.0
2018-12-03,50.05,50.09,48.19,48.95,675603.0
2018-12-04,48.55,48.8,44.13,44.64,1476748.0
2018-12-06,42.67,44.24,40.45,43.95,795895.0
2018-12-07,43.3,44.73,40.55,41.05,1307555.0
2018-12-10,40.67,41.715,38.73,41.15,978647.0
2018-12-11,41.19,43.09,40.47,41.29,823339.0
2018-12-12,42.12,43.48,41.67,42.23,799788.0
2018-12-13,41.97,42.79,41.21,41.61,867741.0
2018-12-14,40.29,41.15,39.18,39.36,478648.0
2018-12-17,39.6,39.71,36.29,37.54,1255800.0
2018-12-18,37.7,38.21,36.22,36.74,614958.0
2018-12-19,37.52,38.85,34.5,35.4,1560310.0
2018-12-20,34.82,35.47,32.5,34.14,1442260.0
2018-12-21,33.83,35.15,31.2,31.58,2047902.0
2018-12-24,32.0,32.0,28.4,28.5,1273193.0
2018-12-26,29.0,33.47,28.66,33.03,1356729.0
2018-12-27,31.8,34.31,30.3,33.78,1268437.0
2018-12-28,34.23,35.33,33.33,33.8,1868551.0
2018-12-31,34.6,34.87,33.75,34.72,932541.0
2019-01-02,32.82,35.23,32.81,33.25,866087.0
2019-01-03,33.45,34.11,32.08,32.48,1140215.0
2019-01-04,33.07,35.82,33.07,35.6,1004834.0
2019-01-07,35.44,37.03,35.25,36.45,682708.0
2019-01-08,37.0,37.62,36.2,37.4,720208.0
2019-01-09,37.7,38.3,37.16,37.59,507777.0
2019-01-10,37.0,38.41,36.81,38.0,702532.0
2019-01-11,38.2,38.31,37.48,38.1,429630.0
2019-01-14,37.37,38.0,37.15,37.73,544266.0
2019-01-15,38.04,39.05,37.71,38.92,703813.0
2019-01-16,38.91,39.62,38.91,39.0,482986.0
2019-01-17,38.53,40.46,38.49,40.18,644057.0
2019-01-18,40.38,41.91,40.25,41.72,824012.0
2019-01-22,41.0,41.0,39.12,39.78,1016872.0
2019-01-23,40.22,40.79,38.935,40.12,928602.0
2019-01-24,40.29,40.51,39.56,40.1,628080.0
2019-01-25,40.68,41.65,40.59,41.34,823305.0
2019-01-28,40.63,40.8,39.38,40.17,557027.0
2019-01-29,40.25,40.66,39.71,40.44,419518.0
2019-01-30,40.45,42.43,40.41,42.39,988217.0
2019-01-31,42.25,43.57,41.87,43.12,822881.0
2019-02-01,43.15,43.7,42.75,43.16,921066.0
2019-02-04,43.26,44.13,42.82,43.88,527351.0
2019-02-05,44.16,44.76,44.03,44.45,834886.0
2019-02-06,44.25,44.71,44.03,44.16,576769.0
2019-02-07,44.12,44.12,42.24,43.01,1788394.0
2019-02-08,42.82,43.31,42.03,43.27,556323.0
2019-02-11,43.83,43.83,43.08,43.32,873025.0
2019-02-12,44.18,45.21,43.97,45.2,834056.0
2019-02-13,45.34,45.9,45.19,45.32,682963.0
2019-02-14,45.76,45.78,44.36,45.0,951284.0
2019-02-15,44.93,46.79,44.93,46.79,704600.0
2019-02-19,46.47,47.17,46.11,46.64,422034.0
2019-02-20,46.68,47.32,46.5,47.07,872206.0
2019-02-21,47.28,47.33,46.02,46.52,673990.0
2019-02-22,46.9,47.54,46.76,47.46,1554075.0
2019-02-25,47.74,48.51,47.42,47.42,1699362.0
2019-02-26,47.25,47.97,47.21,47.24,501768.0
2019-02-27,46.9,47.65,46.55,47.55,631115.0
2019-02-28,47.1,47.51,46.94,47.01,524535.0
2019-03-01,47.84,48.23,47.2,48.13,608891.0
2019-03-04,48.3,48.71,46.16,47.33,1610731.0
2019-03-05,47.72,47.72,46.96,47.05,587944.0
2019-03-06,47.24,47.37,46.2,46.2,720910.0
2019-03-07,45.98,46.58,44.72,45.31,1190509.0
2019-03-08,44.85,45.2,43.91,45.15,919871.0
2019-03-11,45.15,47.38,45.13,47.35,527252.0
2019-03-12,47.15,47.68,46.79,47.17,623891.0
2019-03-13,47.29,48.84,47.29,48.48,900334.0
2019-03-14,48.67,48.74,47.96,48.22,647960.0
2019-03-15,48.6,49.36,48.35,48.9,1256539.0
2019-03-18,49.05,49.69,48.9,49.59,553620.0
2019-03-19,49.76,50.47,48.94,49.28,1255826.0
2019-03-20,49.39,49.92,48.27,48.89,1817095.0
2019-03-21,48.54,50.76,48.17,50.5,1052578.0
2019-03-22,49.85,50.06,47.5,47.5,2365419.0
2019-03-25,47.34,48.07,46.79,47.8,1169528.0
2019-03-26,47.97,49.09,47.76,48.42,1021665.0
2019-03-27,48.22,48.87,46.89,47.59,1139973.0
2019-03-28,47.73,48.73,47.47,48.72,793439.0
2019-03-29,48.72,49.37,48.52,49.28,623923.0
2019-04-01,50.31,51.11,50.12,51.01,590579.0
2019-04-02,50.72,51.16,50.56,50.79,715509.0
2019-04-03,51.6,51.95,50.88,51.35,693270.0
2019-04-04,51.2,51.76,51.0,51.55,490023.0
2019-04-05,51.8,52.43,51.71,52.43,686686.0
2019-04-08,52.12,52.52,51.7,52.4,551133.0
2019-04-09,52.33,52.36,51.33,51.56,465012.0
2019-04-10,51.92,52.4,51.65,52.4,438843.0
2019-04-11,52.09,52.55,51.76,52.2,456838.0
2019-04-12,52.5,53.31,52.5,53.21,343401.0
2019-04-15,53.05,53.25,52.55,53.1,383255.0
2019-04-16,53.5,53.64,52.76,53.13,421722.0
2019-04-17,53.41,53.77,52.46,52.63,674959.0
2019-04-18,52.13,53.16,52.1,53.1,552629.0
2019-04-22,52.68,53.26,52.47,53.21,360467.0
2019-04-23,53.15,54.67,53.06,54.6,513003.0
2019-04-24,54.67,54.68,54.05,54.25,512462.0
2019-04-25,54.25,54.44,53.32,53.85,455106.0
2019-04-26,53.81,54.82,53.6,54.79,557586.0
2019-04-29,54.94,55.35,54.66,54.8,617435.0
2019-04-30,54.89,55.55,53.94,55.48,369103.0
2019-05-01,55.78,55.8,53.4,53.68,931492.0
2019-05-02,54.17,54.31,52.58,53.6,1398030.0
2019-05-03,53.98,55.2,53.85,55.07,387676.0
2019-05-06,52.42,54.61,52.01,53.52,818262.0
2019-05-07,53.74,53.74,50.45,51.77,2651547.0
2019-05-08,51.94,52.4,50.95,51.54,1164383.0
2019-05-09,50.53,51.22,49.1,51.08,1480120.0
2019-05-10,50.42,52.09,48.56,51.74,1239149.0
2019-05-13,49.6,50.03,47.26,47.3,2172034.0
2019-05-14,48.13,49.9,48.13,49.29,962448.0
2019-05-15,49.13,50.25,47.91,49.8,1253927.0
2019-05-16,49.65,52.03,49.65,51.38,950574.0
2019-05-17,50.88,51.71,49.87,50.4,869937.0
2019-05-20,50.08,50.25,48.8,49.52,996482.0
2019-05-21,49.7,50.78,49.65,50.6,534501.0
2019-05-22,50.57,50.61,49.65,50.14,565260.0
2019-05-23,49.22,49.22,47.39,48.14,972628.0
2019-05-24,48.96,49.26,48.2,48.7,516027.0
2019-05-28,48.51,49.22,47.16,47.35,628862.0
2019-05-29,46.5,46.74,45.42,46.22,793959.0
2019-05-30,46.57,47.07,45.4,45.4,752964.0
2019-05-31,45.08,45.59,44.64,44.82,798218.0
2019-06-03,44.03,45.27,43.59,44.8,960063.0
2019-06-04,44.87,47.6,44.87,47.55,674567.0
2019-06-05,47.72,48.51,47.09,47.75,632396.0
2019-06-06,48.78,49.73,48.2,49.25,578820.0
2019-06-07,49.7,51.44,49.41,50.91,777610.0
2019-06-10,51.4,52.49,51.25,51.55,786378.0
2019-06-11,52.39,52.8,51.09,51.5,635738.0
2019-06-12,51.18,51.64,50.88,51.48,425453.0
2019-06-13,51.71,52.0,51.3,51.74,565113.0
2019-06-14,51.53,51.97,51.17,51.63,340539.0
2019-06-17,51.91,52.11,51.57,51.8,500905.0
2019-06-18,51.6,53.9,51.6,53.52,681449.0
2019-06-19,53.44,54.24,52.75,54.21,550007.0
2019-06-20,54.7,55.41,53.92,55.0,650832.0
2019-06-21,54.8,55.75,54.48,54.64,438391.0
2019-06-24,55.07,55.2,54.6,54.8,316629.0
2019-06-25,54.39,54.63,52.8,52.88,565468.0
2019-06-26,53.17,53.97,52.59,52.75,497941.0
2019-06-27,53.5,53.82,52.89,53.8,452229.0
2019-06-28,53.86,54.75,53.64,54.59,559598.0
2019-07-01,55.95,56.32,54.89,55.38,585801.0
2019-07-02,55.27,56.25,55.06,56.18,496401.0
2019-07-03,56.45,57.4,56.35,57.35,340993.0
2019-07-05,57.0,57.25,55.76,56.9,498590.0
2019-07-08,56.5,56.5,55.86,55.95,399402.0
2019-07-09,55.37,56.575,55.32,56.32,317665.0
2019-07-10,56.14,57.79,55.93,57.28,621861.0
2019-07-11,57.52,57.75,56.94,57.68,493645.0
2019-07-12,58.0,58.38,57.685,58.35,516247.0
2019-07-15,58.48,58.64,58.08,58.5,202116.0
2019-07-16,58.36,58.56,57.62,57.73,282715.0
2019-07-17,58.09,58.1,56.21,56.34,380882.0
2019-07-18,56.4,57.67,55.99,57.28,436599.0
2019-07-19,57.59,57.9,55.7,55.85,377017.0
2019-07-22,56.26,56.96,56.16,56.74,312880.0
2019-07-23,57.09,57.83,56.83,57.61,387869.0
2019-07-24,57.25,58.63,57.22,58.59,299439.0
2019-07-25,58.59,58.95,57.27,57.87,455447.0
2019-07-26,58.09,59.04,58.01,58.7,320320.0
2019-07-29,58.8,58.87,58.24,58.83,367476.0
2019-07-30,58.4,58.41,57.45,58.28,492256.0
2019-07-31,58.42,58.46,54.94,55.85,739894.0
2019-08-01,56.39,58.15,54.2,54.2,1337663.0
2019-08-02,53.9,55.02,52.55,53.62,996295.0
2019-08-05,51.65,51.7,45.51,45.6,1279544.0
2019-08-06,48.36,50.8,48.36,50.07,766594.0
2019-08-07,50.67,51.21,47.67,50.4,1229828.0
2019-08-08,51.11,53.81,50.86,53.45,902652.0
2019-08-09,53.1,53.51,51.55,52.88,875835.0
2019-08-12,52.57,52.57,50.13,50.85,884679.0
2019-08-13,50.5,53.83,49.9,53.14,956380.0
2019-08-14,52.88,52.88,48.02,48.55,1564361.0
2019-08-15,49.31,49.85,47.25,49.17,1072020.0
2019-08-16,49.82,51.1,49.5,50.77,644482.0
2019-08-19,52.08,53.07,52.08,52.4,493925.0
2019-08-20,52.64,52.85,51.07,51.33,517830.0
2019-08-21,52.0,53.33,52.0,53.21,433333.0
2019-08-22,52.61,53.5,51.6,52.4,635195.0
2019-08-23,53.13,53.25,47.85,48.5,1315967.0
2019-08-26,49.4,50.43,48.96,50.01,807351.0
2019-08-27,49.73,51.19,49.16,49.88,565359.0
2019-08-28,49.55,50.71,48.76,50.4,653200.0
2019-08-29,51.2,52.83,51.2,52.47,568377.0
2019-08-30,53.38,53.63,51.905,52.4,694673.0
2019-09-03,51.66,51.97,50.75,51.38,613961.0
2019-09-04,52.97,53.31,52.35,53.31,480646.0
2019-09-05,54.42,55.86,54.4,55.34,658906.0
2019-09-06,55.63,55.91,55.1,55.62,400342.0
2019-09-09,55.78,56.13,54.92,55.55,406166.0
2019-09-10,54.98,55.5,54.24,55.42,475208.0
2019-09-11,55.7,57.71,55.25,57.63,441316.0
2019-09-12,57.18,57.84,56.7,57.4,574827.0
2019-09-13,57.65,57.93,56.84,57.0,350281.0
2019-09-16,56.17,56.85,56.11,56.79,282180.0
2019-09-17,56.29,57.0,56.21,56.9,357097.0
2019-09-18,56.75,57.21,55.43,56.94,551736.0
2019-09-19,56.69,57.88,56.58,57.12,348708.0
2019-09-20,57.23,57.53,55.73,55.73,435631.0
2019-09-23,55.76,57.15,55.58,57.0,226935.0
2019-09-24,56.79,57.04,54.23,55.02,574461.0
2019-09-25,54.65,56.01,53.96,55.68,456741.0
2019-09-26,56.02,56.14,54.54,55.36,520472.0
2019-09-27,55.8,56.0,53.55,54.68,618574.0
2019-09-30,55.1,55.68,54.66,55.65,374130.0
2019-10-01,55.73,56.17,53.1,53.48,751283.0
2019-10-02,52.54,52.66,49.67,50.48,948625.0
2019-10-03,50.46,51.7,48.72,51.57,1013805.0
2019-10-04,51.38,53.87,51.08,53.65,703735.0
2019-10-07,53.51,54.2,52.85,52.99,601507.0
2019-10-08,52.9,52.9,50.49,50.49,917914.0
2019-10-09,50.98,52.51,50.04,50.49,454395.0
2019-10-10,51.95,53.97,51.5,53.33,560004.0
2019-10-11,54.34,55.96,54.31,54.99,959958.0
2019-10-14,54.38,54.89,53.87,54.89,341563.0
2019-10-15,55.23,56.51,54.79,56.04,473986.0
2019-10-16,55.81,56.21,55.53,55.76,442820.0
2019-10-17,55.97,56.79,55.84,56.19,474503.0
2019-10-18,56.35,56.38,54.98,55.66,380480.0
2019-10-21,56.04,56.74,55.99,56.7,252064.0
2019-10-22,56.69,57.12,55.69,55.89,389558.0
2019-10-23,55.95,56.8,55.49,56.7,259934.0
2019-10-24,56.81,57.18,56.3,56.42,446572.0
2019-10-25,56.7,57.81,56.4,57.61,354896.0
2019-10-28,57.89,58.76,57.81,58.47,366276.0
2019-10-29,58.29,58.96,58.2,58.42,315254.0
2019-10-30,58.4,59.49,57.69,59.07,430085.0
2019-10-31,59.1,59.1,57.5,58.33,505410.0
2019-11-01,58.71,60.05,58.69,59.85,321209.0
2019-11-04,60.63,61.24,60.52,60.97,424951.0
2019-11-05,61.11,61.16,60.31,60.35,381082.0
2019-11-06,60.5,60.8,59.96,60.74,417304.0
2019-11-07,61.29,61.92,60.88,61.23,447684.0
2019-11-08,61.01,61.66,60.5,61.66,305800.0
2019-11-11,60.89,61.43,60.62,61.43,280941.0
2019-11-12,61.46,62.24,61.15,61.6,502071.0
2019-11-13,61.14,61.95,60.84,61.9,445251.0
2019-11-14,61.81,62.03,61.08,62.02,345867.0
2019-11-15,62.47,63.29,62.38,63.29,457838.0
2019-11-18,63.56,63.63,62.83,63.38,297054.0
2019-11-19,63.86,64.06,62.91,62.92,297017.0
2019-11-20,62.65,63.26,61.59,62.29,530234.0
2019-11-21,62.33,63.01,61.77,62.4,314190.0
2019-11-22,62.73,62.85,62.05,62.76,290740.0
2019-11-25,63.32,64.14,63.17,64.05,265323.0
2019-11-26,64.15,64.8,63.96,64.76,252071.0
2019-11-27,64.97,65.44,64.73,64.83,334628.0
2019-11-29,65.01,65.18,64.51,64.83,194433.0
2019-12-02,65.54,65.54,62.73,62.73,649688.0
2019-12-03,63.03,63.03,60.27,61.57,599524.0
2019-12-04,62.45,63.26,62.19,62.76,394905.0
2019-12-05,63.0,63.52,62.32,63.25,375661.0
2019-12-06,63.58,65.17,63.5,64.92,384559.0
2019-12-09,64.59,65.09,64.05,64.12,192999.0
2019-12-10,63.55,64.69,63.07,64.22,310636.0
2019-12-11,64.03,64.78,64.03,64.78,346338.0
2019-12-12,65.01,67.04,64.38,67.04,788145.0
2019-12-13,67.04,67.26,65.55,66.46,574796.0
2019-12-16,67.05,68.135,67.05,67.68,328158.0
2019-12-17,67.82,68.19,67.59,67.59,283025.0
2019-12-18,67.94,68.16,67.75,67.92,196864.0
2019-12-19,68.07,68.7,67.74,68.7,264728.0
2019-12-20,68.54,69.91,68.54,69.64,323359.0
2019-12-23,69.93,70.15,69.67,69.8,209298.0
2019-12-24,69.81,69.84,69.46,69.67,86811.0
2019-12-26,70.01,70.85,69.89,70.73,167311.0
2019-12-27,71.13,71.48,70.31,70.32,248691.0
2019-12-30,70.47,70.83,69.15,69.63,353938.0
2019-12-31,69.65,70.35,68.88,70.26,378144.0
2020-01-02,71.21,72.11,70.39,72.11,393672.0
2020-01-03,70.24,71.08,68.82,70.29,452944.0
2020-01-06,68.85,71.19,68.85,70.85,408289.0
2020-01-07,71.05,71.24,67.95,68.38,349579.0
2020-01-08,70.17,72.43,70.1,72.16,552073.0
2020-01-09,72.63,73.12,72.27,73.12,350807.0
2020-01-10,73.41,73.68,72.03,72.17,358494.0
2020-01-13,73.05,74.21,72.5,74.21,246367.0
2020-01-14,73.54,74.27,73.12,73.43,472307.0
2020-01-15,73.55,74.54,73.26,74.51,438306.0
2020-01-16,74.79,75.79,74.73,75.79,320040.0
2020-01-17,76.29,76.63,75.89,76.43,342024.0
2020-01-21,75.52,76.63,75.35,76.04,404278.0
2020-01-22,76.72,77.15,75.6,75.6,244486.0
2020-01-23,75.85,76.71,74.7,76.7,315701.0
2020-01-24,77.06,77.06,73.29,73.88,638243.0
2020-01-27,72.07,72.07,70.07,71.1,860822.0
2020-01-28,71.12,73.48,70.86,72.84,377085.0
2020-01-29,73.56,74.0,72.3,72.95,284207.0
2020-01-30,71.27,74.06,70.64,73.85,449283.0
2020-01-31,73.15,73.23,68.0,69.5,1015014.0
2020-02-03,70.4,72.21,70.15,70.37,360324.0
2020-02-04,72.96,74.73,72.89,74.0,329861.0
2020-02-05,75.19,77.01,75.19,76.98,411659.0
2020-02-06,77.56,77.77,76.63,77.66,279532.0
2020-02-07,77.3,77.33,75.79,75.89,364688.0
2020-02-10,76.16,78.02,75.49,77.84,239935.0
2020-02-11,78.52,79.5,77.91,78.65,348871.0
2020-02-12,79.17,79.95,78.8,79.12,259326.0
2020-02-13,78.75,80.24,77.83,79.39,306726.0
2020-02-14,79.89,80.27,78.88,79.88,291184.0
2020-02-18,79.04,79.75,78.15,79.73,371757.0
2020-02-19,79.65,80.85,79.65,80.54,179289.0
2020-02-20,80.15,80.52,77.05,78.33,475323.0
2020-02-21,78.02,78.52,76.24,76.97,596778.0
2020-02-24,72.15,72.15,68.38,69.88,908844.0
2020-02-25,70.48,70.58,62.27,64.27,976709.0
2020-02-26,62.09,66.14,60.7,61.42,908141.0
2020-02-27,61.32,61.32,51.74,52.92,1539557.0
2020-02-28,50.0,54.88,47.25,54.5,1608375.0
2020-03-02,55.13,60.01,50.07,59.36,1021412.0
2020-03-03,59.47,62.64,53.21,54.14,1429354.0
2020-03-04,57.57,61.76,56.49,60.1,1236050.0
2020-03-05,58.01,59.0,54.06,55.68,908962.0
2020-03-06,53.61,53.61,48.75,51.7,962867.0
2020-03-09,44.62,45.57,38.87,43.2,1325389.0
2020-03-10,43.74,46.84,40.05,44.0,1964748.0
2020-03-11,43.44,44.54,38.18,39.65,1640521.0
2020-03-12,35.06,36.4,26.4,27.3,3235243.0
2020-03-13,30.59,36.26,28.88,34.74,2517744.0
2020-03-16,30.3,31.77,23.25,25.02,2936500.0
2020-03-17,27.5,28.34,22.79,24.16,2466502.0
2020-03-18,23.01,25.43,19.7,25.08,4181592.0
2020-03-19,22.79,25.32,20.89,22.38,2872181.0
2020-03-20,25.12,26.5,19.75,19.86,3231292.0
2020-03-23,18.25,22.91,17.51,19.55,4974377.0
2020-03-24,21.31,24.88,20.63,23.55,3393990.0
2020-03-25,24.62,27.53,22.6,24.79,4127548.0
2020-03-26,23.39,29.77,22.87,29.77,3398858.0
2020-03-27,27.5,28.9,25.64,25.9,3258367.0
2020-03-30,25.71,29.27,25.51,29.05,2390497.0
2020-03-31,29.58,29.66,26.58,26.6,3401872.0
2020-04-01,24.89,25.635,23.23,24.3,3420069.0
2020-04-02,25.0,25.85,22.99,25.24,3323937.0
2020-04-03,25.0,26.03,23.59,24.36,2885012.0
2020-04-06,27.37,30.05,27.0,29.89,3280162.0
2020-04-07,31.39,32.8,28.75,29.46,4407061.0
2020-04-08,29.59,32.87,28.8,32.78,2795744.0
2020-04-09,33.42,34.95,31.16,34.2,4497122.0
2020-04-13,32.96,33.87,31.4,33.36,3610740.0
2020-04-14,34.14,36.24,33.96,35.75,3332842.0
2020-04-15,34.63,34.7,32.71,32.83,2578969.0
2020-04-16,34.23,37.75,32.85,37.11,4091508.0
2020-04-17,36.81,37.31,35.26,36.85,2908242.0
2020-04-20,36.36,36.67,34.6,35.02,3693845.0
2020-04-21,34.2,34.39,31.32,32.12,3646343.0
2020-04-22,32.6,34.43,32.6,33.42,2097560.0
2020-04-23,33.59,35.52,32.93,33.16,2870076.0
2020-04-24,33.29,35.43,33.07,35.15,2090803.0
2020-04-27,35.87,37.14,35.81,36.65,1787682.0
2020-04-28,36.94,38.36,36.07,36.78,2802696.0
2020-04-29,37.44,40.14,37.15,39.71,2317693.0
2020-04-30,39.49,39.91,36.1,36.86,2181092.0
2020-05-01,36.11,36.18,34.43,34.86,2328341.0
2020-05-04,34.24,35.325,33.45,35.09,1463694.0
2020-05-05,36.26,37.3,35.33,36.45,1639065.0
2020-05-06,36.78,37.14,34.97,35.19,1688559.0
2020-05-07,36.37,37.48,36.37,37.37,1715013.0
2020-05-08,37.98,38.9,37.54,38.85,1495532.0
2020-05-11,39.16,39.16,37.29,38.31,1529090.0
2020-05-12,38.2,39.2,34.9,34.96,2081557.0
2020-05-13,35.83,36.65,33.32,34.52,3044231.0
2020-05-14,34.12,35.79,32.38,35.78,3301386.0
2020-05-15,35.9,36.05,34.16,35.85,3295727.0
2020-05-18,37.29,39.95,36.95,39.52,1978006.0
2020-05-19,39.32,39.78,37.93,38.37,1935848.0
2020-05-20,38.75,40.39,38.75,39.98,1154570.0
2020-05-21,39.22,40.32,38.715,39.33,1760255.0
2020-05-22,37.76,39.65,37.76,39.62,853230.0
2020-05-26,41.54,42.14,40.72,41.04,1080078.0
2020-05-27,42.13,43.01,39.97,42.99,1469461.0
2020-05-28,43.3,44.09,42.15,42.38,1359680.0
2020-05-29,42.11,43.75,41.04,43.64,1620937.0
2020-06-01,43.36,43.81,42.25,42.96,925622.0
2020-06-02,43.6,45.03,43.36,44.97,1016110.0
2020-06-03,45.08,46.85,44.98,46.65,1202500.0
2020-06-04,45.96,46.76,45.03,45.98,1382378.0
2020-06-05,47.54,50.45,46.85,49.45,1740058.0
2020-06-08,49.44,51.44,49.43,51.1,1186356.0
2020-06-09,50.46,50.97,49.53,50.74,1339212.0
2020-06-10,50.91,51.0,48.25,48.32,1748269.0
2020-06-11,46.63,47.39,40.5,41.74,2615056.0
2020-06-12,42.52,44.23,39.97,42.15,2222759.0
2020-06-15,39.0,44.75,38.8,44.75,1527258.0
2020-06-16,44.64,47.64,43.73,46.33,1751947.0
2020-06-17,46.92,47.25,44.83,44.86,921821.0
2020-06-18,45.53,46.04,44.18,45.9,875331.0
2020-06-19,45.87,47.18,43.49,43.77,1147519.0
2020-06-22,44.6,46.35,43.84,46.27,682216.0
2020-06-23,46.7,47.22,45.6,45.76,828350.0
2020-06-24,45.49,45.49,41.73,42.49,2031403.0
2020-06-25,41.87,44.2,41.42,44.0,1229661.0
2020-06-26,43.4,44.28,40.58,40.89,1577029.0
2020-06-29,41.16,43.21,40.37,43.06,1190440.0
2020-06-30,42.48,45.02,42.11,44.21,1335772.0
2020-07-01,44.49,45.755,43.44,45.18,1104708.0
2020-07-02,45.95,47.44,45.61,46.14,919966.0
2020-07-06,47.94,48.45,47.4,48.35,1070440.0
2020-07-07,47.24,48.24,46.37,46.76,909700.0
2020-07-08,46.85,47.97,46.08,47.92,990301.0
2020-07-09,47.64,48.06,45.13,47.16,1428334.0
2020-07-10,46.29,48.49,45.75,48.48,1001798.0
2020-07-13,48.95,50.55,46.66,47.27,1568527.0
2020-07-14,47.37,50.05,45.7,49.7,2235329.0
2020-07-15,49.66,50.82,48.96,50.15,1566409.0
2020-07-16,49.35,49.85,48.83,49.45,1069464.0
2020-07-17,49.38,50.45,49.15,50.0,894152.0
2020-07-20,49.18,51.64,49.18,51.33,857847.0
2020-07-21,52.31,52.66,51.11,51.89,1077503.0
2020-07-22,51.3,52.6,50.68,52.11,840334.0
2020-07-23,53.23,53.23,49.91,50.83,1243478.0
2020-07-24,49.57,50.37,48.86,49.25,1326806.0
2020-07-27,49.98,50.92,49.58,50.82,815754.0
2020-07-28,50.77,50.9,49.59,50.02,932797.0
2020-07-29,50.06,51.84,50.01,51.58,795912.0
2020-07-30,50.4,52.6,48.96,52.35,1313584.0
2020-07-31,51.75,52.46,49.77,52.04,1344431.0
2020-08-03,52.17,53.69,51.9,53.32,706049.0
2020-08-04,53.0,53.93,52.55,53.9,730772.0
2020-08-05,54.73,55.06,54.38,54.87,757071.0
2020-08-06,54.92,56.15,54.01,55.97,936184.0
2020-08-07,55.85,56.27,55.0,56.1,1103967.0
2020-08-10,56.39,56.72,55.33,56.51,833634.0
2020-08-11,57.31,57.83,54.85,55.68,1149815.0
2020-08-12,56.61,57.96,56.31,57.38,768723.0
2020-08-13,57.03,57.95,56.72,57.63,625827.0
2020-08-14,56.86,57.52,56.34,57.06,600189.0
2020-08-17,57.47,58.15,57.39,58.15,303627.0
2020-08-18,58.12,58.37,57.19,58.29,440228.0
2020-08-19,58.46,58.65,56.99,57.02,580057.0
2020-08-20,56.84,58.31,56.35,58.31,438064.0
2020-08-21,57.86,58.68,56.68,58.61,399707.0
2020-08-24,59.58,60.62,59.4,60.61,391657.0
2020-08-25,61.19,61.3,60.01,61.3,508877.0
2020-08-26,61.15,63.23,61.02,62.92,491565.0
2020-08-27,62.77,64.07,62.25,63.69,847861.0
2020-08-28,63.84,64.75,63.14,64.75,552825.0
2020-08-31,64.93,65.16,63.34,63.56,662536.0
2020-09-01,64.74,66.08,63.71,66.08,899555.0
2020-09-02,66.62,68.95,66.02,68.79,984888.0
2020-09-03,68.69,68.77,59.7,60.15,2303160.0
2020-09-04,62.16,62.9,55.72,59.6,1480102.0
2020-09-08,60.17,60.2,53.04,54.48,1591248.0
2020-09-09,56.29,59.46,55.82,58.7,1234268.0
2020-09-10,57.32,59.53,54.57,55.62,1380123.0
2020-09-11,56.45,56.78,53.65,54.99,1866175.0
2020-09-14,57.4,58.29,56.5,57.39,776284.0
2020-09-15,57.87,59.15,57.66,58.27,738927.0
2020-09-16,58.85,59.69,57.38,57.77,889226.0
2020-09-17,55.33,56.94,54.5,56.16,1068381.0
2020-09-18,56.17,56.77,52.74,54.23,1200494.0
2020-09-21,52.74,52.74,49.7,52.69,1388129.0
2020-09-22,52.33,54.13,51.78,53.76,678472.0
2020-09-23,54.12,54.62,49.43,49.63,981014.0
2020-09-24,50.17,52.03,48.77,51.31,1355626.0
2020-09-25,50.7,53.33,49.32,52.98,967388.0
2020-09-28,54.0,56.24,53.96,56.19,696718.0
2020-09-29,55.12,55.85,54.31,55.28,503336.0
2020-09-30,53.95,57.59,53.44,56.47,1088279.0
2020-10-01,57.22,57.82,55.98,56.74,729569.0
2020-10-02,54.94,56.39,53.7,54.65,1158118.0
2020-10-05,56.18,58.38,56.13,57.77,717047.0
2020-10-06,57.59,59.52,54.91,55.64,1136110.0
2020-10-07,57.0,59.13,56.78,59.05,584157.0
2020-10-08,59.61,61.14,59.22,61.02,573426.0
2020-10-09,60.93,62.38,60.78,62.23,729651.0
2020-10-12,62.52,65.73,62.52,65.17,824973.0
2020-10-13,64.27,65.2,63.04,63.96,725073.0
2020-10-14,64.52,64.77,61.98,62.62,804629.0
2020-10-15,61.37,62.72,59.84,62.67,854202.0
2020-10-16,62.23,63.91,61.5,61.5,716639.0
2020-10-19,63.02,63.17,58.71,60.18,931102.0
2020-10-20,60.33,61.73,59.12,60.46,967377.0
2020-10-21,60.28,61.1,58.29,58.7,783073.0
2020-10-22,59.13,61.0,58.51,60.78,870221.0
2020-10-23,60.93,61.37,59.8,61.05,741502.0
2020-10-26,58.95,59.69,55.8,57.81,1351148.0
2020-10-27,58.2,58.56,55.99,56.34,637130.0
2020-10-28,55.66,55.66,51.08,52.04,1476700.0
2020-10-29,52.62,54.44,50.59,51.76,751113.0
2020-10-30,50.45,52.69,49.32,51.66,1621892.0
2020-11-02,52.15,53.92,51.52,53.27,1120276.0
2020-11-03,54.51,57.39,54.33,56.83,977527.0
2020-11-04,56.72,61.64,55.66,59.44,1764337.0
2020-11-05,61.54,63.93,61.39,62.65,1403546.0
2020-11-06,61.59,63.77,60.5,63.31,1207107.0
2020-11-09,65.61,71.79,64.98,65.29,2586166.0
2020-11-10,65.33,65.72,63.06,64.74,1465492.0
2020-11-11,66.0,66.89,65.51,66.45,542423.0
2020-11-12,65.38,66.38,63.38,64.52,798714.0
2020-11-13,65.54,67.55,65.28,67.24,794650.0
2020-11-16,68.54,70.0,67.99,69.49,746556.0
2020-11-17,68.79,69.27,67.25,68.66,454082.0
2020-11-18,68.29,69.35,65.7,66.0,653232.0
2020-11-19,65.08,67.08,64.86,65.25,532316.0
2020-11-20,66.22,67.08,64.91,65.38,411314.0
2020-11-23,66.75,67.82,65.23,67.75,719092.0
2020-11-24,68.06,70.44,67.69,70.44,726771.0
2020-11-25,69.91,70.1,68.88,69.83,492988.0
2020-11-27,70.11,70.41,69.53,70.06,319005.0
2020-11-30,69.0,70.19,67.54,70.19,846331.0
2020-12-01,71.2,72.39,70.835,71.25,748075.0
2020-12-02,70.95,72.15,70.37,71.78,590335.0
2020-12-03,71.63,72.7,71.16,72.03,679904.0
2020-12-04,72.33,73.72,71.94,73.41,469550.0
2020-12-07,72.29,73.55,72.22,72.71,376745.0
2020-12-08,72.87,74.54,71.66,74.15,376226.0
2020-12-09,74.53,74.53,71.36,72.23,971866.0
2020-12-10,72.16,72.6,70.5,72.09,495191.0
2020-12-11,70.84,71.69,69.59,71.42,489347.0
2020-12-14,72.58,73.59,70.45,71.05,557314.0
2020-12-15,71.84,73.55,71.32,73.31,512293.0
2020-12-16,73.86,74.37,73.06,73.88,386752.0
2020-12-17,74.89,75.14,74.32,75.07,414500.0
2020-12-18,75.1,75.5,72.81,74.96,902210.0
2020-12-21,72.0,73.89,68.0,73.24,829039.0
2020-12-22,73.48,73.93,72.25,73.2,392515.0
2020-12-23,73.37,74.31,72.8,73.25,341108.0
2020-12-24,73.6,74.02,73.04,74.02,239003.0
2020-12-28,75.26,76.22,75.17,76.22,383261.0
2020-12-29,76.97,76.98,75.04,75.5,492816.0
2020-12-30,76.11,76.37,75.46,75.81,352335.0
2020-12-31,75.25,77.34,75.16,77.16,473626.0
2021-01-04,78.0,78.54,71.29,73.64,935192.0
2021-01-05,73.78,75.91,72.58,75.09,671452.0
2021-01-06,73.31,78.65,73.31,77.21,1523297.0
2021-01-07,77.92,80.45,77.06,80.32,962059.0
2021-01-08,80.62,81.74,78.7,81.66,1389406.0
2021-01-11,80.01,80.87,78.77,80.05,860407.0
2021-01-12,80.03,80.47,78.21,79.93,779476.0
2021-01-13,80.06,81.03,78.77,80.61,426821.0
2021-01-14,80.96,81.19,79.28,79.9,519727.0
2021-01-15,78.9,79.02,76.51,77.5,630866.0
2021-01-19,79.15,80.31,78.43,80.31,404295.0
2021-01-20,80.18,83.44,80.1,83.18,472661.0
2021-01-21,83.47,83.71,82.48,83.1,331845.0
2021-01-22,82.0,82.96,80.99,82.19,613836.0
2021-01-25,83.15,83.41,79.38,83.05,859659.0
2021-01-26,82.78,84.1,82.62,82.92,435340.0
2021-01-27,82.57,82.68,74.13,74.31,1081568.0
2021-01-28,74.38,81.28,74.24,77.66,1151884.0
2021-01-29,76.52,78.24,72.81,73.81,1399381.0
2021-02-01,75.91,78.28,74.76,78.03,600328.0
2021-02-02,79.29,81.93,79.29,81.65,587220.0
2021-02-03,81.93,82.26,80.27,81.69,482958.0
2021-02-04,81.59,84.04,81.23,83.72,427009.0
2021-02-05,84.44,85.32,84.05,85.11,376463.0
2021-02-08,85.56,86.9,85.27,86.68,356294.0
2021-02-09,86.4,86.91,85.8,86.77,306189.0
2021-02-10,87.46,87.9,84.68,86.49,659741.0
2021-02-11,87.0,87.44,85.08,86.79,470735.0
2021-02-12,85.93,88.45,85.93,88.4,419049.0
2021-02-16,89.43,89.65,87.34,87.42,704531.0
2021-02-17,87.52,88.09,85.84,88.05,633553.0
2021-02-18,87.36,87.36,84.77,86.34,810439.0
2021-02-19,86.86,88.11,85.86,85.99,540637.0
2021-02-22,84.5,86.01,83.76,84.62,786280.0
2021-02-23,84.34,85.53,79.81,84.45,1119449.0
2021-02-24,84.58,88.25,83.15,88.24,1122815.0
2021-02-25,87.18,87.51,80.01,80.83,2273608.0
2021-02-26,81.9,83.11,78.44,79.52,2213291.0
2021-03-01,82.79,86.44,82.18,86.03,972229.0
2021-03-02,83.78,85.92,83.45,84.27,1388959.0
2021-03-03,85.21,85.29,79.0,79.0,2357453.0
2021-03-04,80.02,81.87,74.25,76.71,2005164.0
2021-03-05,76.3,82.22,74.77,81.72,3694346.0
2021-03-08,79.78,84.08,78.88,81.47,2504624.0
2021-03-09,82.5,85.45,82.26,84.03,1343640.0
2021-03-10,83.75,86.47,83.4,85.46,1689890.0
2021-03-11,87.05,89.28,86.63,88.28,908397.0
2021-03-12,86.36,88.51,86.17,88.3,703388.0
2021-03-15,88.63,90.01,86.89,89.5,440530.0
2021-03-16,89.76,90.76,88.9,89.7,573264.0
2021-03-17,89.37,90.95,87.7,90.9,826450.0
2021-03-18,89.43,89.99,86.0,86.67,1396098.0
2021-03-19,87.18,87.45,84.4,85.9,803805.0
2021-03-22,85.37,88.95,85.36,88.42,608064.0
2021-03-23,87.2,88.51,85.31,85.83,917661.0
2021-03-24,85.82,88.01,84.5,84.99,925078.0
2021-03-25,84.81,86.62,82.19,86.38,1427632.0
2021-03-26,86.86,90.39,86.2,89.99,1070125.0
2021-03-29,88.77,90.61,87.95,90.3,1326111.0
2021-03-30,89.84,89.96,88.1,89.21,869873.0
2021-03-31,88.9,91.44,88.73,90.49,987194.0
2021-04-01,91.26,93.69,91.0,93.65,715943.0
2021-04-05,94.33,97.66,94.26,97.51,755341.0
2021-04-06,96.65,97.87,96.4,97.51,668760.0
2021-04-07,97.33,98.15,96.5,98.13,586943.0
2021-04-08,98.52,99.43,97.65,99.43,454356.0
2021-04-09,98.97,101.04,98.26,100.37,515829.0
2021-04-12,100.3,101.23,99.98,101.2,471018.0
2021-04-13,101.08,102.41,99.66,101.8,659761.0
2021-04-14,102.09,102.74,100.44,101.07,715661.0
2021-04-15,102.18,104.3,102.1,104.07,683457.0
2021-04-16,103.84,105.64,103.77,105.05,683798.0
2021-04-19,104.82,104.96,102.51,104.0,757825.0
2021-04-20,103.64,103.79,100.18,101.03,933859.0
2021-04-21,101.51,104.33,100.54,103.39,700576.0
2021-04-22,103.86,104.69,100.48,101.56,1354907.0
2021-04-23,102.23,105.7,101.55,104.3,653053.0
2021-04-26,104.6,105.7,104.15,105.46,636429.0
2021-04-27,105.57,105.64,104.28,105.27,556580.0
2021-04-28,105.15,106.29,104.75,105.8,659326.0
2021-04-29,107.12,107.56,104.35,106.3,916488.0
2021-04-30,105.97,106.2,104.25,105.01,1198470.0
2021-05-03,106.32,106.85,105.12,105.12,609152.0
2021-05-04,104.96,105.38,100.69,103.6,1344140.0
2021-05-05,104.44,105.15,103.15,103.65,722211.0
2021-05-06,104.15,106.38,102.19,106.2,820253.0
2021-05-07,106.33,109.07,106.3,108.7,904897.0
2021-05-10,108.75,109.07,104.5,105.3,931051.0
2021-05-11,103.04,103.41,99.34,102.46,1643551.0
2021-05-12,102.29,102.29,95.49,96.38,1682528.0
2021-05-13,94.74,100.84,94.1,99.96,1683730.0
2021-05-14,100.85,104.61,100.85,104.5,787794.0
2021-05-17,103.01,103.77,101.55,103.65,859235.0
2021-05-18,104.27,104.3,99.61,99.61,591049.0
2021-05-19,98.67,99.85,95.64,98.87,1226391.0
2021-05-20,99.41,103.85,97.8,103.26,711827.0
2021-05-21,103.46,105.06,102.27,102.56,767850.0
2021-05-24,104.05,106.61,103.77,106.3,448363.0
2021-05-25,106.66,106.93,104.6,105.62,541145.0
2021-05-26,105.97,106.39,104.71,105.59,353402.0
2021-05-27,105.11,107.26,104.81,107.21,577606.0
2021-05-28,107.1,107.41,106.25,106.38,439260.0
2021-06-01,107.58,108.42,105.49,105.75,472856.0
2021-06-02,105.95,107.28,105.76,106.79,349502.0
2021-06-03,106.06,106.34,103.51,105.12,554809.0
2021-06-04,105.5,108.52,105.0,108.21,530921.0
2021-06-07,107.73,108.55,107.21,108.03,302094.0
2021-06-08,107.94,108.85,106.56,108.15,479089.0
2021-06-09,108.11,108.78,107.37,107.68,417253.0
2021-06-10,107.42,109.82,106.71,108.97,507802.0
2021-06-11,108.96,109.73,108.46,109.6,353166.0
2021-06-14,109.92,110.45,108.65,110.19,398026.0
2021-06-15,110.66,110.78,108.99,109.66,327789.0
2021-06-16,109.39,109.97,106.13,106.66,807415.0
2021-06-17,106.75,108.52,105.72,107.97,891029.0
2021-06-18,107.68,107.89,102.43,102.49,1008028.0
2021-06-21,104.26,108.35,103.92,108.1,705693.0
2021-06-22,107.42,110.21,107.22,109.72,619777.0
2021-06-23,109.69,110.26,109.07,109.54,430571.0
2021-06-24,110.43,111.6,110.43,111.34,742008.0
2021-06-25,111.17,112.6,111.05,112.02,558441.0
2021-06-28,112.26,113.035,111.66,112.67,623289.0
2021-06-29,112.94,113.76,112.55,113.47,556859.0
2021-06-30,113.27,114.06,112.0,113.99,638360.0
2021-07-01,114.74,115.38,113.47,115.2,559339.0
2021-07-02,115.69,118.175,115.21,117.69,635841.0
2021-07-06,117.47,118.07,114.87,116.63,627819.0
2021-07-07,117.55,118.7,116.09,118.49,719619.0
2021-07-08,115.4,116.24,112.79,115.04,1625546.0
2021-07-09,116.17,119.48,116.0,119.36,579656.0
2021-07-12,117.84,120.75,117.84,120.65,815799.0
2021-07-13,120.17,121.15,118.77,118.82,1101438.0
2021-07-14,118.94,121.19,118.7,119.68,1154206.0
2021-07-15,119.08,119.94,116.93,117.93,1026445.0
2021-07-16,118.71,119.8,115.45,115.5,999396.0
2021-07-19,114.2,114.69,108.24,111.28,3029982.0
2021-07-20,111.98,116.43,110.54,116.14,1688001.0
2021-07-21,116.6,118.64,115.45,118.64,763873.0
2021-07-22,118.55,119.86,117.47,119.75,687054.0
2021-07-23,120.29,122.86,119.98,122.08,455793.0
2021-07-26,120.79,123.59,120.2,123.25,490526.0
2021-07-27,121.97,123.17,119.25,121.51,731823.0
2021-07-28,121.57,122.83,120.38,121.5,670593.0
2021-07-29,121.99,124.07,121.05,121.09,612015.0
2021-07-30,120.02,122.61,119.96,121.75,703578.0
2021-08-02,123.37,123.56,120.3,121.03,831404.0
2021-08-03,121.72,123.55,119.32,123.01,937296.0
2021-08-04,123.04,123.32,121.45,121.93,503764.0
2021-08-05,122.22,124.03,122.16,123.59,398103.0
2021-08-06,123.65,124.92,123.6,124.55,612426.0
2021-08-09,123.86,124.76,123.52,124.13,407093.0
2021-08-10,124.18,125.32,123.98,124.4,576960.0
2021-08-11,124.04,125.7,123.88,125.4,567068.0
2021-08-12,125.44,126.81,124.63,126.51,474729.0
2021-08-13,126.88,127.39,126.67,127.19,613736.0
2021-08-16,126.73,128.5,124.76,128.08,870930.0
2021-08-17,126.79,127.0,123.01,124.97,1574618.0
2021-08-18,125.27,126.23,120.58,121.3,1316708.0
2021-08-19,118.86,123.21,117.76,121.56,2008913.0
2021-08-20,120.18,125.38,119.86,125.25,1068944.0
2021-08-23,126.09,129.2,125.85,128.95,628318.0
2021-08-24,129.19,129.46,128.45,128.78,474249.0
2021-08-25,128.85,130.25,128.59,129.76,480793.0
2021-08-26,129.54,129.76,127.35,127.35,1245091.0
2021-08-27,128.77,131.22,128.16,131.06,990580.0
2021-08-30,131.05,133.34,131.0,132.72,656615.0
2021-08-31,133.59,133.64,131.46,132.72,885990.0
2021-09-01,133.71,133.78,132.02,132.37,877746.0
2021-09-02,132.82,134.2,132.32,133.38,697478.0
2021-09-03,134.08,134.5,131.99,133.1,918669.0
2021-09-07,133.77,133.77,131.26,131.5,932245.0
2021-09-08,130.43,132.15,129.6,130.95,1335495.0
2021-09-09,130.28,132.83,129.17,129.54,1439242.0
2021-09-10,130.99,131.86,126.5,126.5,1669675.0
2021-09-13,128.27,129.57,125.47,128.13,2510488.0
2021-09-14,127.6,129.24,124.69,125.93,1775232.0
2021-09-15,125.95,129.08,124.87,128.81,1830465.0
2021-09-16,128.57,129.02,125.29,127.24,1704153.0
2021-09-17,128.13,128.13,123.17,123.43,2306013.0
2021-09-20,120.43,120.52,113.66,118.82,2924535.0
2021-09-21,121.63,122.0,116.79,116.79,2066007.0
2021-09-22,118.95,122.89,118.84,121.46,1816920.0
2021-09-23,123.52,126.93,122.06,125.92,909793.0
2021-09-24,124.2,126.75,123.28,126.31,746021.0
2021-09-27,127.13,127.49,124.37,124.78,1058782.0
2021-09-28,122.7,123.06,116.8,118.29,2266283.0
2021-09-29,120.01,120.2,117.53,118.97,1855314.0
2021-09-30,120.79,120.83,113.51,114.33,2778442.0
2021-10-01,112.21,119.14,111.3,118.25,2983586.0
2021-10-04,116.17,117.47,111.3,113.3,1933376.0
2021-10-05,113.2,118.54,113.15,116.15,1373565.0
2021-10-06,113.11,119.5,111.7,119.09,1947488.0
2021-10-07,120.23,123.6,119.76,121.5,1252193.0
2021-10-08,121.32,122.49,119.92,120.1,1285652.0
2021-10-11,119.26,122.45,117.17,117.52,1067699.0
2021-10-12,116.63,119.0,115.86,115.97,1382019.0
2021-10-13,117.1,118.93,115.31,118.75,1234818.0
2021-10-14,120.29,124.92,120.26,124.81,1069324.0
2021-10-15,125.13,127.35,125.0,126.81,829743.0
2021-10-18,125.78,128.43,124.75,128.23,705364.0
2021-10-19,128.94,131.57,128.87,131.49,754635.0
2021-10-20,130.8,132.91,130.76,131.97,857766.0
2021-10-21,131.71,133.86,131.3,132.74,676680.0
2021-10-22,133.1,134.61,131.41,132.69,1272128.0
2021-10-25,133.59,135.93,132.6,135.93,623321.0
2021-10-26,136.65,137.98,135.4,136.15,921542.0
2021-10-27,136.44,136.78,133.87,134.76,742895.0
2021-10-28,134.61,137.85,134.25,136.61,1111548.0
2021-10-29,135.96,139.34,135.23,138.95,1255437.0
2021-11-01,139.38,140.53,137.68,139.25,967523.0
2021-11-02,139.13,141.3,138.77,140.58,932754.0
2021-11-03,140.78,144.26,140.04,144.25,1012895.0
2021-11-04,143.97,145.88,143.84,145.85,1130390.0
2021-11-05,145.33,149.14,145.31,146.68,1070149.0
2021-11-08,147.06,148.74,146.84,147.19,844896.0
2021-11-09,147.58,148.1,144.61,145.4,1327497.0
2021-11-10,145.53,146.01,141.0,142.26,1425606.0
2021-11-11,143.43,144.34,142.62,143.3,796427.0
2021-11-12,143.26,146.55,142.85,146.3,963500.0
2021-11-15,146.57,147.66,144.86,145.94,812232.0
2021-11-16,145.49,148.84,145.34,147.75,1040860.0
2021-11-17,147.88,147.9,145.99,146.77,959049.0
2021-11-18,147.76,148.47,144.92,148.31,1125769.0
2021-11-19,149.52,149.62,146.49,147.45,1207500.0
2021-11-22,148.7,151.68,145.44,146.5,1673631.0
2021-11-23,144.72,147.45,143.1,146.26,2105341.0
2021-11-24,146.37,148.02,143.77,148.0,1545077.0
2021-11-26,140.62,142.49,136.2,136.37,2658720.0
2021-11-29,140.7,144.66,140.25,144.02,1523759.0
2021-11-30,138.37,142.35,134.31,136.61,2648159.0
2021-12-01,139.07,142.64,129.18,131.62,2467780.0
2021-12-02,132.4,137.43,129.8,134.72,2918402.0
2021-12-03,135.6,138.59,128.45,132.87,3657663.0
2021-12-06,134.38,138.87,131.98,137.27,2624166.0
2021-12-07,141.62,146.63,141.38,146.0,2059832.0
2021-12-08,146.95,148.0,144.35,146.59,1147902.0
2021-12-09,146.01,146.41,143.44,144.43,1153262.0
2021-12-10,145.0,148.02,143.96,147.6,1455650.0
2021-12-13,148.87,149.57,143.54,144.32,1341754.0
2021-12-14,144.85,145.08,138.08,140.86,1206112.0
2021-12-15,140.82,148.54,138.58,148.12,1558520.0
2021-12-16,149.91,151.5,142.04,143.45,1815311.0
2021-12-17,143.22,143.5,137.35,140.4,2290108.0
2021-12-20,132.56,136.41,131.08,136.26,2037906.0
2021-12-21,137.03,142.0,135.74,141.41,1452092.0
2021-12-22,140.57,146.55,140.44,146.3,1072102.0
2021-12-23,146.57,150.06,146.41,148.58,952765.0
2021-12-27,149.0,154.99,148.79,154.47,666573.0
2021-12-28,155.33,156.38,153.7,155.18,696660.0
2021-12-29,155.43,156.13,153.58,154.56,914025.0
2021-12-30,155.48,156.53,153.32,153.75,658114.0
2021-12-31,153.48,154.39,152.32,153.0,720129.0
2022-01-03,154.23,155.55,151.52,154.98,1146900.0
2022-01-04,155.93,157.43,153.16,154.45,1708879.0
2022-01-05,154.4,155.46,145.27,146.77,1985498.0
2022-01-06,146.11,148.37,143.34,146.65,2270011.0
2022-01-07,145.14,147.0,142.59,144.2,1994978.0
2022-01-10,143.76,144.5,135.14,143.72,2286513.0
2022-01-11,143.94,147.47,140.18,147.19,1916777.0
2022-01-12,146.57,150.53,146.53,148.35,1285945.0
2022-01-13,73.99,75.1,70.66,71.22,2033164.0
2022-01-14,71.35,71.78,69.03,71.4,2734184.0
2022-01-18,69.28,69.38,66.92,67.29,2772154.0
2022-01-19,67.09,68.81,64.95,64.95,2273181.0
2022-01-20,65.95,68.36,61.67,62.61,2031563.0
2022-01-21,62.92,63.7,58.55,59.0,5089807.0
2022-01-24,60.21,60.45,52.42,60.07,6889641.0
2022-01-25,57.63,60.13,55.0,58.22,4148805.0
2022-01-26,59.32,61.79,55.74,58.52,6492394.0
2022-01-27,57.1,60.8,55.97,57.61,4968058.0
2022-01-28,57.01,61.0,54.71,61.0,4579935.0
2022-01-31,61.18,64.33,59.75,63.72,1865631.0
2022-02-01,64.26,66.35,62.91,66.19,2052070.0
2022-02-02,66.4,67.71,65.25,65.33,2626528.0
2022-02-03,65.65,65.71,62.22,64.77,2294018.0
2022-02-04,64.14,65.19,61.3,63.5,2172416.0
2022-02-07,63.44,64.44,62.27,63.21,1519268.0
2022-02-08,63.25,64.92,62.01,64.86,1596643.0
2022-02-09,65.55,67.46,65.53,67.2,1489043.0
2022-02-10,66.73,67.31,62.68,63.22,2411118.0
2022-02-11,62.65,64.57,59.2,59.98,3087436.0
2022-02-14,58.26,60.29,57.69,59.59,2380054.0
2022-02-15,61.3,62.17,60.93,61.6,1286055.0
2022-02-16,62.52,62.91,60.36,61.95,1372263.0
2022-02-17,61.32,62.03,58.05,58.47,1582104.0
2022-02-18,59.3,59.37,56.21,56.42,1952889.0
2022-02-22,55.14,57.66,53.86,56.3,2776735.0
2022-02-23,56.82,57.08,51.9,52.29,2399255.0
2022-02-24,49.43,54.88,47.92,53.85,4964681.0
2022-02-25,52.84,58.6,52.64,58.45,3099735.0
2022-02-28,55.12,58.51,55.11,58.2,3062540.0
2022-03-01,57.95,58.11,54.12,55.8,2947388.0
2022-03-02,55.02,58.93,54.84,58.06,3212995.0
2022-03-03,58.14,59.71,56.67,57.89,2735913.0
2022-03-04,56.25,56.5,54.3,55.62,2526684.0
2022-03-07,53.53,56.0,50.5,50.68,3265434.0
2022-03-08,51.63,53.86,49.26,50.01,4771744.0
2022-03-09,51.83,54.63,51.71,53.83,2881120.0
2022-03-10,52.78,53.6,51.25,53.5,1900745.0
2022-03-11,53.2,56.0,50.92,51.15,2486997.0
2022-03-14,52.06,52.75,49.55,50.32,2359934.0
2022-03-15,49.41,53.52,48.76,53.0,2546766.0
2022-03-16,54.38,57.45,52.75,57.08,2974703.0
2022-03-17,56.88,58.98,55.75,58.0,1824644.0
2022-03-18,58.3,61.37,57.4,61.06,1655909.0
2022-03-21,60.46,61.69,59.32,60.56,1652820.0
2022-03-22,60.94,63.36,60.89,63.19,1411192.0
2022-03-23,62.95,62.95,60.44,60.74,1736251.0
2022-03-24,61.22,63.33,60.9,63.11,1273542.0
2022-03-25,63.44,64.27,62.38,64.03,1425244.0
2022-03-28,63.68,65.63,63.03,65.51,1900980.0
2022-03-29,65.94,68.16,65.9,67.74,1946898.0
2022-03-30,67.42,67.77,65.7,66.73,1889506.0
2022-03-31,67.03,67.05,63.55,64.24,2310480.0
2022-04-01,64.54,64.77,62.54,64.19,2164600.0
2022-04-04,63.99,65.8,63.84,65.57,1648805.0
2022-04-05,66.0,66.21,62.76,63.41,1943811.0
2022-04-06,62.49,62.65,60.08,60.88,3109524.0
2022-04-07,61.4,63.09,60.14,62.5,2612919.0
2022-04-08,63.04,63.2,61.11,61.73,2219021.0
2022-04-11,61.25,61.25,58.41,58.43,1411401.0
2022-04-12,57.93,60.93,57.31,58.46,2840357.0
2022-04-13,58.94,60.23,57.65,59.83,1910316.0
2022-04-14,59.99,60.51,57.4,57.55,1709902.0
2022-04-18,56.95,58.64,56.73,58.62,1532610.0
2022-04-19,58.19,60.84,57.1,59.91,1971630.0
2022-04-20,59.79,61.57,59.62,61.08,2260720.0
2022-04-21,61.71,62.61,57.19,57.25,2430198.0
2022-04-22,57.68,57.79,52.2,52.3,3491121.0
2022-04-25,51.52,53.96,50.24,53.78,5106006.0
2022-04-26,53.08,53.66,48.1,49.38,3896220.0
2022-04-27,50.47,51.58,48.78,50.71,4399773.0
2022-04-28,51.73,53.97,49.69,51.85,4410876.0
2022-04-29,52.68,52.82,47.13,47.86,3820976.0
2022-05-02,47.93,48.76,45.02,48.11,3816386.0
2022-05-03,48.7,49.81,47.55,49.13,3869094.0
2022-05-04,49.22,53.59,47.98,53.08,4448425.0
2022-05-05,52.64,52.68,46.08,47.85,5374182.0
2022-05-06,47.2,48.04,44.9,46.51,5038191.0
2022-05-09,45.16,45.24,41.78,42.71,6076960.0
2022-05-10,43.25,44.83,41.27,42.48,4948066.0
2022-05-11,43.1,44.35,40.33,40.87,6806742.0
2022-05-12,40.4,41.49,38.21,40.92,6313936.0
2022-05-13,41.66,43.77,41.45,43.3,4109199.0
2022-05-16,42.6,44.05,42.0,42.89,2501985.0
2022-05-17,43.89,45.69,43.6,45.4,2672428.0
2022-05-18,44.83,45.15,39.19,39.19,1956575.0
2022-05-19,38.97,40.6,37.95,39.51,2555984.0
2022-05-20,40.38,40.76,36.48,39.5,4077642.0
2022-05-23,40.69,41.73,39.46,40.67,3053068.0
2022-05-24,39.87,41.13,38.31,40.96,2502421.0
2022-05-25,40.75,42.18,39.65,41.36,2280842.0
2022-05-26,41.97,44.56,41.35,44.1,1818075.0
2022-05-27,43.89,47.74,43.89,47.74,1487761.0
2022-05-31,46.76,47.65,45.47,46.98,1881212.0
2022-06-01,46.71,47.56,44.43,44.95,1827998.0
2022-06-02,45.67,48.23,44.47,48.12,1525325.0
2022-06-03,47.52,47.67,45.19,45.44,1268020.0
2022-06-06,46.87,47.55,45.54,45.9,1391649.0
2022-06-07,45.45,47.41,44.48,46.85,1304323.0
2022-06-08,46.64,47.27,45.43,45.86,1005093.0
2022-06-09,45.72,46.71,42.43,42.63,1190579.0
2022-06-10,42.42,42.72,38.63,38.77,1778346.0
2022-06-13,36.39,36.39,33.79,34.54,2149996.0
2022-06-14,35.51,35.51,33.08,34.47,1466370.0
2022-06-15,34.44,36.69,33.5,36.12,2924029.0
2022-06-16,33.41,33.7,31.16,32.1,2445812.0
2022-06-17,32.73,33.03,31.13,32.2,1923643.0
2022-06-21,33.81,34.88,33.35,34.38,912702.0
2022-06-22,32.63,35.5,32.45,33.8,1248043.0
2022-06-23,33.79,35.5,33.75,34.96,1675666.0
2022-06-24,36.11,38.65,35.86,38.59,1688095.0
2022-06-27,39.4,39.5,37.88,38.34,1001273.0
2022-06-28,38.57,39.55,35.82,36.02,1716145.0
2022-06-29,35.85,36.32,35.24,35.67,1328289.0
2022-06-30,34.63,35.83,33.56,34.94,1998095.0
2022-07-01,34.13,36.1,33.93,35.95,1706432.0
2022-07-05,36.04,36.27,33.62,35.86,1666698.0
2022-07-06,36.27,37.27,35.5,36.64,1442531.0
2022-07-07,36.92,38.39,36.58,37.93,926682.0
2022-07-08,37.84,38.64,37.08,38.1,1114514.0
2022-07-11,37.17,37.55,36.545,36.93,940199.0
2022-07-12,36.0,37.29,35.25,35.71,1250769.0
2022-07-13,35.77,37.13,33.79,34.56,2258515.0
2022-07-14,34.45,35.4,33.01,35.4,2027288.0
2022-07-15,34.99,36.98,34.75,36.94,1582406.0
2022-07-18,37.82,38.15,35.63,36.29,1279442.0
2022-07-19,36.19,39.28,36.16,39.12,1422071.0
2022-07-20,39.0,40.09,38.48,39.52,1630562.0
2022-07-21,39.43,40.89,38.685,40.36,1640616.0
2022-07-22,40.35,41.25,38.99,39.46,1430279.0
2022-07-25,39.51,40.4,39.13,39.37,1099815.0
2022-07-26,39.55,39.62,38.145,39.34,976745.0
2022-07-27,39.49,41.93,39.31,41.29,1534779.0
2022-07-28,41.15,44.1,40.49,43.65,1670134.0
2022-07-29,43.77,45.15,43.17,44.71,1144343.0
2022-08-01,44.54,45.27,43.64,44.35,1034140.0
2022-08-02,43.77,45.12,43.13,43.54,1109787.0
2022-08-03,43.64,45.95,43.53,45.35,971106.0
2022-08-04,45.51,46.07,44.87,45.46,880320.0
2022-08-05,45.59,45.66,43.84,44.81,871887.0
2022-08-08,45.6,46.55,44.65,45.4,924970.0
2022-08-09,45.2,45.32,44.12,44.57,653890.0
2022-08-10,44.56,47.34,44.55,47.33,905589.0
2022-08-11,47.57,48.92,47.0,47.38,824218.0
2022-08-12,48.0,49.68,47.59,49.68,792467.0
2022-08-15,48.86,50.43,48.5,50.1,835883.0
2022-08-16,50.02,51.24,49.54,50.54,910456.0
2022-08-17,50.13,50.45,48.71,49.19,982840.0
2022-08-18,49.11,50.09,48.98,49.75,710184.0
2022-08-19,49.08,49.15,47.45,47.48,857742.0
2022-08-22,46.48,46.48,44.5,45.15,973336.0
2022-08-23,45.1,45.48,44.3,44.45,859795.0
2022-08-24,44.05,45.365,44.05,44.92,693977.0
2022-08-25,46.24,46.8,45.04,46.62,811138.0
2022-08-26,46.36,47.27,41.5,41.6,1643356.0
2022-08-29,41.26,42.16,40.68,41.49,781317.0
2022-08-30,41.98,42.42,39.13,39.8,1418685.0
2022-08-31,40.03,40.7,38.15,38.29,1229396.0
2022-09-01,38.16,39.41,37.34,39.28,1726763.0
2022-09-02,39.04,40.73,37.39,38.1,1901767.0
2022-09-06,38.73,38.99,36.85,37.38,1578366.0
2022-09-07,37.56,39.77,37.11,39.45,1195869.0
2022-09-08,39.34,40.48,38.44,40.42,1878361.0
2022-09-09,40.92,42.44,40.9,42.18,1185535.0
2022-09-12,42.6,43.8,42.5,43.65,1055425.0
2022-09-13,44.12,44.8,37.475,38.1,1714894.0
2022-09-14,38.25,38.71,37.25,38.43,886302.0
2022-09-15,38.53,38.62,36.1,36.2,1647135.0
2022-09-16,36.02,36.58,35.09,36.58,1611579.0
2022-09-19,35.3,37.25,34.92,37.25,1427222.0
2022-09-20,36.77,36.84,34.81,35.67,1551039.0
2022-09-21,35.59,37.07,33.12,33.2,2759076.0
2022-09-22,33.97,34.51,32.67,33.09,1841349.0
2022-09-23,32.48,32.59,30.0,31.22,2299508.0
2022-09-26,31.0,31.78,29.96,30.5,2378518.0
2022-09-27,31.47,31.79,29.43,30.14,2378188.0
2022-09-28,29.56,32.24,28.88,31.68,2355724.0
2022-09-29,30.56,31.27,29.0,30.16,2435273.0
2022-09-30,30.58,30.76,28.37,28.59,2868357.0
2022-10-03,28.43,31.1,28.19,30.9,1894200.0
2022-10-04,31.94,33.56,31.74,33.23,2154893.0
2022-10-05,32.78,33.865,31.61,33.63,1603517.0
2022-10-06,33.13,33.63,31.88,31.91,2040644.0
2022-10-07,31.9,32.55,29.0,29.29,2112501.0
2022-10-10,29.12,29.87,28.22,29.01,1750823.0
2022-10-11,28.2,29.51,27.76,28.35,2576033.0
2022-10-12,28.49,29.06,27.9,28.2,1853211.0
2022-10-13,28.1,30.5,25.94,30.13,4433706.0
2022-10-14,30.37,31.41,27.83,27.87,3297309.0
2022-10-17,28.96,31.01,28.69,30.96,2272945.0
2022-10-18,31.77,32.35,30.4,32.03,2979031.0
2022-10-19,31.5,31.75,29.86,30.35,1760824.0
2022-10-20,30.06,31.61,29.39,29.5,2118746.0
2022-10-21,29.47,32.32,29.03,32.29,2391493.0
2022-10-24,31.77,33.44,31.3,33.15,2066080.0
2022-10-25,33.13,34.81,32.65,33.72,2029232.0
2022-10-26,34.02,35.44,33.69,34.44,2094097.0
2022-10-27,34.12,34.7,31.82,32.7,2084406.0
2022-10-28,32.42,36.09,32.3,36.09,2263109.0
2022-10-31,35.55,35.55,34.69,35.0,2094951.0
2022-11-01,35.62,36.15,34.16,34.49,1808680.0
2022-11-02,34.6,35.56,31.6,31.69,2856196.0
2022-11-03,31.79,32.07,30.29,30.69,1980565.0
2022-11-04,31.09,32.81,30.4,32.12,3076793.0
2022-11-07,32.53,33.25,31.98,33.12,1315435.0
2022-11-08,32.9,34.44,32.51,33.84,1894601.0
2022-11-09,33.61,33.64,31.38,31.55,1789801.0
2022-11-10,31.69,37.05,31.44,37.05,2400569.0
2022-11-11,37.56,38.0,36.41,37.7,1728500.0
2022-11-14,37.55,38.23,36.72,37.0,1365559.0
2022-11-15,37.51,39.11,36.61,37.59,2372473.0
2022-11-16,37.95,38.15,36.67,37.04,1179599.0
2022-11-17,37.03,37.08,35.29,36.44,1647330.0
2022-11-18,36.54,37.52,36.13,37.0,1595497.0
2022-11-21,36.47,36.87,36.0,36.55,1013444.0
2022-11-22,36.38,38.04,36.38,38.01,993389.0
2022-11-23,38.01,38.87,37.79,38.86,1324661.0
2022-11-25,38.85,38.93,38.42,38.6,300812.0
2022-11-28,37.99,38.205,36.57,36.89,928646.0
2022-11-29,37.29,37.38,36.065,36.48,924530.0
2022-11-30,36.87,40.35,36.09,40.23,2781242.0
2022-12-01,39.91,40.72,39.15,39.86,1536321.0
2022-12-02,39.85,40.05,37.8,39.46,1303668.0
2022-12-05,39.41,39.45,37.21,37.82,1449181.0
2022-12-06,37.92,37.92,35.355,36.09,1405498.0
2022-12-07,36.1,36.45,35.18,35.83,1592659.0
2022-12-08,35.93,36.885,35.84,36.55,1164920.0
2022-12-09,36.81,37.25,35.65,35.67,1538415.0
2022-12-12,35.69,37.29,35.68,37.22,896322.0
2022-12-13,37.39,41.5,37.33,38.11,3641458.0
2022-12-14,38.22,39.14,36.51,37.66,2749272.0
2022-12-15,36.47,36.49,34.115,34.56,1714195.0
2022-12-16,33.55,34.24,32.78,33.24,1513441.0
2022-12-19,33.81,33.91,32.07,32.65,1111057.0
2022-12-20,32.46,33.06,31.96,32.93,1156243.0
2022-12-21,33.13,34.4,32.98,34.2,946996.0
2022-12-22,34.14,34.14,30.89,32.43,2352796.0
2022-12-23,32.54,33.03,31.77,32.96,1227756.0
2022-12-27,33.59,33.7,32.16,32.6,945193.0
2022-12-28,32.71,33.1,31.34,31.52,1264929.0
2022-12-29,31.63,33.23,31.62,32.85,1092795.0
2022-12-30,32.46,32.92,31.74,32.89,1458880.0
2023-01-03,33.64,33.9,31.57,32.33,1723312.0
2023-01-04,32.75,33.61,32.12,33.09,1537129.0
2023-01-05,32.84,33.34,31.76,32.09,1584866.0
2023-01-06,32.06,34.38,31.67,34.08,1786013.0
2023-01-09,34.2,35.55,33.91,33.91,1290877.0
2023-01-10,33.86,34.76,33.46,34.76,1098420.0
2023-01-11,34.65,36.09,34.65,35.97,1078825.0
2023-01-12,35.98,36.87,35.1,36.39,1901177.0
2023-01-13,36.33,36.95,35.28,36.75,1068523.0
2023-01-17,36.5,37.25,36.25,36.28,761355.0
2023-01-18,36.66,37.21,34.79,34.87,1253847.0
2023-01-19,34.46,34.68,33.67,34.13,1232459.0
2023-01-20,34.23,35.98,33.97,35.95,1208524.0
2023-01-23,35.79,37.76,35.73,37.13,1278409.0
2023-01-24,37.06,37.47,36.37,36.69,866839.0
2023-01-25,36.64,37.3,35.23,37.27,1382324.0
2023-01-26,37.37,38.33,36.99,37.96,1386179.0
2023-01-27,37.91,39.25,37.84,38.48,1173485.0
2023-01-30,37.7,38.38,37.01,37.39,1066467.0
2023-01-31,36.85,38.7,36.43,38.46,992735.0
2023-02-01,38.31,40.75,37.52,40.4,1994121.0
2023-02-02,40.66,42.08,40.27,40.82,1685908.0
2023-02-03,40.58,41.69,39.86,40.24,1752712.0
2023-02-06,39.66,39.98,39.045,39.79,988852.0
2023-02-07,39.58,41.46,38.89,40.85,2222099.0
2023-02-08,40.82,40.94,39.53,39.87,1220871.0
2023-02-09,40.57,40.92,38.29,38.74,1277435.0
2023-02-10,38.77,39.02,37.81,38.92,1084356.0
2023-02-13,38.96,40.33,38.84,40.28,766443.0
2023-02-14,40.24,41.36,38.99,40.01,2153697.0
2023-02-15,39.74,40.64,39.27,40.6,871461.0
2023-02-16,40.59,40.77,38.49,38.54,1579536.0
2023-02-17,38.1,38.605,37.63,38.48,944628.0
2023-02-21,37.49,38.0,36.13,36.36,988761.0
2023-02-22,36.29,36.75,35.64,36.33,1657366.0
2023-02-23,36.64,36.99,35.39,36.41,1434941.0
2023-02-24,36.3,36.36,34.66,35.4,1313498.0
2023-02-27,35.79,36.7,35.5,35.86,971799.0
2023-02-28,35.55,36.16,35.06,35.08,1039659.0
2023-03-01,35.74,35.81,34.56,34.98,970308.0
2023-03-02,34.36,35.92,34.15,35.53,1126946.0
2023-03-03,35.68,37.5,35.68,37.48,1018736.0
2023-03-06,37.52,38.3,37.25,37.55,734433.0
2023-03-07,37.74,37.8,35.565,35.8,1885053.0
2023-03-08,35.86,36.11,35.28,35.88,1406821.0
2023-03-09,35.66,36.55,33.56,33.68,2043765.0
2023-03-10,33.29,34.43,31.99,32.64,4908589.0
2023-03-13,33.83,33.85,31.05,32.33,4409449.0
2023-03-14,32.49,34.26,32.0,33.79,1911806.0
2023-03-15,33.92,33.95,31.63,33.07,3217478.0
2023-03-16,33.49,35.01,32.39,34.88,2471925.0
2023-03-17,35.02,35.26,33.29,33.84,2090763.0
2023-03-20,33.14,34.74,32.44,34.61,1745600.0
2023-03-21,34.86,36.11,34.77,35.97,1479088.0
2023-03-22,35.59,36.85,34.0,34.22,2045586.0
2023-03-23,34.78,35.89,33.58,34.47,1989727.0
2023-03-24,34.72,35.18,33.29,35.17,1715675.0
2023-03-27,34.97,35.79,34.91,35.29,1185802.0
2023-03-28,35.15,35.19,34.405,35.18,872566.0
2023-03-29,35.77,36.48,35.67,36.3,856857.0
2023-03-30,36.75,37.18,36.49,37.15,809627.0
2023-03-31,37.05,38.67,36.96,38.6,856124.0
2023-04-03,38.51,39.1,38.26,38.9,801620.0
2023-04-04,38.91,39.48,37.93,38.45,903506.0
2023-04-05,38.18,38.28,37.5,37.88,977626.0
2023-04-06,37.98,38.47,37.44,38.29,658610.0
2023-04-10,38.36,38.68,37.49,38.68,728140.0
2023-04-11,38.6,38.94,38.32,38.6,648540.0
2023-04-12,38.59,39.63,37.8,37.81,1117432.0
2023-04-13,38.25,39.625,38.03,39.44,786652.0
2023-04-14,39.48,39.98,38.54,39.41,1015720.0
2023-04-17,39.47,39.72,38.83,39.6,762667.0
2023-04-18,39.72,40.23,39.28,39.62,778605.0
2023-04-19,39.34,39.93,38.91,39.35,682956.0
2023-04-20,38.89,39.5,38.53,38.92,770381.0
2023-04-21,38.92,39.19,38.49,39.0,691842.0
2023-04-24,38.67,39.29,38.6,39.1,610850.0
2023-04-25,38.6,38.73,37.26,37.79,1047160.0
2023-04-26,37.65,37.83,36.65,37.09,922717.0
2023-04-27,37.41,39.28,37.22,38.81,969647.0
2023-04-28,38.58,40.05,38.36,40.0,854782.0
2023-05-01,39.97,40.42,39.61,39.65,499963.0
2023-05-02,39.71,39.77,37.59,38.5,1299559.0
2023-05-03,38.57,39.29,36.83,37.24,1785005.0
2023-05-04,37.81,37.82,36.43,37.12,1318372.0
2023-05-05,37.2,39.14,37.1,38.69,917841.0
2023-05-08,38.85,39.09,38.455,38.8,588482.0
2023-05-09,38.65,38.66,38.27,38.42,543418.0
2023-05-10,38.09,39.44,37.76,38.99,1292052.0
2023-05-11,39.21,39.3,38.015,38.73,829220.0
2023-05-12,38.92,39.21,37.75,38.3,846170.0
2023-05-15,38.91,38.98,38.07,38.71,502399.0
2023-05-16,38.8,38.8,37.98,38.21,680067.0
2023-05-17,38.18,39.595,38.14,39.34,699637.0
2023-05-18,39.6,40.92,39.13,40.72,903037.0
2023-05-19,40.68,40.98,39.97,40.32,1014825.0
2023-05-22,40.26,40.83,39.97,40.69,618422.0
2023-05-23,40.28,40.35,38.88,39.18,742317.0
2023-05-24,38.69,39.0,37.79,38.62,1240721.0
2023-05-25,38.5,39.48,38.455,38.86,1024200.0
2023-05-26,38.83,40.78,38.83,40.69,916323.0
2023-05-30,41.04,41.43,40.2,40.66,989651.0
2023-05-31,40.32,40.48,39.45,40.07,1249378.0
2023-06-01,39.98,41.33,39.58,41.06,857981.0
2023-06-02,41.43,43.02,41.27,42.78,1045825.0
2023-06-05,42.78,43.27,42.31,42.38,878390.0
2023-06-06,42.57,42.945,42.19,42.92,503946.0
2023-06-07,42.64,43.25,42.21,42.35,964355.0
2023-06-08,42.29,43.19,42.08,42.98,571047.0
2023-06-09,42.83,43.9,42.76,43.33,612659.0
2023-06-12,43.72,44.57,43.36,44.48,565191.0
2023-06-13,44.73,45.52,44.3,45.32,832075.0
2023-06-14,45.56,46.05,44.34,45.48,1404179.0
2023-06-15,45.35,47.49,44.7,46.88,980133.0
2023-06-16,47.0,47.78,46.45,46.63,817372.0
2023-06-20,46.32,46.32,45.175,45.92,525684.0
2023-06-21,45.64,45.85,44.81,45.0,679450.0
2023-06-22,44.59,45.57,44.5,45.48,476799.0
2023-06-23,44.82,44.965,44.17,44.32,624512.0
2023-06-26,44.25,44.79,43.75,44.07,575787.0
2023-06-27,44.13,45.445,43.86,45.03,712358.0
2023-06-28,45.02,45.63,44.7,45.49,843569.0
2023-06-29,45.22,45.88,45.01,45.85,771896.0
2023-06-30,45.96,47.7,45.96,47.26,696173.0
2023-07-03,47.44,47.63,47.16,47.57,279386.0
2023-07-05,47.25,47.54,46.78,47.2,503586.0
2023-07-06,46.7,46.82,45.31,46.11,673770.0
2023-07-07,45.88,47.06,45.71,45.73,697018.0
2023-07-10,45.33,46.18,45.28,46.12,504067.0
2023-07-11,46.06,47.13,45.94,46.96,486462.0
2023-07-12,47.18,48.55,47.16,48.2,842716.0
2023-07-13,48.47,49.45,48.4,49.08,422289.0
2023-07-14,49.14,49.76,48.82,48.95,631051.0
2023-07-17,49.02,49.92,48.75,49.44,339651.0
2023-07-18,49.59,50.88,49.3,50.61,537676.0
2023-07-19,50.63,51.38,50.48,50.57,724955.0
2023-07-20,50.78,50.9,49.68,49.94,929458.0
2023-07-21,50.13,50.75,49.84,49.92,504434.0
2023-07-24,50.15,50.82,50.07,50.6,392296.0
2023-07-25,50.6,51.37,50.43,50.9,450644.0
2023-07-26,51.04,51.44,50.24,50.98,809795.0
2023-07-27,51.67,52.26,49.59,49.99,979141.0
2023-07-28,50.45,51.62,50.3,51.45,682918.0
2023-07-31,51.26,51.73,51.04,51.6,445144.0
2023-08-01,51.39,51.4,50.3,50.61,493481.0
2023-08-02,49.86,50.56,48.73,49.23,820087.0
2023-08-03,48.24,49.25,48.04,48.85,971298.0
2023-08-04,49.23,49.82,47.67,47.73,1152979.0
2023-08-07,48.54,49.2,48.04,49.08,654823.0
2023-08-08,48.8,48.8,47.29,48.42,636004.0
2023-08-09,48.8,49.01,47.18,47.78,777049.0
2023-08-10,48.23,49.28,47.05,47.6,2065614.0
2023-08-11,47.5,47.66,46.6,47.39,1078937.0
2023-08-14,47.8,48.31,46.91,48.23,669133.0
2023-08-15,47.39,47.64,46.22,46.49,1073862.0
2023-08-16,46.68,46.8,45.3,45.33,1194614.0
2023-08-17,45.5,45.87,44.05,44.2,1215283.0
2023-08-18,44.14,44.64,43.26,44.29,1104333.0
2023-08-21,44.67,45.4,43.94,44.94,788242.0
2023-08-22,45.55,46.0,44.61,44.79,790417.0
2023-08-23,45.3,47.11,44.79,46.9,1133184.0
2023-08-24,47.07,47.25,44.12,44.4,1263869.0
2023-08-25,44.5,45.62,43.71,45.22,1952498.0
2023-08-28,45.32,46.25,45.27,46.08,838129.0
2023-08-29,46.01,48.2,45.82,48.11,959526.0
2023-08-30,48.08,48.82,47.75,48.63,640236.0
2023-08-31,48.86,49.17,48.28,48.43,563082.0
2023-09-01,48.71,49.39,48.12,48.47,633743.0
2023-09-05,48.06,48.52,47.86,47.92,471284.0
2023-09-06,47.58,47.73,46.18,46.92,746407.0
2023-09-07,46.68,46.76,45.815,46.51,609457.0
2023-09-08,46.74,47.16,46.1,46.72,517485.0
2023-09-11,47.28,47.66,46.95,47.43,501097.0
2023-09-12,47.24,47.57,46.58,46.76,491806.0
2023-09-13,46.76,47.28,46.23,47.03,608203.0
2023-09-14,47.25,48.3,47.07,48.17,580243.0
2023-09-15,48.28,48.33,46.19,46.36,653325.0
2023-09-18,46.54,46.8,45.98,46.46,418279.0
2023-09-19,46.55,46.62,45.22,46.14,466645.0
2023-09-20,46.09,46.55,44.5,44.52,1067657.0
2023-09-21,44.45,44.45,42.3,42.38,964148.0
2023-09-22,42.6,43.25,42.06,42.21,758113.0
2023-09-25,42.59,42.8,41.54,42.64,668472.0
2023-09-26,42.0,42.31,40.54,40.99,884800.0
2023-09-27,41.39,41.42,39.75,41.0,1369239.0
2023-09-28,40.88,41.98,40.45,41.52,1210883.0
2023-09-29,41.99,42.44,40.74,41.23,1381232.0
2023-10-02,41.89,41.93,40.3,41.14,1313544.0
2023-10-03,41.16,41.43,39.04,39.44,1440139.0
2023-10-04,39.1,40.5,39.0,40.16,1198240.0
2023-10-05,40.08,40.48,39.25,40.02,855512.0
2023-10-06,40.28,42.05,38.84,41.7,1608749.0
2023-10-09,40.6,42.57,40.54,42.39,828503.0
2023-10-10,42.49,43.83,42.34,43.05,1076914.0
2023-10-11,43.12,43.86,42.63,43.86,972971.0
2023-10-12,43.92,44.18,42.0,42.81,1136297.0
2023-10-13,42.95,43.52,41.59,41.78,1035399.0
2023-10-16,42.18,43.695,41.99,43.37,924776.0
2023-10-17,43.31,43.99,42.3,43.06,1172151.0
2023-10-18,43.04,43.18,41.28,41.59,1252978.0
2023-10-19,41.2,42.3,40.16,40.24,2185873.0
2023-10-20,40.21,40.5,38.78,38.86,1340976.0
2023-10-23,38.72,39.82,38.01,39.11,1134832.0
2023-10-24,39.16,40.11,38.8,39.5,868253.0
2023-10-25,39.14,39.39,37.25,37.37,1027750.0
2023-10-26,37.12,37.76,36.22,37.11,1485260.0
2023-10-27,36.98,37.2,35.58,35.9,1465869.0
2023-10-30,36.61,37.52,36.36,37.15,1066716.0
2023-10-31,37.0,38.01,36.87,37.67,916702.0
2023-11-01,37.66,39.4,37.39,39.39,1692410.0
2023-11-02,39.42,41.4,39.41,41.08,1086606.0
2023-11-03,41.15,42.915,41.08,42.56,953894.0
2023-11-06,42.66,42.87,42.15,42.48,745002.0
2023-11-07,42.52,43.275,42.21,43.03,651095.0
2023-11-08,42.97,43.41,42.47,42.95,607664.0
2023-11-09,43.24,43.58,41.98,42.04,1121600.0
2023-11-10,42.25,44.21,41.95,43.75,758131.0
2023-11-13,43.75,44.26,43.41,43.98,641670.0
2023-11-14,44.13,46.86,43.83,46.65,988939.0
2023-11-15,47.03,47.37,46.48,46.64,672942.0
2023-11-16,46.71,47.07,46.22,46.9,838031.0
2023-11-17,47.15,47.38,46.57,46.95,570200.0
2023-11-20,46.97,48.37,46.93,48.15,445871.0
2023-11-21,48.0,48.02,47.3,47.56,542421.0
2023-11-22,47.74,48.69,47.74,48.16,558882.0
2023-11-24,48.32,48.49,48.16,48.34,174913.0
2023-11-27,48.07,48.37,47.92,48.15,462583.0
2023-11-28,47.91,48.59,47.69,48.2,464364.0
2023-11-29,48.48,49.22,47.94,48.13,538394.0
2023-11-30,48.14,48.69,47.61,48.47,947132.0
2023-12-01,48.78,49.69,48.175,49.63,803833.0
2023-12-04,49.1,49.1,47.88,48.39,749755.0
2023-12-05,48.31,48.89,47.95,48.63,721913.0
2023-12-06,48.88,49.32,47.84,47.9,745827.0
2023-12-07,47.85,49.23,47.77,48.88,769864.0
2023-12-08,48.94,49.81,48.22,49.62,1178111.0
2023-12-11,49.51,50.27,49.39,50.18,889096.0
2023-12-12,50.29,51.07,49.74,51.07,898745.0
2023-12-13,51.14,53.11,50.875,53.11,1623697.0
2023-12-14,53.44,54.01,52.5,53.26,1419813.0
2023-12-15,53.74,53.91,52.85,53.29,1034113.0
2023-12-18,53.53,54.36,53.42,53.97,712541.0
2023-12-19,54.19,55.01,54.13,54.91,590506.0
2023-12-20,54.74,55.21,52.27,52.77,1211329.0
2023-12-21,53.22,54.15,52.7,53.92,1504327.0
2023-12-22,53.77,54.89,53.65,54.09,847557.0
2023-12-26,54.58,55.26,54.4,55.02,271063.0
2023-12-27,54.95,55.29,54.69,55.26,599426.0
2023-12-28,55.31,55.52,55.1,55.33,419044.0
2023-12-29,55.45,55.49,54.05,54.61,657729.0
2024-01-02,55.06,55.06,53.05,53.78,934882.0
2024-01-03,53.58,53.6,52.26,52.51,1189792.0
2024-01-04,52.63,53.12,51.82,52.08,780322.0
2024-01-05,51.71,52.91,51.02,52.09,1086594.0
2024-01-08,51.85,54.33,51.48,54.14,1078749.0
2024-01-09,53.86,54.385,53.17,53.9,1018503.0
2024-01-10,54.03,55.22,53.9,55.0,596365.0
2024-01-11,55.52,55.52,53.36,54.62,1583557.0
2024-01-12,54.87,55.53,54.01,54.6,788116.0
2024-01-16,54.07,54.82,53.61,54.31,1119923.0
2024-01-17,53.42,53.79,52.5,53.3,745539.0
2024-01-18,53.4,54.87,53.315,54.78,1157984.0
2024-01-19,55.18,56.81,54.83,56.79,957920.0
2024-01-22,57.16,57.68,56.83,57.09,887385.0
2024-01-23,57.01,57.89,56.84,57.88,440736.0
2024-01-24,58.21,58.9,57.37,57.7,839403.0
2024-01-25,57.78,58.67,57.62,58.24,715559.0
2024-01-26,57.94,58.95,57.8,58.23,665985.0
2024-01-29,58.46,59.75,58.23,59.63,658572.0
2024-01-30,59.66,59.8,58.55,58.83,523796.0
2024-01-31,58.97,59.07,56.53,56.9,2366425.0
2024-02-01,57.18,60.0,56.88,59.64,1563689.0
2024-02-02,59.86,61.21,58.7,60.67,1436335.0
2024-02-05,60.34,60.51,59.07,59.82,892273.0
2024-02-06,60.09,60.53,59.71,60.41,697162.0
2024-02-07,60.4,62.06,60.24,61.81,599188.0
2024-02-08,61.81,62.07,61.54,61.92,482056.0
2024-02-09,62.14,63.14,61.98,62.94,625029.0
2024-02-12,62.89,63.81,62.51,62.69,632843.0
2024-02-13,62.31,62.38,58.99,60.32,1357189.0
2024-02-14,60.71,62.1,60.35,61.98,957275.0
2024-02-15,62.41,63.23,61.855,63.13,1174263.0
2024-02-16,63.33,63.54,61.81,61.86,981187.0
2024-02-20,61.63,61.72,60.2,60.88,885849.0
2024-02-21,60.5,62.13,59.84,62.12,804810.0
2024-02-22,63.28,65.28,63.09,64.97,1282048.0
2024-02-23,64.86,65.91,64.75,64.82,901289.0
2024-02-26,64.77,65.34,64.14,64.27,606387.0
2024-02-27,64.23,64.76,63.8,64.63,558775.0
2024-02-28,64.19,64.57,63.66,63.9,515817.0
2024-02-29,63.86,65.59,63.66,64.96,1082918.0
2024-03-01,65.39,66.93,64.67,66.5,1027204.0
2024-03-04,66.72,67.27,66.26,66.26,462419.0
2024-03-05,65.93,66.09,63.63,64.61,1034866.0
2024-03-06,65.04,66.36,64.97,65.4,1225005.0
2024-03-07,65.02,67.78,64.99,67.34,1098632.0
2024-03-08,67.64,68.68,65.885,66.14,2184203.0
2024-03-11,65.97,66.44,64.84,66.44,973528.0
2024-03-12,66.74,68.25,65.73,68.12,1541680.0
2024-03-13,68.23,68.27,67.1,67.9,924286.0
2024-03-14,68.18,68.53,65.98,66.88,1359112.0
2024-03-15,66.92,67.62,65.23,65.78,1223991.0
2024-03-18,66.3,67.96,66.3,66.75,986286.0
2024-03-19,66.72,68.14,65.94,67.94,999474.0
2024-03-20,67.8,70.39,67.63,70.33,1142260.0
2024-03-21,70.87,71.15,70.28,70.67,1083971.0
2024-03-22,70.41,70.74,69.84,69.87,622296.0
2024-03-25,69.78,69.95,69.26,69.65,700502.0
2024-03-26,69.81,70.33,68.77,69.28,748421.0
2024-03-27,69.46,70.71,69.13,70.27,1020116.0
2024-03-28,70.42,71.14,70.27,70.65,564791.0
2024-04-01,71.5,71.5,69.66,69.92,890664.0
2024-04-02,70.02,70.14,67.83,68.73,807727.0
2024-04-03,68.33,69.6,68.19,69.45,930417.0
2024-04-04,69.61,70.67,66.19,66.51,1763628.0
2024-04-05,66.9,69.21,66.3,68.66,1640580.0
2024-04-08,68.59,69.09,67.89,68.54,946637.0
2024-04-09,68.34,69.29,66.77,68.81,1109786.0
2024-04-10,68.97,69.62,65.6,66.3,1929043.0
2024-04-11,66.67,68.65,65.5,68.17,1090781.0
2024-04-12,68.24,68.3,64.55,64.96,1484846.0
2024-04-15,66.32,66.92,62.43,62.74,1579535.0
2024-04-16,62.75,63.5,61.91,62.86,1561613.0
2024-04-17,62.61,63.4,60.73,61.4,1722700.0
2024-04-18,61.99,62.51,60.4,60.55,1583560.0
2024-04-19,60.03,61.13,58.74,59.14,1467543.0
2024-04-22,59.71,61.77,59.29,60.68,1191514.0
2024-04-23,60.97,63.35,60.87,63.26,1010880.0
2024-04-24,63.34,63.56,61.5,61.73,1036855.0
2024-04-25,61.7,63.87,59.84,63.4,1448014.0
2024-04-26,63.47,64.4,62.88,63.84,858400.0
2024-04-29,64.33,64.72,63.41,64.38,605486.0
2024-04-30,64.21,64.4,60.75,61.05,905558.0
2024-05-01,60.93,63.63,60.49,61.38,1737590.0
2024-05-02,61.88,63.26,60.4,62.95,865758.0
2024-05-03,62.86,65.16,62.86,64.95,1005628.0
2024-05-06,64.88,66.7,64.88,66.64,460760.0
2024-05-07,66.57,67.44,66.52,66.94,749057.0
2024-05-08,66.96,67.08,66.08,66.86,324717.0
2024-05-09,66.49,68.16,66.29,68.12,381775.0
2024-05-10,68.34,68.91,67.73,67.87,510829.0
2024-05-13,68.49,68.92,67.76,68.16,331088.0
2024-05-14,68.27,69.33,67.24,69.24,573580.0
2024-05-15,69.19,71.88,69.03,71.83,626028.0
2024-05-16,71.78,72.3,70.97,71.14,567922.0
2024-05-17,71.16,71.46,70.58,71.4,524170.0
2024-05-20,71.63,72.26,71.29,71.58,325609.0
2024-05-21,71.69,72.22,71.24,72.19,312916.0
2024-05-22,72.04,72.18,70.6,71.99,621195.0
2024-05-23,72.57,73.1,69.34,69.85,1181143.0
2024-05-24,70.1,71.52,70.09,71.22,759054.0
2024-05-28,71.61,71.91,70.25,71.07,627845.0
2024-05-29,70.41,70.41,68.88,68.99,645009.0
2024-05-30,68.74,69.41,67.89,68.06,647827.0
2024-05-31,68.2,70.5,66.67,70.29,1119761.0
2024-06-03,70.24,70.88,68.27,70.22,1414371.0
2024-06-04,69.89,70.86,68.94,70.79,1032635.0
2024-06-05,70.79,73.22,70.63,73.16,731354.0
2024-06-06,73.09,73.33,72.22,72.95,468658.0
2024-06-07,73.07,73.86,71.58,72.43,720818.0
2024-06-10,72.35,73.45,71.97,73.1,455046.0
2024-06-11,73.14,73.93,71.82,73.86,389963.0
2024-06-12,73.98,76.75,73.93,75.99,987228.0
2024-06-13,76.1,76.65,74.88,76.07,370204.0
2024-06-14,75.92,76.2,74.5,75.9,407490.0
2024-06-17,76.31,78.47,75.6,78.11,466261.0
2024-06-18,77.79,78.65,77.67,78.58,335561.0
2024-06-20,79.23,79.4,77.02,77.79,664403.0
2024-06-21,77.57,77.88,76.78,77.34,587772.0
2024-06-24,77.8,78.39,76.43,76.73,605815.0
2024-06-25,76.55,77.63,76.46,77.43,400203.0
2024-06-26,77.88,77.88,76.47,76.83,307446.0
2024-06-27,77.16,78.11,77.0,78.1,378106.0
2024-06-28,78.29,79.43,76.31,77.23,819877.0
2024-07-01,77.15,77.515,76.11,77.08,459481.0
2024-07-02,76.53,78.82,76.06,78.49,434382.0
2024-07-03,78.69,79.97,78.5,79.69,270258.0
2024-07-05,79.99,81.3,79.6,80.9,424026.0
2024-07-08,80.99,81.86,80.89,81.86,325153.0
2024-07-09,81.88,82.17,81.45,81.66,252726.0
2024-07-10,81.74,84.12,81.74,83.86,335852.0
2024-07-11,83.92,84.92,81.485,81.8,899104.0
2024-07-12,81.95,84.86,81.23,83.1,741221.0
2024-07-15,83.9,85.35,83.06,84.23,2335667.0
2024-07-16,83.77,85.48,83.46,85.13,449012.0
2024-07-17,83.66,83.69,81.52,82.22,541513.0
2024-07-18,82.29,82.84,78.87,80.22,754593.0
2024-07-19,79.19,80.35,77.69,78.02,527415.0
2024-07-22,78.86,80.79,78.8,80.36,605187.0
2024-07-23,79.82,81.41,79.05,79.12,413769.0
2024-07-24,78.47,78.58,74.23,75.2,963069.0
2024-07-25,74.4,77.18,73.06,73.78,1347146.0
2024-07-26,74.78,76.95,74.64,75.83,674343.0
2024-07-29,76.11,77.21,75.09,75.39,593017.0
2024-07-30,76.35,76.98,73.1,74.91,510104.0
2024-07-31,76.74,79.59,76.47,79.48,808308.0
2024-08-01,78.95,80.05,73.5,74.31,1455970.0
2024-08-02,72.92,73.05,68.97,70.1,1663090.0
2024-08-05,65.91,67.01,60.8,66.46,2024919.0
2024-08-06,66.38,69.12,64.72,65.42,822014.0
2024-08-07,67.27,69.86,63.39,63.69,569503.0
2024-08-08,64.08,69.97,64.0,69.78,602299.0
2024-08-09,69.65,70.83,68.36,70.3,387759.0
2024-08-12,70.75,71.31,69.43,70.37,542755.0
2024-08-13,71.26,73.88,70.32,73.73,582408.0
2024-08-14,73.75,74.93,72.98,74.38,513980.0
2024-08-15,75.11,78.66,74.39,78.49,510964.0
2024-08-16,78.52,79.01,77.0,78.69,323396.0
2024-08-19,78.6,80.95,78.22,80.81,356091.0
2024-08-20,81.25,81.46,80.0,80.49,321505.0
2024-08-21,80.61,81.96,80.2,81.55,404211.0
2024-08-22,81.55,82.4,78.85,79.76,621462.0
2024-08-23,80.16,82.24,79.78,81.95,751998.0
2024-08-26,82.2,82.57,80.47,80.98,426230.0
2024-08-27,81.35,81.73,80.13,81.15,334235.0
2024-08-28,81.55,81.81,78.1,78.4,520621.0
2024-08-29,79.9,82.33,79.56,80.25,687449.0
2024-08-30,81.02,82.45,79.43,82.2,592447.0
2024-09-03,82.31,82.35,76.0,76.73,972056.0
2024-09-04,76.28,78.06,76.0,76.16,535773.0
2024-09-05,76.97,77.76,75.0,75.8,416251.0
2024-09-06,74.6,76.77,71.1,71.43,850690.0
2024-09-09,73.43,75.0,73.0,74.8,425779.0
2024-09-10,74.68,75.59,73.24,75.28,361193.0
2024-09-11,75.0,78.12,71.77,77.69,765837.0
2024-09-12,77.97,79.82,77.04,79.76,506398.0
2024-09-13,79.83,81.29,79.7,80.56,449103.0
2024-09-16,80.89,81.3,79.94,81.09,304447.0
2024-09-17,81.66,82.76,80.3,81.43,302837.0
2024-09-18,81.27,83.66,80.28,81.99,533931.0
2024-09-19,83.4,85.4,83.37,84.26,603588.0
2024-09-20,84.4,84.55,82.74,83.66,521628.0
2024-09-23,84.25,84.98,83.96,84.39,253997.0
2024-09-24,85.12,85.47,83.76,85.37,357634.0
2024-09-25,84.73,85.41,84.1,84.96,299792.0
2024-09-26,86.56,86.75,84.49,85.63,416437.0
2024-09-27,85.15,86.33,84.66,84.8,320809.0
2024-09-30,85.07,86.37,83.58,85.72,372973.0
2024-10-01,86.08,86.3,82.6,83.28,521030.0
2024-10-02,83.43,84.34,82.26,84.07,266072.0
2024-10-03,82.64,84.23,82.34,83.34,397490.0
2024-10-04,83.7,85.71,83.43,85.34,459264.0
2024-10-07,84.63,85.06,82.46,83.12,590127.0
2024-10-08,83.22,85.77,83.2,85.31,329028.0
2024-10-09,84.98,87.53,84.73,87.12,300082.0
2024-10-10,86.88,87.43,86.05,87.07,324689.0
2024-10-11,86.64,88.56,86.32,87.89,270773.0
2024-10-14,88.45,90.82,88.37,90.59,280647.0
2024-10-15,90.4,90.64,87.74,88.29,540717.0
2024-10-16,88.39,89.61,87.89,89.03,270964.0
2024-10-17,90.01,91.15,89.26,89.6,327401.0
2024-10-18,89.95,90.7,89.43,90.43,272245.0
2024-10-21,90.28,90.41,88.46,89.92,297150.0
2024-10-22,89.27,90.21,88.33,89.56,296702.0
2024-10-23,89.51,89.52,85.58,87.44,378754.0
2024-10-24,88.3,88.6,86.54,87.7,356190.0
2024-10-25,88.21,90.02,87.01,87.01,438870.0
2024-10-28,88.85,89.29,88.16,88.25,287722.0
2024-10-29,88.42,89.42,87.22,89.32,272820.0
2024-10-30,89.16,89.4,86.93,86.93,259370.0
2024-10-31,85.88,86.45,82.63,83.0,684344.0
2024-11-01,83.48,85.64,83.4,83.76,368186.0
2024-11-04,83.96,84.43,82.27,83.06,286309.0
2024-11-05,83.54,86.47,83.3,86.34,288220.0
2024-11-06,91.94,92.89,89.97,92.38,535361.0
2024-11-07,92.91,95.09,92.83,94.8,296338.0
2024-11-08,94.82,96.38,94.08,95.66,253076.0
2024-11-11,96.42,97.04,95.15,95.77,270832.0
2024-11-12,95.91,96.2,93.85,94.69,292296.0
2024-11-13,94.78,96.15,94.11,95.33,301192.0
2024-11-14,95.48,95.62,92.78,92.94,251379.0
2024-11-15,91.86,92.28,88.75,89.75,406743.0
2024-11-18,90.07,91.32,89.2,90.58,240866.0
2024-11-19,90.65,92.01,87.82,91.93,376072.0
2024-11-20,92.21,92.45,89.0,91.78,324249.0
2024-11-21,90.94,93.84,90.26,92.75,442403.0
2024-11-22,93.12,94.33,91.85,94.33,274467.0
2024-11-25,95.18,96.45,93.79,94.28,305090.0
2024-11-26,94.67,96.66,94.63,96.54,247285.0
2024-11-27,96.0,96.42,94.68,95.6,216967.0
2024-11-29,96.17,97.46,95.58,97.26,139198.0
2024-12-02,96.64,97.9,96.45,97.72,230185.0
2024-12-03,97.72,98.01,96.95,97.94,180623.0
2024-12-04,98.38,99.57,98.21,99.27,356807.0
2024-12-05,99.31,99.85,98.61,98.61,143218.0
2024-12-06,98.91,100.04,98.5,99.2,326460.0
2024-12-09,99.69,99.69,97.57,97.69,360711.0
2024-12-10,97.6,98.3,96.6,97.14,214118.0
2024-12-11,97.16,99.6,97.07,98.84,168320.0
2024-12-12,98.74,98.94,97.44,97.84,197032.0
2024-12-13,98.42,98.85,96.76,97.29,219551.0
2024-12-16,97.58,99.11,97.54,98.2,269898.0
2024-12-17,97.63,98.05,96.71,97.19,343621.0
2024-12-18,97.69,98.39,87.23,88.86,769375.0
2024-12-19,89.9,91.65,88.41,88.5,607737.0
2024-12-20,87.14,93.7,85.55,91.9,488967.0
2024-12-23,92.15,93.24,89.73,92.96,205654.0
2024-12-24,93.0,96.23,93.0,95.88,216197.0
2024-12-26,95.31,96.54,94.46,95.92,277735.0
2024-12-27,94.93,95.26,90.85,92.9,491073.0
2024-12-30,92.13,92.28,87.9,89.47,534520.0
2024-12-31,89.6,90.83,87.9,88.78,367090.0
2025-01-02,89.85,91.29,86.09,87.79,619781.0
2025-01-03,88.49,91.43,88.35,91.14,471895.0
2025-01-06,92.0,94.72,91.88,92.9,384723.0
2025-01-07,92.79,93.79,88.66,89.73,372359.0
2025-01-08,90.32,90.47,87.95,89.43,281605.0
2025-01-10,89.23,89.76,84.8,85.43,561774.0
2025-01-13,83.91,87.11,83.25,86.85,354571.0
2025-01-14,87.55,87.94,84.7,86.55,353450.0
2025-01-15,86.52,91.58,86.47,91.27,414895.0
2025-01-16,92.02,92.02,89.93,90.4,250510.0
2025-01-17,91.21,93.94,91.17,93.0,282011.0
2025-01-21,93.89,96.15,93.61,96.03,266896.0
2025-01-22,96.69,97.88,96.59,97.0,232729.0
2025-01-23,96.49,98.77,96.35,98.5,262394.0
2025-01-24,98.45,99.22,97.3,97.61,205972.0
2025-01-27,92.23,94.27,89.07,93.94,458248.0
2025-01-28,94.47,96.42,92.65,95.69,358382.0
2025-01-29,96.72,96.72,93.5,94.7,395829.0
2025-01-30,96.16,96.93,94.2,96.6,357577.0
2025-01-31,97.2,98.46,94.24,94.5,435095.0
2025-02-03,90.59,94.51,89.23,94.18,520027.0
2025-02-04,91.94,94.7,91.85,93.55,282779.0
2025-02-05,92.97,95.79,92.55,95.73,191326.0
2025-02-06,96.22,96.63,94.885,95.99,278471.0
2025-02-07,96.24,97.33,93.5,93.75,447242.0
2025-02-10,94.71,96.01,94.6,95.07,301374.0
2025-02-11,95.01,96.16,94.27,95.88,169338.0
2025-02-12,95.54,96.05,92.55,95.48,249984.0
2025-02-13,94.16,98.02,94.09,97.85,305423.0
2025-02-14,97.97,98.405,97.32,97.8,184393.0
2025-02-18,98.74,99.0,97.14,98.6,218061.0
2025-02-19,98.74,99.44,97.68,98.87,229972.0
2025-02-20,98.61,98.88,96.41,98.09,238423.0
2025-02-21,98.02,98.28,92.7,93.01,321064.0
2025-02-24,94.17,94.66,91.3,91.34,309411.0
2025-02-25,90.87,91.97,88.09,90.84,401618.0
2025-02-26,91.34,92.61,89.11,90.42,309511.0
2025-02-27,91.7,92.11,85.805,86.46,393292.0
2025-02-28,86.58,90.11,84.74,89.7,495675.0
2025-03-03,89.93,91.37,83.47,85.49,460980.0
2025-03-04,85.62,85.8,80.06,84.02,487913.0
2025-03-05,83.42,85.47,80.44,84.51,499369.0
2025-03-06,82.59,83.4,79.04,80.89,595087.0
2025-03-07,80.84,82.09,77.15,81.05,417991.0
2025-03-10,80.2,80.2,72.78,74.02,736485.0
2025-03-11,75.39,75.97,71.44,73.74,469670.0
2025-03-12,73.89,76.75,72.11,74.8,447433.0
2025-03-13,72.72,74.46,70.46,72.17,381405.0
2025-03-14,72.19,75.88,72.19,75.08,352563.0
2025-03-17,74.12,78.24,74.12,77.33,511018.0
2025-03-18,76.7,77.27,73.95,74.74,437802.0
2025-03-19,74.6,78.6,74.54,77.67,642384.0
2025-03-20,77.92,78.47,75.23,76.51,402143.0
2025-03-21,76.14,76.86,74.0,76.68,467451.0
2025-03-24,78.52,80.93,78.49,80.47,464198.0
2025-03-25,80.17,81.45,80.01,81.27,349469.0
2025-03-26,80.76,81.16,77.02,77.56,616995.0
2025-03-27,77.88,78.86,76.42,77.09,367770.0
2025-03-28,76.34,77.22,71.8,71.91,647319.0
2025-03-31,71.17,74.5,69.12,73.08,607566.0
2025-04-01,73.25,75.35,71.72,74.98,821205.0
2025-04-02,73.88,78.46,67.0,68.13,640137.0
2025-04-03,69.33,69.86,64.14,64.71,616826.0
2025-04-04,63.78,64.02,52.5,53.28,1667462.0
2025-04-07,46.38,58.94,45.88,54.55,2296640.0
2025-04-08,55.83,59.48,47.95,48.69,1437112.0
2025-04-09,50.98,66.05,47.07,65.63,3667062.0
2025-04-10,61.83,62.97,52.66,57.15,1030347.0
2025-04-11,58.45,61.85,56.47,60.94,472340.0
2025-04-14,63.65,64.61,61.05,62.03,330824.0
2025-04-15,63.06,64.23,60.5,60.79,317787.0
2025-04-16,59.42,62.22,56.25,58.16,387484.0
2025-04-17,59.97,59.98,57.5,58.46,396998.0
2025-04-21,56.42,56.92,52.33,54.77,292875.0
2025-04-22,55.56,61.75,55.17,61.43,378142.0
2025-04-23,61.46,64.29,60.5,61.46,833039.0
2025-04-24,60.2,65.57,59.52,65.41,263203.0
2025-04-25,65.77,66.58,63.74,66.35,357938.0
2025-04-28,65.47,67.18,64.13,66.32,271454.0
2025-04-29,66.93,67.86,65.2,66.96,259452.0
2025-04-30,67.07,69.34,62.79,69.26,375649.0
2025-05-01,69.62,71.0,68.08,68.45,311937.0
2025-05-02,69.8,72.52,69.27,71.92,401744.0
2025-05-05,70.66,71.9,70.01,70.41,230487.0
2025-05-06,69.51,71.24,68.21,70.55,319700.0
2025-05-07,70.15,70.72,67.9,69.7,491674.0
2025-05-08,71.36,73.17,69.97,70.92,489569.0
2025-05-09,71.27,72.26,70.3,71.02,307983.0
2025-05-12,76.16,78.25,75.63,77.63,435624.0
2025-05-13,76.9,80.29,76.83,79.59,455164.0
2025-05-14,79.65,80.22,78.87,79.09,553831.0
2025-05-15,78.38,81.02,77.94,80.7,390841.0
2025-05-16,81.05,82.385,79.7,79.75,330311.0
2025-05-19,79.42,82.93,78.95,82.72,358409.0
2025-05-20,81.96,82.27,80.34,81.43,166288.0
2025-05-21,80.55,81.52,77.1,77.63,390616.0
2025-05-22,77.89,78.95,76.38,77.3,208778.0
2025-05-23,77.9,78.09,73.57,75.9,381062.0
2025-05-27,79.42,80.8,77.96,80.73,234853.0
2025-05-28,80.16,82.9,78.9,82.48,277032.0
2025-05-29,83.4,83.43,78.52,79.39,227416.0
2025-05-30,79.79,80.45,77.26,79.02,390244.0
2025-06-02,78.48,81.38,78.0,80.57,311220.0
2025-06-03,79.92,82.85,79.59,82.61,336404.0
2025-06-04,82.81,83.18,82.15,82.16,277097.0
2025-06-05,82.93,83.9,80.38,81.09,554779.0
2025-06-06,82.02,84.25,81.76,83.7,366294.0
2025-06-09,83.7,84.42,83.29,83.85,405722.0
2025-06-10,83.48,85.33,83.18,84.93,561413.0
2025-06-11,84.64,86.41,83.55,84.14,671535.0
2025-06-12,83.29,85.39,82.8,83.92,608727.0
2025-06-13,82.42,84.51,81.84,82.6,1015817.0
2025-06-16,83.53,85.52,83.26,83.26,583861.0
2025-06-17,83.21,84.37,81.86,82.04,536425.0
2025-06-18,83.16,84.07,82.11,82.38,537039.0
2025-06-20,82.22,84.0,81.26,82.15,454058.0
2025-06-23,82.26,85.72,80.82,85.64,656648.0
2025-06-24,86.31,87.45,85.6,86.91,683344.0
2025-06-25,86.91,87.46,86.26,86.9,828368.0
2025-06-26,87.5,89.3,87.42,89.0,440818.0
2025-06-27,89.57,90.8,88.41,89.9,865641.0
2025-06-30,91.15,92.02,90.22,91.2,346118.0
2025-07-01,91.04,91.82,90.36,91.36,370181.0
2025-07-02,91.59,92.64,90.75,92.58,442508.0
2025-07-03,92.77,94.98,92.44,94.4,404241.0
2025-07-07,93.49,94.14,91.17,92.08,1151931.0
2025-07-08,92.96,93.03,91.92,92.23,629961.0
2025-07-09,92.35,94.19,92.25,93.76,589202.0
2025-07-10,93.31,95.12,93.31,94.74,309437.0
2025-07-11,94.01,94.135,92.63,93.36,439937.0
2025-07-14,92.59,94.24,92.42,93.73,381139.0
2025-07-15,94.86,95.49,92.05,92.35,421126.0
2025-07-16,92.33,93.96,91.0,93.28,598331.0
2025-07-17,93.84,95.78,93.54,95.78,416765.0
2025-07-18,95.67,96.0,94.65,95.15,414402.0
2025-07-21,95.8,96.93,95.42,95.79,352660.0
2025-07-22,95.36,96.43,94.46,96.43,422177.0
2025-07-23,96.4,98.43,96.1,98.27,646630.0
2025-07-24,97.94,98.96,97.91,98.6,345362.0
2025-07-25,98.4,99.54,98.25,99.4,315833.0
2025-07-28,100.28,100.31,98.59,99.39,392563.0
2025-07-29,99.85,100.07,97.995,98.5,463070.0
2025-07-30,98.79,100.21,96.68,100.14,563044.0
2025-07-31,101.12,101.21,95.94,96.38,859147.0
2025-08-01,94.56,95.0,90.93,91.85,1312942.0
2025-08-04,93.45,96.74,93.39,96.43,476788.0
2025-08-05,96.39,97.04,94.2,94.39,585030.0
2025-08-06,96.15,97.49,94.76,97.22,654927.0
2025-08-07,97.87,99.29,95.15,97.01,658705.0
2025-08-08,97.1,99.27,97.1,99.27,509485.0
2025-08-11,98.81,99.54,97.55,98.0,455607.0
2025-08-12,98.51,101.4,97.83,101.36,668745.0
2025-08-13,101.72,102.86,101.23,102.23,508149.0
2025-08-14,102.11,102.56,100.59,102.5,602591.0
2025-08-15,103.03,103.15,100.99,101.4,496528.0
2025-08-18,101.19,101.64,100.8,101.58,358783.0
2025-08-19,101.01,101.7,99.03,99.33,512996.0
2025-08-20,99.08,99.49,96.42,98.64,671927.0
2025-08-21,98.85,98.94,96.81,98.05,541479.0
2025-08-22,97.74,102.57,97.74,102.13,532106.0
2025-08-25,101.56,101.98,100.64,100.89,325173.0
2025-08-26,100.08,102.2,100.06,102.18,309570.0
2025-08-27,102.0,102.89,100.91,101.69,377555.0
2025-08-28,102.94,103.87,101.91,103.4,400732.0
2025-08-29,102.97,103.07,100.73,101.61,439020.0
2025-09-02,99.49,100.34,96.81,99.79,595214.0
2025-09-03,100.1,101.14,99.4,100.79,515469.0
2025-09-04,101.2,103.65,100.78,103.59,440828.0
2025-09-05,103.9,104.825,100.58,101.92,924282.0
2025-09-08,102.82,103.64,102.41,103.28,473500.0
2025-09-09,103.57,104.6,102.37,104.16,459816.0
2025-09-10,104.81,105.92,103.97,105.03,636272.0
2025-09-11,105.25,107.63,104.52,107.39,532093.0
2025-09-12,107.02,107.94,106.59,107.04,588336.0
2025-09-15,107.63,108.85,107.09,108.66,397322.0
2025-09-16,109.14,109.59,107.91,108.43,284525.0
2025-09-17,108.39,109.07,105.48,108.92,534749.0
2025-09-18,109.8,110.73,108.38,109.95,456259.0
2025-09-19,109.29,111.29,109.24,110.62,473443.0
2025-09-22,110.0,112.63,109.74,112.36,309263.0
2025-09-23,112.29,112.64,109.95,110.76,464037.0
2025-09-24,110.91,110.98,108.545,109.42,398205.0
2025-09-25,109.3,109.48,105.91,107.65,669183.0
2025-09-26,108.14,109.72,107.55,109.6,391613.0
2025-09-29,110.76,111.38,109.47,110.35,266056.0
2025-09-30,109.72,111.79,109.3,110.91,369669.0
2025-10-01,109.01,113.13,108.92,112.58,475253.0
2025-10-02,113.1,113.8,111.8,113.14,350075.0
2025-10-03,113.92,114.68,112.41,113.02,630726.0
2025-10-06,113.62,114.55,113.02,113.63,523650.0
2025-10-07,113.74,114.83,112.09,112.8,528393.0
2025-10-08,113.3,115.26,112.95,115.11,454690.0
2025-10-09,114.79,115.16,112.78,114.17,529209.0
2025-10-10,114.08,115.06,101.39,103.94,687573.0
2025-10-13,109.25,109.97,107.24,109.02,712667.0
2025-10-14,106.32,110.56,104.31,109.02,1117361.0
2025-10-15,110.24,112.69,107.13,110.03,824511.0
2025-10-16,111.04,111.93,106.19,106.78,1447738.0
2025-10-17,103.94,110.32,103.3,109.93,1560052.0
2025-10-20,110.97,113.51,110.07,113.3,658737.0
2025-10-21,112.79,113.88,112.37,112.95,579093.0
2025-10-22,113.49,113.52,108.99,110.74,1356891.0
2025-10-23,111.72,113.64,110.45,113.38,548203.0
2025-10-24,113.79,116.46,113.66,115.91,519912.0
2025-10-27,118.64,120.3,118.32,120.2,682214.0
2025-10-28,119.7,121.8,119.6,120.95,855372.0
2025-10-29,121.81,122.19,118.59,120.6,894384.0
2025-10-30,120.9,121.01,116.93,118.87,1224381.0
2025-10-31,119.69,120.32,116.55,118.11,1152757.0
2025-11-03,118.84,119.92,116.87,118.37,410123.0
2025-11-04,115.06,116.85,113.65,114.02,762095.0
2025-11-05,114.04,117.2,112.94,115.78,855480.0
2025-11-06,114.99,116.55,110.96,112.65,1194278.0
2025-11-07,112.3,112.62,107.14,112.58,1587293.0
2025-11-10,114.9,117.57,113.99,117.18,882365.0
2025-11-11,116.47,118.3,115.8,117.96,792811.0
2025-11-12,119.01,119.36,116.92,117.12,676947.0
2025-11-13,118.52,118.58,111.47,112.58,1235310.0
2025-11-14,111.41,113.94,107.74,112.45,1774928.0
2025-11-17,114.14,114.18,107.17,109.2,1456840.0
2025-11-18,107.98,108.6,104.06,106.53,2545916.0
2025-11-19,106.29,110.62,105.46,110.57,1237859.0
2025-11-20,111.39,113.58,101.74,102.74,4373389.0
2025-11-21,103.54,107.96,100.83,105.8,2601948.0
2025-11-24,107.1,110.62,105.55,110.36,881904.0
2025-11-25,109.61,113.63,107.86,113.2,1009678.0
2025-11-26,114.04,116.34,113.41,115.49,737679.0
2025-11-28,116.42,117.4,115.68,117.21,349857.0
2025-12-01,115.24,116.875,114.32,115.4,510745.0
2025-12-02,115.66,117.25,114.97,116.37,538853.0
2025-12-03,116.59,117.78,115.0,117.22,771232.0
2025-12-04,117.08,118.1,115.92,117.31,727091.0
2025-12-05,118.1,119.45,117.07,118.17,632564.0
2025-12-08,118.47,118.84,115.9,117.31,501038.0
2025-12-09,117.34,117.81,116.39,116.54,644619.0
2025-12-10,116.91,119.63,115.7,118.38,1278838.0
2025-12-11,116.23,120.71,116.07,119.62,997958.0
2025-12-12,119.81,119.86,114.39,115.7,1798056.0
2025-12-15,116.88,117.76,114.45,114.91,810903.0
2025-12-16,114.02,115.84,112.22,113.75,951578.0
2025-12-17,114.62,115.49,110.29,110.8,1289317.0
2025-12-18,111.38,114.95,111.36,112.89,739601.0
2025-12-19,113.91,116.11,113.0,116.11,551101.0
2025-12-22,116.73,118.22,116.72,118.09,240054.0
2025-12-23,117.94,119.65,117.22,119.3,439095.0
2025-12-24,118.9,120.6,118.89,120.15,222791.0
2025-12-26,120.15,120.96,119.71,120.09,318567.0
2025-12-29,119.27,119.64,118.01,118.73,348104.0
2025-12-30,118.95,119.26,118.19,118.27,353623.0
